company_name,company_id,investment_type,industry,cash_rate,pik_rate,reference_rate,spread,acquisition_date,maturity_date,principal_amount,amortized_cost,fair_value,percent_of_net_assets,cost,commitment_limit,undrawn_commitment,data_quality_flags,ticker,filing_date
PPT Management Holdings LLC,co_50788b1829aa,First Lien,Pharmaceuticals & Biotechnology,7.75%,0.75%,LIBOR,6.00%,2016-12-15,2022-12-16,27902,,,27804,,,,,CGBD,2020-08-05
PricewaterhouseCoopers Public Sector LLP,co_04f1ae087683,First Lien,Aerospace & Defense,3.40%,,LIBOR,3.25%,2018-05-01,2023-05-01,2000,,,1910,,,1906,,CGBD,2020-08-05
Product Quest Manufacturing LLC,co_75f917eef654,First Lien,Packaging,10.00%,,LIBOR,6.75%,2017-09-21,2020-03-31,840,,,840,,,441,,CGBD,2020-08-05
Propel Insurance Agency LLC,co_789f41331519,First Lien,Financial Services,5.25%,,LIBOR,4.25%,2018-06-01,2024-06-01,2351,,,2337,,,2315,,CGBD,2020-08-05
QW Holding Corp.,co_70351f8f3641,First Lien,Environmental Services,7.25%,,LIBOR,6.25%,2016-08-31,2022-08-31,43343,,,42894,,,41115,,CGBD,2020-08-05
Redwood Services Group LLC,co_09803b676c7a,First Lien,Other,7.00%,,LIBOR,6.00%,2018-11-13,2023-06-06,8385,,,8329,,,8149,,CGBD,2020-08-05
Regency Entertainment Inc.,co_d573e63e832d,First Lien,Manufacturing,7.75%,,LIBOR,6.75%,2020-05-22,2025-10-22,20000,,,19606,,,19600,,CGBD,2020-08-05
Riveron Acquisition Holdings Inc.,co_1df0c71bef09,First Lien,Financial Services,7.00%,,LIBOR,6.00%,2019-05-22,2025-05-22,19868,,,19535,,,19735,,CGBD,2020-08-05
RSC Acquisition Inc.,co_b00957f0c7af,First Lien,Financial Services,6.50%,,LIBOR,5.50%,2019-11-01,2026-11-01,13085,,,12738,,,13139,,CGBD,2020-08-05
Sapphire Convention Inc.,co_7b43d60f9791,First Lien,Telecommunications,6.25%,,LIBOR,5.25%,2018-11-20,2025-11-20,32467,,,31953,,,28233,,CGBD,2020-08-05
Smile Doctors LLC,co_54cc4c84644e,First Lien,Pharmaceuticals & Biotechnology,7.00%,,LIBOR,6.00%,2017-10-06,2022-10-06,23754,,,23678,,,22785,,CGBD,2020-08-05
Sovos Brands Intermediate Inc.,co_5e20ef1a7fb3,First Lien,Food & Beverage,5.05%,,LIBOR,4.75%,2018-11-16,2025-11-20,19799,,,19628,,,19353,,CGBD,2020-08-05
SPay Inc.,co_9f1b40919cf1,First Lien,Food & Beverage,8.75%,5.45%,LIBOR,2.30%,2018-06-15,2024-06-17,20668,,,20367,,,16847,,CGBD,2020-08-05
Superior Health Linens LLC,co_d761c53e9903,First Lien,Business Services,7.50%,,LIBOR,6.50%,2016-09-30,2021-09-30,21739,,,21640,,,21345,,CGBD,2020-08-05
Surgical Information Systems LLC,co_b5b4c6e145e2,First Lien,Other,6.00%,,LIBOR,5.00%,2017-04-24,2023-04-24,26168,,,26029,,,25723,,CGBD,2020-08-05
T2 Systems Inc.,co_84be020570c7,First Lien,Transportation,7.75%,,LIBOR,6.75%,2016-09-28,2022-09-28,34589,,,34184,,,34408,,CGBD,2020-08-05
Tank Holding Corp.,co_b2a29c9530cb,First Lien,Other,4.18%,,LIBOR,4.00%,2019-03-26,2024-03-26,20,,,20,,,17,,CGBD,2020-08-05
TCFI Aevex LLC,co_ffe25c80a363,First Lien,Aerospace & Defense,7.00%,,LIBOR,6.00%,2020-03-18,2026-03-18,8305,,,8133,,,8094,,CGBD,2020-08-05
The Leaders Romans Bidco Limited (United Kingdom) Term Loan B,co_fa621c17bd0f,First Lien,Financial Services,11.00%,3.50%,LIBOR,6.75%,2019-07-23,2024-06-30,20074,,,24453,,,,,CGBD,2020-08-05
The Leaders Romans Bidco Limited (United Kingdom) Term Loan C,co_fa621c17bd0f,First Lien,Financial Services,11.00%,3.50%,LIBOR,6.75%,2019-07-23,2024-06-30,3335,,,4227,,,,,CGBD,2020-08-05
Trump Card LLC,co_a898c0324cd3,First Lien,Transportation,6.50%,,LIBOR,5.50%,2018-06-26,2022-04-21,7632,,,7603,,,7328,,CGBD,2020-08-05
TSBPurchaser Inc.,co_2c471f1596be,First Lien,Media & Entertainment,7.00%,,LIBOR,6.00%,2018-05-14,2024-05-14,28154,,,27644,,,27564,,CGBD,2020-08-05
Turbo Buyer Inc.,co_2980d4877f8b,First Lien,Automotive,6.75%,,LIBOR,5.75%,2019-12-02,2025-12-02,34812,,,34005,,,34371,,CGBD,2020-08-05
Tweddle Group Inc.,co_9c73637fdbe8,First Lien,Media & Entertainment,5.50%,,LIBOR,4.50%,2018-09-17,2023-09-17,1825,,,1805,,,1777,,CGBD,2020-08-05
Achilles Acquisition LLC,co_615d333c037d,First Lien,Financial Services,4.19%,,LIBOR,4.00%,,2025-10-13,29715,,,4227,,,,,CGBD,2020-08-05
Acrisure LLC,co_0a85c2baab83,First Lien,Financial Services,3.68%,,LIBOR,3.50%,,2027-02-15,25763,,,25733,,,,,CGBD,2020-08-05
Advanced Instruments LLC,co_e8aac0d807bc,First Lien,Pharmaceuticals & Biotechnology,6.25%,,LIBOR,5.25%,,2022-10-31,33502,,,33441,,,,,CGBD,2020-08-05
Alku LLC,co_2f494782761d,First Lien,Business Services,6.38%,,LIBOR,5.50%,,2026-07-29,24938,,,24701,,,,,CGBD,2020-08-05
Alpha Packaging Holdings Inc.,co_6693df9b850c,First Lien,Packaging,7.00%,,LIBOR,6.00%,,2021-11-12,16597,,,16597,,,,,CGBD,2020-08-05
AmeriLife Holdings LLC,co_79b70b5ba514,First Lien,Financial Services,4.17%,,LIBOR,4.00%,,2027-03-18,8864,,,8839,,,,,CGBD,2020-08-05
Analogic Corp.,co_bd17688157fc,First Lien,Other,6.25%,,LIBOR,5.25%,,2024-06-22,18952,,,18929,,,,,CGBD,2020-08-05
Anchor Packaging Inc.,co_39760daf4343,First Lien,Packaging,3.93%,,LIBOR,3.75%,,2026-07-18,24846,,,24754,,,,,CGBD,2020-08-05
API Technologies Corp.,co_1df65c654075,First Lien,Aerospace & Defense,4.43%,,LIBOR,4.25%,,2026-05-09,14850,,,14783,,,,,CGBD,2020-08-05
Aptean Inc.,co_181021ae68a3,First Lien,Software,4.43%,,LIBOR,4.25%,,2026-04-23,12344,,,12285,,,,,CGBD,2020-08-05
AQA Acquisition Holding Inc.,co_c8c7125ba9de,First Lien,Other,5.25%,,LIBOR,4.25%,,2023-05-24,18857,,,18840,,,,,CGBD,2020-08-05
Astra Acquisition Corp.,co_fb9761b6b76a,First Lien,Software,6.50%,,LIBOR,5.50%,,2027-03-01,28928,,,28504,,,,,CGBD,2020-08-05
Avalign Technologies Inc.,co_5d2ecdd7f044,First Lien,Pharmaceuticals & Biotechnology,5.57%,,LIBOR,4.50%,,2025-12-22,14666,,,14545,,,,,CGBD,2020-08-05
Big Ass Fans LLC,co_367716bbc94e,First Lien,Other,4.75%,,LIBOR,3.75%,,2024-05-21,13837,,,13776,,,,,CGBD,2020-08-05
BK Medical Holding Company Inc.,co_bfc777c4dfa7,First Lien,Pharmaceuticals & Biotechnology,6.25%,,LIBOR,5.25%,,2024-06-22,24287,,,24043,,,,,CGBD,2020-08-05
Brooks Equipment Company LLC,co_f2b749b9f06f,First Lien,Construction,6.00%,,LIBOR,5.00%,,2021-05-01,5066,,,5063,,,,,CGBD,2020-08-05
Chemical Computing Group ULC Canada,co_71c79ae59091,First Lien,Software,6.00%,,LIBOR,5.00%,,2023-08-30,14127,,,13332,,,,,CGBD,2020-08-05
Clarity Telecom LLC,co_1997d149f8a0,First Lien,Media & Entertainment,4.43%,,LIBOR,4.25%,,2026-08-30,14888,,,14844,,,,,CGBD,2020-08-05
Clearent Newco LLC,co_a99afdb5ae0d,First Lien,Other,6.50%,,LIBOR,5.50%,,2025-03-20,31271,,,30995,,,,,CGBD,2020-08-05
Datto Inc.,co_d8f1ea5ac7fa,First Lien,Other,4.43%,,LIBOR,4.25%,,2026-04-02,12375,,,12316,,,,,CGBD,2020-08-05
DecoPac Inc.,co_0a3f8d7baef7,First Lien,Consumer Products,5.25%,,LIBOR,4.25%,,2024-09-29,12765,,,12672,,,,,CGBD,2020-08-05
DTI Holdco Inc.,co_65ac87d9cdab,First Lien,Other,5.75%,,LIBOR,4.75%,,2023-09-30,18788,,,18688,,,,,CGBD,2020-08-05
Eliassen Group LLC,co_6f2538aae5b8,First Lien,Business Services,4.68%,,LIBOR,4.50%,,2024-11-05,7562,,,7532,,,,,CGBD,2020-08-05
EvolveIP LLC,co_878cb485e893,First Lien,Telecommunications,6.75%,,LIBOR,5.75%,,2023-06-07,19899,,,19850,,,,,CGBD,2020-08-05
Exactech Inc.,co_ba5d8204348a,First Lien,Pharmaceuticals & Biotechnology,4.75%,,LIBOR,3.75%,,2025-02-14,21639,,,21514,,,,,CGBD,2020-08-05
Excel Fitness Holdings Inc.,co_f60ab2c38c7b,First Lien,Food & Beverage,6.25%,,LIBOR,5.25%,,2025-10-07,24875,,,24652,,,,,CGBD,2020-08-05
Frontline Technologies Holdings LLC,co_38d6040ef116,First Lien,Software,6.75%,,LIBOR,5.75%,,2023-09-18,14962,,,14167,,,,,CGBD,2020-08-05
Mold-Rite Plastics LLC,co_5c11b797edb0,First Lien,Chemicals,5.32%,,LIBOR,4.25%,,2021-12-14,14557,,,7532,,,,,CGBD,2020-08-05
MSHC Inc.,co_44446a10df04,First Lien,Construction,5.25%,,LIBOR,4.25%,,2024-12-31,44315,,,44187,,,,,CGBD,2020-08-05
Newport Group Holdings II Inc.,co_6c29a21acc32,First Lien,Financial Services,3.81%,,LIBOR,3.50%,,2025-09-13,23595,,,23385,,,,,CGBD,2020-08-05
Odyssey Logistics & Technology Corp.,co_351c346ed0f3,First Lien,Transportation,5.00%,,LIBOR,4.00%,,2024-10-12,38955,,,38816,,,,,CGBD,2020-08-05
Output Services Group,co_05105daaeb2b,First Lien,Media & Entertainment,5.50%,,LIBOR,4.50%,,2024-03-27,19521,,,19476,,,,,CGBD,2020-08-05
PAI Holdco Inc.,co_8c077c01e835,First Lien,Automotive,5.32%,,LIBOR,4.25%,,2025-01-05,19439,,,19372,,,,,CGBD,2020-08-05
Park Place Technologies Inc.,co_7b62066cfc4f,First Lien,Other,5.00%,,LIBOR,4.00%,,2025-03-28,22445,,,22374,,,,,CGBD,2020-08-05
Pasternack Enterprises Inc.,co_db43a234ab56,First Lien,Other,5.00%,,LIBOR,4.00%,,2025-07-02,22640,,,22627,,,,,CGBD,2020-08-05
Pharmalogic Holdings Corp.,co_b1a0436ea48b,First Lien,Pharmaceuticals & Biotechnology,5.00%,,LIBOR,4.00%,,2023-06-11,11264,,,11241,,,,,CGBD,2020-08-05
Premise Health Holding Corp.,co_a4dc6f3e051b,First Lien,Pharmaceuticals & Biotechnology,3.81%,,LIBOR,3.50%,,2025-07-10,13654,,,13600,,,,,CGBD,2020-08-05
Propel Insurance Agency LLC,co_789f41331519,First Lien,Financial Services,5.25%,,LIBOR,4.25%,,2024-06-01,22418,,,21992,,,,,CGBD,2020-08-05
Q Holding Company,co_a9c586002368,First Lien,Automotive,6.00%,,LIBOR,5.00%,,2023-12-31,21845,,,21688,,,,,CGBD,2020-08-05
QW Holding Corp.,co_70351f8f3641,First Lien,Environmental Services,7.25%,,LIBOR,6.25%,,2022-08-31,16272,,,16130,,,,,CGBD,2020-08-05
Radiology Partners Inc.,co_e642f1128e0a,First Lien,Pharmaceuticals & Biotechnology,5.29%,,LIBOR,4.25%,,2025-07-09,27686,,,27571,,,,,CGBD,2020-08-05
RevSpring Inc.,co_c82459d57620,First Lien,Media & Entertainment,4.56%,,LIBOR,4.25%,,2025-10-11,29600,,,29397,,,,,CGBD,2020-08-05
Situs Group Holdings Corp.,co_94ba228a45f5,First Lien,Financial Services,5.75%,,LIBOR,4.75%,,2025-06-28,14862,,,14761,,,,,CGBD,2020-08-05
Surgical Information Systems LLC,co_b5b4c6e145e2,First Lien,Other,6.00%,,LIBOR,5.00%,,2023-04-24,26168,,,26027,,,,,CGBD,2020-08-05
Systems Maintenance Services Holding Inc.,co_87c24a36fa6d,First Lien,Other,6.00%,,LIBOR,5.00%,,2023-10-30,23643,,,23561,,,,,CGBD,2020-08-05
T2 Systems Inc.,co_84be020570c7,First Lien,Transportation,7.75%,,LIBOR,6.75%,,2022-09-28,17368,,,17156,,,,,CGBD,2020-08-05
The Original Cakerie Ltd.,co_a7f0f2dcca36,First Lien,Food & Beverage,6.00%,,LIBOR,5.00%,,2022-07-20,8883,,,8861,,,,,CGBD,2020-08-05
The Original Cakerie Ltd.,co_a7f0f2dcca36,First Lien,Food & Beverage,6.00%,,LIBOR,4.50%,,2022-07-20,7992,,,7976,,,,,CGBD,2020-08-05
Thoughtworks Inc.,co_cdded2f95894,First Lien,Business Services,4.75%,,LIBOR,3.75%,,2024-10-11,11764,,,11740,,,,,CGBD,2020-08-05
U.S. Acute Care Solutions LLC,co_5005d82a1a6f,First Lien,Pharmaceuticals & Biotechnology,7.00%,1.00%,LIBOR,5.00%,,2021-05-15,31218,,,31154,,,,,CGBD,2020-08-05
U.S. TelePacific Holdings Corp.,co_ba8330480476,First Lien,Telecommunications,6.50%,,LIBOR,5.50%,,2023-05-02,26660,,,26521,,,,,CGBD,2020-08-05
Valet Waste Holdings Inc.,co_7a10c07cb0c5,First Lien,Construction,3.93%,,LIBOR,3.75%,,2025-09-28,18012,,,17925,,,,,CGBD,2020-08-05
VRC Companies LLC,co_0df1ee612826,First Lien,Business Services,7.50%,,LIBOR,6.50%,,2023-03-31,25145,,,23788,,,,,CGBD,2020-08-05
Welocalize Inc.,co_6be7b3e117cd,First Lien,Business Services,5.50%,,LIBOR,4.50%,,2024-12-02,22626,,,22392,,,,,CGBD,2020-08-05
WRE Holding Corp.,co_5b5c0afc5d70,First Lien,Environmental Services,5.30%,,LIBOR,5.00%,,2023-01-03,7837,,,7788,,,,,CGBD,2020-08-05
The Original Cakerie Ltd.,co_a7f0f2dcca36,Second Lien,Food & Beverage,6.00%,,LIBOR,4.50%,,2022-07-20,7992,,,7976,,,,,CGBD,2020-08-05
Airnov Inc.,co_50a764ae1ed8,First Lien,Packaging,6.25%,,LIBOR,5.25%,2019-12-20,2025-12-19,12748,,,12554,,,,,CGBD,2020-08-05
Alpha Packaging Holdings Inc.,co_6693df9b850c,First Lien,Packaging,7.00%,,LIBOR,6.00%,2015-06-26,2021-11-12,2821,,,2803,,,,,CGBD,2020-08-05
Alpine SG LLC,co_a20fc41b851b,First Lien,Other,6.75%,,LIBOR,5.75%,2018-02-02,2022-11-16,15301,,,15128,,,,,CGBD,2020-08-05
American Physician Partners LLC,co_ce851508bd98,First Lien,Pharmaceuticals & Biotechnology,7.50%,,LIBOR,6.50%,2019-01-07,2021-12-21,38360,,,38087,,,,,CGBD,2020-08-05
AMS Group HoldCo LLC,co_84b27961d01b,First Lien,Transportation,7.00%,,LIBOR,6.00%,2017-09-29,2023-09-29,32366,,,31976,,,,,CGBD,2020-08-05
Analogic Corp.,co_bd17688157fc,First Lien,Other,6.25%,,LIBOR,5.25%,2018-06-22,2024-06-22,2373,,,2339,,,,,CGBD,2020-08-05
Anchor Hocking LLC,co_84801f37647c,First Lien,Consumer Products,11.75%,,LIBOR,10.75%,2019-01-25,2024-01-25,10336,,,10086,,,,,CGBD,2020-08-05
Apptio Inc.,co_ae4004d5dc68,First Lien,Software,8.25%,,LIBOR,7.25%,2019-01-10,2025-01-10,10541,,,10330,,,,,CGBD,2020-08-05
At Home Holding III Inc.,co_427b0cec0a1c,First Lien,Retail,10.00%,,LIBOR,9.00%,2020-06-12,2022-07-27,921,,,898,,,,,CGBD,2020-08-05
Aurora Lux FinCo SÁRL Accelya,co_7f2aaea98189,First Lien,Software,7.00%,,LIBOR,6.00%,2019-12-24,2026-12-24,37406,,,36524,,,,,CGBD,2020-08-05
Avenu Holdings LLC,co_fb985d429486,First Lien,Other,6.25%,,LIBOR,5.25%,2018-09-28,2024-09-28,38469,,,37996,,,,,CGBD,2020-08-05
Barnes & Noble Inc.,co_6a0d7b3ec6dc,First Lien,Retail,6.50%,,LIBOR,5.50%,2019-08-07,2024-08-07,17190,,,16825,,,,,CGBD,2020-08-05
BMS Holdings III Corp.,co_e38d828a5344,First Lien,Construction,6.25%,,LIBOR,5.25%,2019-09-30,2026-09-30,4929,,,4794,,,,,CGBD,2020-08-05
Brooks Equipment Company LLC,co_f2b749b9f06f,First Lien,Construction,6.00%,,LIBOR,5.00%,2015-06-26,2021-05-01,406,,,405,,,,,CGBD,2020-08-05
Captive Resources Midco LLC,co_2ec112319e88,First Lien,Financial Services,7.00%,,LIBOR,6.00%,2015-06-30,2025-05-31,22316,,,22005,,,,,CGBD,2020-08-05
Central Security Group Inc.,co_8717d5060ec6,First Lien,Other,6.63%,,LIBOR,5.63%,2015-06-26,2021-10-06,18400,,,17863,,,,,CGBD,2020-08-05
Chartis Holding LLC,co_12ad981616e3,First Lien,Business Services,6.50%,,LIBOR,5.50%,2019-05-01,2025-05-01,15846,,,15491,,,,,CGBD,2020-08-05
Chemical Computing Group ULC Canada,co_71c79ae59091,First Lien,Software,6.00%,,LIBOR,5.00%,2018-08-30,2023-08-30,473,,,472,,,,,CGBD,2020-08-05
CircusTrix Holdings LLC,co_0da73172bca3,First Lien,Food & Beverage,7.00%,,LIBOR,6.00%,2018-02-02,2021-12-06,9623,,,9576,,,,,CGBD,2020-08-05
Cobblestone Intermediate Holdco LLC,co_fff64416d639,First Lien,Other,6.00%,,LIBOR,5.00%,2020-01-29,2026-01-29,461,,,454,,,,,CGBD,2020-08-05
Comar Holding Company LLC,co_c5afda078f0a,First Lien,Packaging,6.50%,,LIBOR,5.50%,2018-06-18,2024-06-18,31728,,,31252,,,,,CGBD,2020-08-05
Cority Software Inc.,co_fbd5965454cb,First Lien,Software,6.75%,,LIBOR,5.75%,2019-07-02,2026-07-02,19470,,,18552,,,,,CGBD,2020-08-05
Derm Growth Partners III LLC,co_89947fb6810f,First Lien,Pharmaceuticals & Biotechnology,6.25%,100.00%,LIBOR,8.16%,2016-05-31,2022-05-31,56310,,39716,,,,,,CGBD,2020-08-05
DermaRite Industries LLC,co_f3b88623d4b0,First Lien,Pharmaceuticals & Biotechnology,8.06%,,LIBOR,7.00%,2017-03-03,2022-03-03,21966,,,21844,,,,,CGBD,2020-08-05
Digicel Limited Jamaica,co_8e2f35758266,First Lien,Telecommunications,8.75%,,N/A,,2020-05-15,2024-05-25,121,,,116,,,,,CGBD,2020-08-05
Digicel Limited Jamaica,co_8e2f35758266,First Lien,Telecommunications,13.00%,,N/A,,2020-04-15,2025-12-31,61,,,54,,,,,CGBD,2020-08-05
Digicel Limited Jamaica,co_8e2f35758266,First Lien,Telecommunications,8.00%,,N/A,,2020-04-15,2026-12-31,48,,,26,,,,,CGBD,2020-08-05
Direct Travel Inc.,co_0522d62596e4,First Lien,Food & Beverage,7.50%,,LIBOR,6.50%,2016-10-14,2021-12-01,36711,,,36475,,,,,CGBD,2020-08-05
Emergency Communications Network LLC,co_df1795d335ac,First Lien,Telecommunications,8.75%,5.125%,LIBOR,2.625%,2017-06-01,2023-06-01,23979,,23858,,,,,,CGBD,2020-08-05
Ensono LP,co_413a7b9ae721,First Lien,Telecommunications,5.43%,,LIBOR,5.25%,2018-04-30,2025-06-27,8493,,8290,,,,,,CGBD,2020-08-05
Ensono LP,co_413a7b9ae721,First Lien,Telecommunications,6.05%,,LIBOR,5.75%,2020-06-25,2025-06-27,18222,,18086,,,,,,CGBD,2020-08-05
Ethos Veterinary Health LLC,co_e1f3182c8ab7,First Lien,Other,4.93%,,LIBOR,4.75%,2019-05-17,2026-05-15,10832,,10417,,,,,,CGBD,2020-08-05
EvolveIP LLC,co_878cb485e893,First Lien,Telecommunications,6.75%,,LIBOR,5.75%,2019-11-26,2023-06-07,34835,,34313,,,,,,CGBD,2020-08-05
Frontline Technologies Holdings LLC,co_38d6040ef116,First Lien,Software,6.75%,,LIBOR,5.75%,2017-09-18,2023-09-18,3115,,3131,,,,,,CGBD,2020-08-05
FWR Holding Corp.,co_fdc8a239ac0f,First Lien,Food & Beverage,6.50%,,LIBOR,5.50%,2017-08-21,2023-08-21,36898,,33213,,,,,,CGBD,2020-08-05
Hydrofarm LLC,co_997e5ae29b8b,First Lien,Other,9.50%,,LIBOR,8.50%,2017-05-15,2022-05-12,19446,,14165,,,,,,CGBD,2020-08-05
Individual FoodService Holdings LLC,co_441f41f0358f,First Lien,Other,6.75%,,LIBOR,5.75%,2020-02-21,2025-11-22,3837,,3614,,,,,,CGBD,2020-08-05
Innovative Business Services LLC,co_4aa4a7480c82,First Lien,Other,6.79%,,LIBOR,5.50%,2018-04-05,2023-04-05,18293,,17922,,,,,,CGBD,2020-08-05
Integrity Marketing Acquisition LLC,co_c54435bdb6e3,First Lien,Financial Services,6.75%,,LIBOR,5.75%,2020-01-15,2025-08-27,1296,,1275,,,,,,CGBD,2020-08-05
K2 Insurance Services LLC,co_89f43e180cac,First Lien,Financial Services,6.00%,,LIBOR,5.00%,2019-07-03,2024-07-01,24314,,24027,,,,,,CGBD,2020-08-05
Kaseya Inc.,co_75541f204b9b,First Lien,Other,7.50%,1.00%,LIBOR,5.50%,2019-05-03,2025-05-02,21703,,21396,,,,,,CGBD,2020-08-05
Legacy.com Inc.,co_c061c508a013,First Lien,Other,7.00%,,LIBOR,6.00%,2017-03-20,2023-03-20,17066,,16091,,,,,,CGBD,2020-08-05
Lifelong Learner Holdings LLC,co_2fbaf15986de,First Lien,Business Services,6.75%,,LIBOR,5.75%,2019-10-18,2026-10-18,23931,,21153,,,,,,CGBD,2020-08-05
Liqui-Box Holdings Inc.,co_6140f819ef8c,First Lien,Packaging,5.50%,,LIBOR,4.50%,2019-06-03,2024-06-03,1578,,1496,,,,,,CGBD,2020-08-05
Mailgun Technologies Inc.,co_c5a2d0eb5d65,First Lien,Other,6.56%,,LIBOR,5.50%,2019-03-26,2025-03-26,11794,,11227,,,,,,CGBD,2020-08-05
National Carwash Solutions Inc.,co_3580736b3488,First Lien,Automotive,7.00%,,LIBOR,6.00%,2018-08-07,2023-04-28,10269,,9907,,,,,,CGBD,2020-08-05
National Technical Systems Inc.,co_207ef1759f5d,First Lien,Aerospace & Defense,7.68%,,LIBOR,6.25%,2015-06-26,2021-06-12,28882,,28686,,,,,,CGBD,2020-08-05
NES Global Talent Finance US LLC,co_1536c8a15051,First Lien,Energy,6.50%,,LIBOR,5.50%,2018-05-09,2023-05-11,9840,,9602,,,,,,CGBD,2020-08-05
Nexus Technologies LLC,co_23a3464fa9a0,First Lien,Other,8.00%,1.50%,LIBOR,5.50%,2018-12-11,2023-12-05,6219,,5115,,,,,,CGBD,2020-08-05
NMI AcquisitionCo Inc.,co_ea8330f4ea6d,First Lien,Other,6.50%,,LIBOR,5.50%,2017-09-06,2022-09-06,51091,,51025,,,,,,CGBD,2020-08-05
Northland Telecommunications Corp.,co_d8c4cf27a80b,First Lien,Media & Entertainment,6.75%,,LIBOR,5.75%,2018-10-01,2025-10-01,46383,,46146,,,,,,CGBD,2020-08-05
Paramit Corp.,co_e85b7192d42e,First Lien,Other,5.50%,,LIBOR,4.50%,2019-05-03,2025-05-03,6298,,6199,,,,,,CGBD,2020-08-05
PF Growth Partners LLC,co_9bd0309e577d,First Lien,Food & Beverage,5.32%,,LIBOR,5.00%,2019-07-01,2025-07-11,7331,,6260,,,,,,CGBD,2020-08-05
Plano Molding Company LLC,co_67e2ab360110,First Lien,Food & Beverage,8.50%,,LIBOR,7.50%,2015-05-01,2021-05-12,14677,,13060,,,,,,CGBD,2020-08-05
PPC Flexible Packaging LLC,co_14cea05ece8b,First Lien,Packaging,6.25%,,LIBOR,5.25%,2018-11-23,2024-11-23,14991,,14762,,,,,,CGBD,2020-08-05
Aero Operating LLC,co_60804094b24c,First Lien,Business Services,9.16%,,LIBOR,7.25%,2018-01-05,2022-12-29,3517,,3491,,,,,,CGBD,2020-08-05
Airnov Inc.,co_50a764ae1ed8,First Lien,Packaging,7.16%,,LIBOR,5.25%,2019-12-20,2025-12-19,12813,,12602,,,,,,CGBD,2020-08-05
Alpha Packaging Holdings Inc.,co_6693df9b850c,First Lien,Packaging,6.35%,,LIBOR,4.25%,2015-06-26,2020-05-12,2836,,2822,,,,,,CGBD,2020-08-05
American Physician Partners LLC,co_ce851508bd98,First Lien,Pharmaceuticals & Biotechnology,8.58%,,LIBOR,6.50%,2019-01-07,2021-12-21,38235,,37868,,,,,,CGBD,2020-08-05
AMS Group HoldCo LLC,co_84b27961d01b,First Lien,Transportation,8.07%,,LIBOR,6.00%,2017-09-29,2023-09-29,30808,,30361,,,,,,CGBD,2020-08-05
Analogic Corp.,co_bd17688157fc,First Lien,Pharmaceuticals & Biotechnology,7.70%,,LIBOR,6.00%,2018-06-22,2024-06-22,34784,,34190,,,,,,CGBD,2020-08-05
Anchor Hocking LLC,co_84801f37647c,First Lien,Consumer Products,10.66%,,LIBOR,8.75%,2019-01-25,2024-01-25,10707,,10410,,,,,,CGBD,2020-08-05
Apptio Inc.,co_ae4004d5dc68,First Lien,Software,8.96%,,LIBOR,7.25%,2019-01-10,2025-01-10,35541,,34874,,,,,,CGBD,2020-08-05
Aurora Lux FinCo SÁRL Luxembourg,co_057a2cb46c9d,First Lien,Software,7.93%,,LIBOR,6.00%,2019-12-24,2026-12-24,37500,,36563,,,,,,CGBD,2020-08-05
Avenu Holdings LLC,co_fb985d429486,First Lien,Other,7.35%,,LIBOR,5.25%,2018-09-28,2024-09-28,38665,,38125,,,,,,CGBD,2020-08-05
Barnes & Noble Inc.,co_6a0d7b3ec6dc,First Lien,Retail,9.07%,,LIBOR,5.50%,2019-08-07,2024-08-07,17637,,17225,,,,,,CGBD,2020-08-05
BMS Holdings III Corp.,co_e38d828a5344,First Lien,Construction,7.35%,,LIBOR,5.25%,2019-09-30,2026-09-30,11638,,11274,,,,,,CGBD,2020-08-05
Brooks Equipment Company LLC,co_f2b749b9f06f,First Lien,Construction,6.91%,,LIBOR,5.00%,2015-06-26,2020-08-29,2443,,2439,,,,,,CGBD,2020-08-05
Capstone Logistics Acquisition Inc.,co_28e8746b0174,First Lien,Transportation,6.20%,,LIBOR,4.50%,2015-06-26,2021-10-07,3976,,3962,,,,,,CGBD,2020-08-05
Captive Resources Midco LLC,co_2ec112319e88,First Lien,Financial Services,8.18%,,LIBOR,6.00%,2015-06-30,2025-05-31,30301,,29814,,,,,,CGBD,2020-08-05
Central Security Group Inc.,co_8717d5060ec6,First Lien,Other,7.33%,,LIBOR,5.63%,2015-06-26,2021-10-06,22634,,22531,,,,,,CGBD,2020-08-05
Chartis Holding LLC,co_12ad981616e3,First Lien,Business Services,7.28%,,LIBOR,5.25%,2019-05-01,2025-05-01,15926,,15538,,,,,,CGBD,2020-08-05
Chemical Computing Group ULC Canada,co_71c79ae59091,First Lien,Software,6.95%,,LIBOR,5.25%,2018-08-30,2023-08-30,14674,,14567,,,,,,CGBD,2020-08-05
CircusTrix Holdings LLC,co_0da73172bca3,First Lien,Food & Beverage,7.20%,,LIBOR,5.50%,2018-02-02,2021-12-06,9397,,9342,,,,,,CGBD,2020-08-05
Comar Holding Company LLC,co_c5afda078f0a,First Lien,Packaging,6.96%,,LIBOR,5.25%,2018-06-18,2024-06-18,27783,,27254,,,,,,CGBD,2020-08-05
Cority Software Inc.,co_fbd5965454cb,First Lien,Software,7.57%,,LIBOR,5.50%,2019-07-02,2026-07-02,27000,,26435,,,,,,CGBD,2020-08-05
Dent Wizard International Corp.,co_d6d642b41899,First Lien,Automotive,5.70%,,LIBOR,4.00%,2015-04-28,2022-04-07,877,,877,,,,,,CGBD,2020-08-05
DermaRite Industries LLC,co_f3b88623d4b0,First Lien,Pharmaceuticals & Biotechnology,8.70%,,LIBOR,7.00%,2017-03-03,2022-03-03,22647,,22481,,,,,,CGBD,2020-08-05
Digicel Limited Jamaica,co_8e2f35758266,First Lien,Telecommunications,6.00%,,6.00%,,2019-07-23,2021-04-15,250,,202,,,,,,CGBD,2020-08-05
Transform SR Holdings LLC,co_f59f0ddf6961,First Lien,Retail,9.18%,,LIBOR,7.25%,2019-02-11,2024-02-12,19050,18887,19050,,,,,,CGBD,2020-08-05
Trump Card LLC,co_a898c0324cd3,First Lien,Transportation,7.63%,,LIBOR,5.50%,2018-06-26,2022-04-21,7918,7881,7869,,,,,,CGBD,2020-08-05
TSB Purchaser Inc.,co_0cb41f128ed7,First Lien,Media & Entertainment,8.10%,,LIBOR,6.00%,2018-05-14,2024-05-14,28294,27726,28105,,,,,,CGBD,2020-08-05
Turbo Buyer Inc.,co_2980d4877f8b,First Lien,Automotive,7.69%,,LIBOR,6.00%,2019-12-02,2025-12-02,27897,27033,27439,,,,,,CGBD,2020-08-05
Tweddle Group Inc.,co_9c73637fdbe8,First Lien,Media & Entertainment,6.20%,,LIBOR,4.50%,2018-09-17,2023-09-17,1908,1885,1859,,,,,,CGBD,2020-08-05
U.S. Acute Care Solutions LLC,co_5005d82a1a6f,First Lien,Pharmaceuticals & Biotechnology,6.91%,,LIBOR,5.00%,2019-02-21,2021-05-15,4265,4230,4053,,,,,,CGBD,2020-08-05
Unifrutti Financing PLC,co_664af1bc8eed,First Lien,Food & Beverage,7.50%,1.00%,,,2019-09-15,2026-09-15,4530,4746,,,,,,,CGBD,2020-08-05
USLS Acquisition Inc.,co_9a016192323f,First Lien,Business Services,7.85%,,LIBOR,5.75%,2018-11-30,2024-11-30,22139,21741,21674,,,,,,CGBD,2020-08-05
VRC Companies LLC,co_0df1ee612826,First Lien,Business Services,8.21%,,LIBOR,6.50%,2017-03-31,2023-03-31,57164,56674,57106,,,,,,CGBD,2020-08-05
Westfall Technik Inc.,co_568e9f46d6ad,First Lien,Chemicals,7.66%,,LIBOR,5.75%,2018-09-13,2024-09-13,27973,27432,26962,,,,,,CGBD,2020-08-05
WP CPP Holdings LLC,co_8701bb132186,First Lien,Aerospace & Defense,5.66%,,LIBOR,3.75%,2019-07-18,2025-04-30,20000,19817,19826,,,,,,CGBD,2020-08-05
Zemax Software Holdings LLC,co_e094da387f2d,First Lien,Software,7.85%,,LIBOR,5.75%,2018-06-25,2024-06-25,10146,10013,10087,,,,,,CGBD,2020-08-05
Zenith Merger Sub Inc.,co_9bcd81e7cbba,First Lien,Business Services,7.35%,,LIBOR,5.25%,2017-12-13,2023-12-13,16530,16321,16405,,,,,,CGBD,2020-08-05
Access CIG LLC,co_b25f9fa985e7,Second Lien,Business Services,9.44%,,LIBOR,7.75%,2018-02-14,2026-02-27,2700,2687,2700,,,,,,CGBD,2020-08-05
Aimbridge Acquisition Co. Inc.,co_2c735144a4ad,Second Lien,Food & Beverage,9.19%,,LIBOR,7.50%,2019-02-01,2027-02-01,9241,9089,9160,,,,,,CGBD,2020-08-05
AQA Acquisition Holding Inc.,co_c8c7125ba9de,Second Lien,Other,10.09%,,LIBOR,8.00%,2018-10-01,2024-05-24,40000,39670,39740,,,,,,CGBD,2020-08-05
Brave Parent Holdings Inc.,co_f478344bf025,Second Lien,Software,9.43%,,LIBOR,7.50%,2018-10-03,2026-04-19,19062,18660,18261,,,,,,CGBD,2020-08-05
Higginbotham Insurance Agency Inc.,co_f6db8c8e7a1a,Second Lien,Financial Services,9.20%,,LIBOR,7.50%,2019-12-03,2025-12-19,2500,2475,2493,,,,,,CGBD,2020-08-05
Jazz Acquisition Inc.,co_e1319673ee3b,Second Lien,Aerospace & Defense,10.10%,,LIBOR,8.00%,2019-06-13,2027-06-18,23450,23117,23225,,,,,,CGBD,2020-08-05
Le Tote Inc.,co_450e07480eb1,Second Lien,Retail,8.66%,,LIBOR,6.75%,2019-11-08,2024-11-08,7143,6969,6964,,,,,,CGBD,2020-08-05
Outcomes Group Holdings Inc.,co_c04b11bca270,Second Lien,Business Services,9.41%,,LIBOR,7.50%,2018-10-23,2026-10-26,4500,4490,4487,,,,,,CGBD,2020-08-05
Pathway Vet Alliance LLC,co_52ba6e2a57dd,Second Lien,Other,8.50%,,LIBOR,8.50%,2019-11-14,2025-12-23,8050,7814,8074,,,,,,CGBD,2020-08-05
Pharmalogic Holdings Corp.,co_b1a0436ea48b,Second Lien,Pharmaceuticals & Biotechnology,8.00%,,LIBOR,8.00%,2018-06-07,2023-12-11,800,797,796,,,,,,CGBD,2020-08-05
Quartz Holding Company,co_1b0f1a77a75b,Second Lien,Software,8.00%,,LIBOR,8.00%,2019-04-02,2027-04-02,11900,11677,11662,,,,,,CGBD,2020-08-05
Reladyne Inc.,co_01360cc9245c,Second Lien,Other,9.50%,,LIBOR,9.50%,2018-04-19,2023-01-21,12242,12080,12234,,,,,,CGBD,2020-08-05
Tank Holding Corp.,co_b2a29c9530cb,Second Lien,Other,8.25%,,LIBOR,8.25%,2019-03-26,2027-03-26,37380,36771,37223,,,,,,CGBD,2020-08-05
Ultimate Baked Goods MIDCO LLC,co_9060ac5248e6,Second Lien,Food & Beverage,8.00%,,LIBOR,8.00%,2018-08-09,2026-08-09,8333,8187,8243,,,,,,CGBD,2020-08-05
Dimensional Dental Management LLC,co_32da433e22e8,First Lien,Pharmaceuticals & Biotechnology,10.00%,,LIBOR,5.75%,2016-02-12,2021-02-12,1224,1199,,,,,,,CGBD,2020-08-05
Dimensional Dental Management LLC,co_32da433e22e8,First Lien,Pharmaceuticals & Biotechnology,8.66%,,LIBOR,5.75%,2016-02-12,2020-07-22,33674,33301,,,,,,,CGBD,2020-08-05
Direct Travel Inc.,co_0522d62596e4,First Lien,Food & Beverage,8.41%,,LIBOR,6.50%,2016-10-14,2021-12-01,36805,36515,36757,,,,,,CGBD,2020-08-05
DTI Holdco Inc.,co_65ac87d9cdab,First Lien,Other,6.68%,,LIBOR,4.75%,2018-12-18,2023-09-30,1974,1871,1841,,,,,,CGBD,2020-08-05
Emergency Communications Network LLC,co_df1795d335ac,First Lien,Telecommunications,8.14%,,LIBOR,6.25%,2017-06-01,2023-06-01,24375,24233,22323,,,,,,CGBD,2020-08-05
Ensono LP,co_413a7b9ae721,First Lien,Telecommunications,6.95%,,LIBOR,5.25%,2018-04-30,2025-06-27,8537,8452,8537,,,,,,CGBD,2020-08-05
Ethos Veterinary Health LLC,co_e1f3182c8ab7,First Lien,Other,6.45%,,LIBOR,4.75%,2019-05-17,2026-05-15,10869,10744,10807,,,,,,CGBD,2020-08-05
EvolveIP LLC,co_878cb485e893,First Lien,Telecommunications,7.45%,,LIBOR,5.75%,2019-11-26,2023-06-07,34420,33923,34420,,,,,,CGBD,2020-08-05
Frontline Technologies Holdings LLC,co_38d6040ef116,First Lien,Software,7.85%,,LIBOR,5.75%,2017-09-18,2023-09-18,48242,47949,48705,,,,,,CGBD,2020-08-05
FWR Holding Corp.,co_fdc8a239ac0f,First Lien,Food & Beverage,7.29%,,LIBOR,5.50%,2017-08-21,2023-08-21,48630,47950,48393,,,,,,CGBD,2020-08-05
Green Energy Partners/Stonewall LLC,co_f10d2ff30081,First Lien,Energy,7.60%,,LIBOR,5.50%,2015-06-26,2021-11-10,19550,19374,18034,,,,,,CGBD,2020-08-05
GRO Sub Holdco LLC,co_33834f3dab4d,First Lien,Pharmaceuticals & Biotechnology,8.10%,,LIBOR,6.00%,2018-02-28,2023-02-22,6465,6380,6085,,,,,,CGBD,2020-08-05
Hummel Station LLC,co_daa96a7ce6d8,First Lien,Energy,7.70%,,LIBOR,6.00%,2016-02-03,2022-10-27,14641,14169,12896,,,,,,CGBD,2020-08-05
Hydrofarm LLC,co_997e5ae29b8b,First Lien,Other,11.91%,,L+10.00%,10.00%,2017-05-15,2022-05-12,21556,21254,13647,,,,,,CGBD,2020-08-05
iCIMS Inc.,co_bf6839dcfbb8,First Lien,Software,8.29%,,LIBOR,6.50%,2018-09-12,2024-09-12,23930,23507,23927,,,,,,CGBD,2020-08-05
Innovative Business Services LLC,co_4aa4a7480c82,First Lien,Other,7.53%,,LIBOR,5.50%,2018-04-05,2023-04-05,16143,15782,15880,,,,,,CGBD,2020-08-05
K2 Insurance Services LLC,co_89f43e180cac,First Lien,Financial Services,7.19%,,LIBOR,5.00%,2019-07-03,2024-07-01,22027,21487,22062,,,,,,CGBD,2020-08-05
Kaseya Inc.,co_75541f204b9b,First Lien,Other,7.41%,1.00%,LIBOR,5.50%,2019-05-03,2025-05-02,19545,19145,19590,,,,,,CGBD,2020-08-05
Legacy.com Inc.,co_c061c508a013,First Lien,Other,11.77%,,LIBOR,9.98%,2017-03-20,2023-03-20,17080,16832,16325,,,,,,CGBD,2020-08-05
Lifelong Learner Holdings LLC,co_2fbaf15986de,First Lien,Business Services,7.51%,,LIBOR,5.75%,2019-10-18,2026-10-18,23523,22971,23240,,,,,,CGBD,2020-08-05
Mailgun Technologies Inc.,co_c5a2d0eb5d65,First Lien,Other,7.10%,,LIBOR,5.00%,2019-03-26,2025-03-26,11853,11607,11655,,,,,,CGBD,2020-08-05
National Carwash Solutions Inc.,co_3580736b3488,First Lien,Automotive,7.69%,,LIBOR,6.00%,2018-08-07,2023-04-28,9511,9342,9428,,,,,,CGBD,2020-08-05
National Technical Systems Inc.,co_207ef1759f5d,First Lien,Aerospace & Defense,7.94%,,LIBOR,6.25%,2015-06-26,2021-06-12,27950,27801,27920,,,,,,CGBD,2020-08-05
NES Global Talent Finance US LLC,co_1536c8a15051,First Lien,Energy,7.43%,,LIBOR,5.50%,2018-05-09,2023-05-11,9890,9762,9763,,,,,,CGBD,2020-08-05
U.S. Acute Care Solutions LLC,co_5005d82a1a6f,First Lien,Pharmaceuticals & Biotechnology,7.00%,1.00%,LIBOR,5.00%,2019-02-21,2021-05-15,4243,4227,4227,,,,,,CGBD,2020-08-05
US INFRA SVCS Buyer LLC,co_f97030249011,First Lien,Environmental Services,7.00%,,LIBOR,6.00%,2020-04-13,2026-04-13,3850,3174,3336,,,,,,CGBD,2020-08-05
Unifrutti Financing PLC,co_664af1bc8eed,First Lien,Food & Beverage,7.50%,1.00%,,7.50%,2019-09-15,2026-09-15,4553,4784,4784,,,,,,CGBD,2020-08-05
USLS Acquisition Inc.,co_9a016192323f,First Lien,Business Services,6.82%,,LIBOR,5.75%,2018-11-30,2024-11-30,22900,22539,22539,,,,,,CGBD,2020-08-05
VRC Companies LLC,co_0df1ee612826,First Lien,Business Services,7.50%,,LIBOR,6.50%,2017-03-31,2023-03-31,37227,36887,36887,,,,,,CGBD,2020-08-05
Westfall Technik Inc.,co_568e9f46d6ad,First Lien,Chemicals,6.75%,,LIBOR,5.75%,2018-09-13,2024-09-13,28277,27982,27982,,,,,,CGBD,2020-08-05
Zemax Software Holdings LLC,co_e094da387f2d,First Lien,Software,6.75%,,LIBOR,5.75%,2018-06-25,2024-06-25,10736,10617,10617,,,,,,CGBD,2020-08-05
Zenith Merger Sub Inc.,co_9bcd81e7cbba,First Lien,Business Services,6.25%,,LIBOR,5.25%,2017-12-13,2023-12-13,18651,18465,18465,,,,,,CGBD,2020-08-05
AI Convoy S.A.R.L Cobham United Kingdom,co_1be051d7f03e,Second Lien,Aerospace & Defense,9.40%,,LIBOR,8.25%,2020-01-17,2028-01-17,30327,29674,29674,,,,,,CGBD,2020-08-05
Drilling Info Holdings Inc.,co_9272566f7980,Second Lien,Energy,8.43%,,LIBOR,8.25%,2020-02-11,2026-07-30,18600,18113,18113,,,,,,CGBD,2020-08-05
Le Tote Inc.,co_450e07480eb1,Second Lien,Retail,10.25%,,LIBOR,8.75%,2019-11-08,2024-11-08,7511,7352,7352,,,,,,CGBD,2020-08-05
Quartz Holding Company QuickBase Inc.,co_33d40849d07e,Second Lien,Software,8.18%,,LIBOR,8.00%,2019-04-02,2027-04-02,11900,11688,11688,,,,,,CGBD,2020-08-05
Stonegate Pub Company Bidco Limited United Kingdom,co_fffec1228c89,Second Lien,Food & Beverage,8.86%,,LIBOR,8.50%,2020-03-12,2028-03-12,20000,24704,24704,,,,,,CGBD,2020-08-05
Ultimate Baked Goods MIDCO LLC,co_9060ac5248e6,Second Lien,Food & Beverage,9.00%,,LIBOR,8.00%,2018-08-09,2026-08-09,8333,8195,8195,,,,,,CGBD,2020-08-05
Watchfire Enterprises Inc.,co_341a359bada5,Second Lien,Media & Entertainment,9.00%,,LIBOR,8.00%,2013-10-02,2021-10-02,7000,6975,6956,,,,,,CGBD,2020-08-05
World 50 Inc.,co_857901007462,Second Lien,Business Services,11.50%,,11.50%,,2020-01-10,2027-01-09,10000,9812,9812,,,,,,CGBD,2020-08-05
Cobblestone Intermediate Holdco LLC,co_fff64416d639,Delayed Draw,Software,1.00%,,N/A,,,,,271,,,,,,,CGBD,2020-08-05
Comar Holding Company LLC,co_c5afda078f0a,Revolver,Manufacturing,0.50%,,N/A,,,,,2201,,,,,,,CGBD,2020-08-05
Cority Software Inc.,co_fbd5965454cb,Revolver,Software,0.50%,,N/A,,,,,3000,,,,,,,CGBD,2020-08-05
Ethos Veterinary Health LLC,co_e1f3182c8ab7,Delayed Draw,Automotive,2.00%,,N/A,,,,,2695,,,,,,,CGBD,2020-08-05
EvolveIP LLC,co_878cb485e893,Delayed Draw,Other,1.00%,,N/A,,,,,3922,,,,,,,CGBD,2020-08-05
EvolveIP LLC,co_878cb485e893,Revolver,Other,0.50%,,N/A,,,,,2353,,,,,,,CGBD,2020-08-05
FWR Holding Corp.,co_fdc8a239ac0f,Revolver,Manufacturing,0.50%,,N/A,,,,,2111,,,,,,,CGBD,2020-08-05
iCIMS Inc.,co_bf6839dcfbb8,Revolver,Software,0.50%,,N/A,,,,,1252,,,,,,,CGBD,2020-08-05
Individual FoodService Holdings LLC,co_441f41f0358f,Delayed Draw,Food & Beverage,1.00%,,N/A,,,,,745,,,,,,,CGBD,2020-08-05
Individual FoodService Holdings LLC,co_441f41f0358f,Revolver,Food & Beverage,0.50%,,N/A,,,,,400,,,,,,,CGBD,2020-08-05
Integrity Marketing Acquisition LLC,co_c54435bdb6e3,Delayed Draw,Financial Services,1.00%,,N/A,,,,,3698,,,,,,,CGBD,2020-08-05
K2 Insurance Services LLC,co_89f43e180cac,Delayed Draw,Financial Services,1.00%,,N/A,,,,,2945,,,,,,,CGBD,2020-08-05
K2 Insurance Services LLC,co_89f43e180cac,Revolver,Financial Services,0.50%,,N/A,,,,,2290,,,,,,,CGBD,2020-08-05
Kaseya Inc.,co_75541f204b9b,Delayed Draw,Software,,,,,n/a,n/a,,882,,,,,,,CGBD,2020-08-05
Kaseya Inc.,co_75541f204b9b,Delayed Draw,Software,1.00%,,N/A,,,,,1918,,,,,,,CGBD,2020-08-05
Kaseya Inc.,co_75541f204b9b,Revolver,Software,0.50%,,N/A,,,,,15,,,,,,,CGBD,2020-08-05
Lifelong Learner Holdings LLC,co_2fbaf15986de,Delayed Draw,Education,1.00%,,N/A,,,,,1690,,,,,,,CGBD,2020-08-05
Lifelong Learner Holdings LLC,co_2fbaf15986de,Revolver,Education,0.50%,,N/A,,,,,1377,,,,,,,CGBD,2020-08-05
Liqui-Box Holdings Inc.,co_6140f819ef8c,Revolver,Packaging,0.50%,,N/A,,,,,1052,,,,,,,CGBD,2020-08-05
Mailgun Technologies Inc.,co_c5a2d0eb5d65,Revolver,Software,0.50%,,N/A,,,,,1342,,,,,,,CGBD,2020-08-05
National Carwash Solutions Inc.,co_3580736b3488,Delayed Draw,Automotive,1.00%,,N/A,,,,,611,,,,,,,CGBD,2020-08-05
National Carwash Solutions Inc.,co_3580736b3488,Revolver,Automotive,0.50%,,N/A,,,,,5,,,,,,,CGBD,2020-08-05
National Technical Systems Inc.,co_207ef1759f5d,Revolver,Other,0.50%,,N/A,,,,,1269,,,,,,,CGBD,2020-08-05
Northland Telecommunications Corp.,co_d8c4cf27a80b,Revolver,Telecommunications,0.50%,,N/A,,,,,2960,,,,,,,CGBD,2020-08-05
PF Growth Partners LLC,co_9bd0309e577d,Delayed Draw,Financial Services,1.00%,,N/A,,,,,823,,,,,,,CGBD,2020-08-05
PPC Flexible Packaging LLC,co_14cea05ece8b,Revolver,Packaging,0.50%,,N/A,,,,,489,,,,,,,CGBD,2020-08-05
PricewaterhouseCoopers Public Sector LLP,co_04f1ae087683,Revolver,Business Services,0.50%,,N/A,,,,,4250,,,,,,,CGBD,2020-08-05
QW Holding Corp.,co_70351f8f3641,Delayed Draw,Automotive,1.00%,,N/A,,,,,600,,,,,,,CGBD,2020-08-05
RSC Acquisition Inc.,co_b00957f0c7af,Delayed Draw,Business Services,1.00%,,N/A,,,,,6205,,,,,,,CGBD,2020-08-05
Innovative Business Services LLC,co_4aa4a7480c82,Revolver,Business Services,0.50%,,N/A,,,,,2232,,,,,,,CGBD,2020-08-05
National Car Wash Solutions LP,co_b6082d99699e,Revolver,Automotive,0.50%,,N/A,,,,,310,,,,,,,CGBD,2020-08-05
National Car Wash Solutions LP,co_b6082d99699e,Delayed Draw,Automotive,1.00%,,N/A,,,,,1111,,,,,,,CGBD,2020-08-05
NMI AcquisitionCo Inc.,co_ea8330f4ea6d,Revolver,Financial Services,0.50%,,N/A,,,,,1280,,,,,,,CGBD,2020-08-05
Pathway Vet Alliance LLC,co_52ba6e2a57dd,Delayed Draw,Healthcare Services,1.00%,,N/A,,,,,7950,,,,,,,CGBD,2020-08-05
RSC Acquisition Inc.,co_b00957f0c7af,Revolver,Business Services,0.50%,,N/A,,,,,608,,,,,,,CGBD,2020-08-05
Sapphire Convention Inc.,co_7b43d60f9791,Revolver,Food & Beverage,0.50%,,N/A,,,,,4528,,,,,,,CGBD,2020-08-05
Smile Doctors LLC,co_54cc4c84644e,Revolver,Automotive,0.50%,,N/A,,,,,707,,,,,,,CGBD,2020-08-05
Smile Doctors LLC,co_54cc4c84644e,Delayed Draw,Automotive,1.00%,,N/A,,,,,1477,,,,,,,CGBD,2020-08-05
SolAero Technologies Corp.,co_074346ba96bd,Revolver,Aerospace & Defense,1.00%,,N/A,,,,,542,,,,,,,CGBD,2020-08-05
SPay Inc.,co_9f1b40919cf1,Revolver,Financial Services,0.50%,,N/A,,,,,682,,,,,,,CGBD,2020-08-05
Superior Health Linens LLC,co_d761c53e9903,Revolver,Healthcare Services,0.50%,,N/A,,,,,693,,,,,,,CGBD,2020-08-05
T2 Systems Inc.,co_84be020570c7,Revolver,Software,0.50%,,N/A,,,,,2053,,,,,,,CGBD,2020-08-05
ANLG Holdings LLC,co_3b274928a10a,Common Equity,Other,,,,,,2018-06-22,,,,592,592,,,,CGBD,2020-08-05
Avenu Holdings LLC,co_fb985d429486,Common Equity,Other,,,,,,2018-09-28,,,,172,172,195,0.02,,CGBD,2020-08-05
Chartis Holding LLC,co_12ad981616e3,Common Equity,Business Services,,,,,,2019-05-01,,,,433,433,667,0.08,,CGBD,2020-08-05
CIP Revolution Holdings LLC,co_a2420d82bbd6,Common Equity,Media & Entertainment,,,,,,2016-08-19,,,,318,318,217,0.02,,CGBD,2020-08-05
Cority Software Inc.,co_fbd5965454cb,Common Equity,Software,,,,,,2019-07-02,,,,250,250,231,0.03,,CGBD,2020-08-05
DecoPac Inc.,co_0a3f8d7baef7,Common Equity,Consumer Products,,,,,,2017-09-29,,,,1500,1500,2336,0.26,,CGBD,2020-08-05
Derm Growth Partners III LLC,co_89947fb6810f,Common Equity,Pharmaceuticals & Biotechnology,,,,,,2016-05-31,,,,1000,1000,,,,CGBD,2020-08-05
GRO Sub Holdco LLC,co_33834f3dab4d,Common Equity,Pharmaceuticals & Biotechnology,,,,,,2018-03-29,,,,500,500,137,,,CGBD,2020-08-05
K2 Insurance Services LLC,co_89f43e180cac,Common Equity,Financial Services,,,,,,2019-07-03,,,,433,433,495,0.06,,CGBD,2020-08-05
Legacy.com Inc.,co_c061c508a013,Common Equity,Other,,,,,,2017-03-20,,,,1500,1500,673,0.08,,CGBD,2020-08-05
Mailgun Technologies Inc.,co_c5a2d0eb5d65,Common Equity,Other,,,,,,2019-03-26,,,,424,424,547,0.06,,CGBD,2020-08-05
North Haven Goldfinch Topco LLC,co_5734fdbfc39a,Common Equity,Packaging,,,,,,2018-06-18,,,,2315,2315,2590,0.29,,CGBD,2020-08-05
Paramit Corp.,co_e85b7192d42e,Common Equity,Other,,,,,,2019-06-17,,,,150,500,722,0.08,,CGBD,2020-08-05
PPC Flexible Packaging LLC,co_14cea05ece8b,Common Equity,Packaging,,,,,,2019-02-01,,,,965,965,1174,,,CGBD,2020-08-05
Rough Country LLC,co_c50e086b4f5f,Common Equity,Consumer Products,,,,,,2017-05-25,,,,755,755,1397,0.16,,CGBD,2020-08-05
SiteLock Group Holdings LLC,co_35e91581c715,Common Equity,Other,,,,,,2018-04-05,,,,446,446,524,0.06,,CGBD,2020-08-05
T2 Systems Parent Corp.,co_cfef827e7105,Common Equity,Transportation,,,,,,2016-09-28,,,,556,555,752,0.09,,CGBD,2020-08-05
Tailwind HMT Holdings Corp.,co_6e108588d377,Common Equity,Energy,,,,,,2017-11-17,,,,20,1334,2201,0.25,,CGBD,2020-08-05
Tank Holding Corp.,co_b2a29c9530cb,Common Equity,Other,,,,,,2019-03-26,,,,850,850,943,0.11,,CGBD,2020-08-05
Turbo Buyer Inc.,co_2980d4877f8b,Common Equity,Automotive,,,,,,2019-12-02,,,,1925,1925,2368,0.27,,CGBD,2020-08-05
Tweddle Holdings Inc.,co_cbc564fefcdc,Common Equity,Media & Entertainment,,,,,,2018-09-17,,,,17,,,,,CGBD,2020-08-05
USLS Acquisition Inc.,co_9a016192323f,Common Equity,Business Services,,,,,,2018-11-30,,,,641,641,720,,,CGBD,2020-08-05
Zenith American Holding Inc.,co_0b3475a2a7b3,Common Equity,Business Services,,,,,,2017-12-13,,,,1564,782,1490,,,CGBD,2020-08-05
Zillow Topco LP,co_2b5c0d8661c9,Common Equity,Software,,,,,,2018-06-25,,,,313,312,358,,,CGBD,2020-08-05
Advanced Instruments LLC,co_e8aac0d807bc,Revolver,Business Services,,0.50,,,,,,563,,,,,,,CGBD,2020-08-05
AmeriLife Group LLC,co_91db85e5a7d9,Delayed Draw,Financial Services,,1.00,,,,,,298,,,,,,,CGBD,2020-08-05
Anchor Packaging Inc.,co_39760daf4343,Delayed Draw,Manufacturing,,1.00,,,,,,4487,,,,,,,CGBD,2020-08-05
AQA Acquisition Holding Inc.,co_c8c7125ba9de,Revolver,Software,,0.50,,,,,,2459,,,,,,,CGBD,2020-08-05
Borchers Inc.,co_21afbb988bb0,Revolver,Chemicals,,0.50,,,,,,1935,,,,,,,CGBD,2020-08-05
Clearent Newco LLC,co_a99afdb5ae0d,Delayed Draw,Financial Services,,1.00,,,,,,6636,,,,,,,CGBD,2020-08-05
DecoPac Inc.,co_0a3f8d7baef7,Revolver,Manufacturing,,0.50,,,,,,2143,,,,,,,CGBD,2020-08-05
EIP Merger Sub LLC,co_fd44c0aaba1a,Revolver,Software,,0.50,,,,,,1680,,,,,,,CGBD,2020-08-05
EIP Merger Sub LLC,co_fd44c0aaba1a,Delayed Draw,Software,,1.00,,,,,,2240,,,,,,,CGBD,2020-08-05
HMT Holding Inc.,co_6d2b94290d1c,Revolver,Manufacturing,,0.50,,,,,,6173,,,,,,,CGBD,2020-08-05
Jensen Hughes Inc.,co_0ac1e52db096,Revolver,Other,,0.50,,,,,,1136,,,,,,,CGBD,2020-08-05
Jensen Hughes Inc.,co_0ac1e52db096,Delayed Draw,Other,,1.00,,,,,,2365,,,,,,,CGBD,2020-08-05
MAG DS Corp.,co_c49257271dab,Revolver,Software,,0.50,,,,,,2188,,,,,,,CGBD,2020-08-05
Marco Technologies LLC,co_a29b0d308d3c,Delayed Draw,Software,,1.00,,,,,,7500,,,,,,,CGBD,2020-08-05
MSHC Inc.,co_44446a10df04,Delayed Draw,Automotive,,1.00,,,,,,1913,,,,,,,CGBD,2020-08-05
Output Services Group,co_05105daaeb2b,Delayed Draw,Business Services,,4.25,,,,,,116,,,,,,,CGBD,2020-08-05
Premise Health Holding Corp.,co_a4dc6f3e051b,Delayed Draw,Automotive,,1.00,,,,,,1103,,,,,,,CGBD,2020-08-05
Propel Insurance Agency LLC,co_789f41331519,Revolver,Financial Services,,0.50,,,,,,2381,,,,,,,CGBD,2020-08-05
Propel Insurance Agency LLC,co_789f41331519,Delayed Draw,Financial Services,,0.50,,,,,,7143,,,,,,,CGBD,2020-08-05
QW Holding Corp.,co_70351f8f3641,Revolver,Automotive,,0.50,,,,,,5498,,,,,,,CGBD,2020-08-05
Situs Group Holdings Corp.,co_94ba228a45f5,Delayed Draw,Financial Services,,1.00,,,,,,1216,,,,,,,CGBD,2020-08-05
The Original Cakerie Ltd.,co_a7f0f2dcca36,Revolver,Food & Beverage,,0.50,,,,,,1199,,,,,,,CGBD,2020-08-05
Welocalize Inc.,co_6be7b3e117cd,Revolver,Software,,0.50,,,,,,2057,,,,,,,CGBD,2020-08-05
WIRB - Copernicus Group Inc.,co_b21c83a43b14,Revolver,Automotive,,0.50,,,,,,1000,,,,,,,CGBD,2020-08-05
WIRB - Copernicus Group Inc.,co_b21c83a43b14,Delayed Draw,Automotive,,1.00,,,,,,2592,,,,,,,CGBD,2020-08-05
WRE Holding Corp.,co_5b5c0afc5d70,Revolver,Manufacturing,,0.50,,,,,,441,,,,,,,CGBD,2020-08-05
BK Intermediate Company LLC,co_9c24270e6469,Common Equity,Pharmaceuticals & Biotechnology,,,,,,2020-05-27,,,,288,288,319,0.04,,CGBD,2020-08-05
Titan DI Preferred Holdings Inc.,co_b68318ca8606,Preferred Equity,Energy,,,,,,2020-02-11,,,,10518,10226,,10097,,CGBD,2020-08-05
AmeriLife Holdings LLC,co_79b70b5ba514,Delayed Draw,Financial Services,1.00,,,,,,,,1136,,,,,,CGBD,2020-08-05
Analogic Corp.,co_bd17688157fc,Revolver,Other,0.50,,,,,,,,1975,,,,,,CGBD,2020-08-05
BK Medical Holding Company Inc.,co_bfc777c4dfa7,Revolver,Other,0.50,,,,,,,,2609,,,,,,CGBD,2020-08-05
Chemical Computing Group ULC,co_71c79ae59091,Revolver,Software,0.50,,,,,,,,873,,,,,,CGBD,2020-08-05
VRC Companies LLC,co_0df1ee612826,Delayed Draw,Financial Services,0.75,,,,,,,,5574,,,,,,CGBD,2020-08-05
VRC Companies LLC,co_0df1ee612826,Revolver,Financial Services,0.50,,,,,,,,858,,,,,,CGBD,2020-08-05
WRE Holding Corp.,co_5b5c0afc5d70,Delayed Draw,Real Estate,1.00,,,,,,,,1981,,,,,,CGBD,2020-08-05
Zywave Inc.,co_cf8763f0fd26,Revolver,Software,0.50,,,,,,,,1125,,,,,,CGBD,2020-08-05
Aero Operating LLC,co_60804094b24c,Revolver,Other,1.00,,,,,,,,159,,,,,,CGBD,2020-08-05
Airnov Inc.,co_50a764ae1ed8,Revolver,Other,0.50,,,,,,,,1250,,,,,,CGBD,2020-08-05
American Physician Partners LLC,co_ce851508bd98,Revolver,Automotive,0.50,,,,,,,,1500,,,,,,CGBD,2020-08-05
AMS Group HoldCo LLC,co_84b27961d01b,Revolver,Other,0.50,,,,,,,,2315,,,,,,CGBD,2020-08-05
Apptio Inc.,co_ae4004d5dc68,Revolver,Software,0.50,,,,,,,,2367,,,,,,CGBD,2020-08-05
BMS Holdings III Corp.,co_e38d828a5344,Delayed Draw,Other,1.00,,,,,,,,3333,,,,,,CGBD,2020-08-05
Captive Resources Midco LLC,co_2ec112319e88,Revolver,Other,0.50,,,,,,,,2143,,,,,,CGBD,2020-08-05
Chartis Group LLC,co_e10f9ab19402,Revolver,Automotive,0.50,,,,,,,,2401,,,,,,CGBD,2020-08-05
Chartis Group LLC,co_e10f9ab19402,Delayed Draw,Automotive,0.50,,,,,,,,6402,,,,,,CGBD,2020-08-05
Comar Holding Company LLC,co_c5afda078f0a,Delayed Draw,Other,1.00,,,,,,,,5136,,,,,,CGBD,2020-08-05
Cority Software Inc.,co_fbd5965454cb,Revolver,Software,0.50,,,,,,,,3000,,,,,,CGBD,2020-08-05
DermaRite Industries LLC,co_f3b88623d4b0,Revolver,Automotive,0.50,,,,,,,,807,,,,,,CGBD,2020-08-05
Dimensional Dental Management LLC,co_32da433e22e8,Revolver,Automotive,0.50,,,,,,,,48,,,,,,CGBD,2020-08-05
Evolve IP,co_74b7647e00af,Revolver,Software,0.50,,,,,,,,2941,,,,,,CGBD,2020-08-05
Evolve IP,co_74b7647e00af,Delayed Draw,Software,1.00,,,,,,,,3922,,,,,,CGBD,2020-08-05
FWR Holding Corp.,co_fdc8a239ac0f,Delayed Draw,Other,1.00,,,,,,,,87,,,,,,CGBD,2020-08-05
GRO Sub Holdco LLC,co_33834f3dab4d,Revolver,Other,0.50,,,,,,,,1071,,,,,,CGBD,2020-08-05
Airnov Inc.,co_50a764ae1ed8,Revolver,Other,0.50%,,,,2020-08-05,,,,1250,,,,,,CGBD,2020-08-05
American Physician Partners LLC,co_ce851508bd98,Revolver,Automotive,0.50%,,,,2020-08-05,,,,550,,,,,,CGBD,2020-08-05
AMS Group HoldCo LLC,co_84b27961d01b,Revolver,Other,0.50%,,,,2020-08-05,,,,475,,,,,,CGBD,2020-08-05
Analogic Corp.,co_bd17688157fc,Revolver,Other,0.50%,,,,2020-08-05,,,,168,,,,,,CGBD,2020-08-05
Apptio Inc.,co_ae4004d5dc68,Revolver,Software,0.50%,,,,2020-08-05,,,,2367,,,,,,CGBD,2020-08-05
Chartis Holding LLC,co_12ad981616e3,Delayed Draw,Software,1.00%,,,,2020-08-05,,,,6402,,,,,,CGBD,2020-08-05
Chartis Holding LLC,co_12ad981616e3,Revolver,Software,0.50%,,,,2020-08-05,,,,2401,,,,,,CGBD,2020-08-05
Chemical Computing Group ULC,co_71c79ae59091,Revolver,Software,0.50%,,,,2020-08-05,,,,29,,,,,,CGBD,2020-08-05
CircusTrix Holdings LLC,co_0da73172bca3,Delayed Draw,Other,1.00%,,,,2020-08-05,,,,836,,,,,,CGBD,2020-08-05
Trump Card LLC,co_a898c0324cd3,Revolver,Other,0.50%,,,,2020-08-05,,,,635,,,,,,CGBD,2020-08-05
TSB Purchaser Inc.,co_0cb41f128ed7,Revolver,Software,0.50%,,,,2020-08-05,,,,1342,,,,,,CGBD,2020-08-05
US INFRA SVCS BUYER LLC,co_f97030249011,Delayed Draw,Other,0.50%,,,,2020-08-05,,,,28875,,,,,,CGBD,2020-08-05
US INFRA SVCS BUYER LLC,co_f97030249011,Revolver,Other,1.00%,,,,2020-08-05,,,,2275,,,,,,CGBD,2020-08-05
USLS Acquisition Inc.,co_9a016192323f,Revolver,Other,0.50%,,,,2020-08-05,,,,76,,,,,,CGBD,2020-08-05
VRC Companies LLC,co_0df1ee612826,Delayed Draw,Other,0.75%,,,,2020-08-05,,,,560,,,,,,CGBD,2020-08-05
VRC Companies LLC,co_0df1ee612826,Revolver,Other,0.50%,,,,2020-08-05,,,,1646,,,,,,CGBD,2020-08-05
Zemax Software Holdings LLC,co_e094da387f2d,Revolver,Software,0.50%,,,,2020-08-05,,,,642,,,,,,CGBD,2020-08-05
Zenith American Holding Inc.,co_0b3475a2a7b3,Delayed Draw,Other,1.00%,,,,2020-08-05,,,,2573,,,,,,CGBD,2020-08-05
Zenith American Holding Inc.,co_0b3475a2a7b3,Revolver,Other,0.50%,,,,2020-08-05,,,,1590,,,,,,CGBD,2020-08-05
Westfall Technik Inc.,co_568e9f46d6ad,Delayed Draw,Other,1.00%,,,,2020-08-05,,,,12190,,,,,,CGBD,2020-08-05
SolAero Technologies Corp.,co_074346ba96bd,First Lien,Telecommunications,,9.91%,LIBOR,8.00%,2019-04-12,2022-10-12,3166,3166,3166,,,,,,CGBD,2020-08-05
SolAero Technologies Corp.,co_074346ba96bd,First Lien,Telecommunications,,9.00%,LIBOR,,2019-04-12,2022-10-12,8707,8706,3069,0.35,,,,,CGBD,2020-08-05
SolAero Technologies Corp.,co_074346ba96bd,First Lien,Telecommunications,7.00%,,LIBOR,6.00%,2019-04-12,2022-10-12,9034,8930,9034,1.02,,,,,CGBD,2020-08-05
SolAero Technologies Corp.,co_074346ba96bd,First Lien,Telecommunications,7.91%,,LIBOR,6.00%,2019-04-12,2022-10-12,9612,9507,9612,,,,,,CGBD,2020-08-05
Middle Market Credit Fund Mezzanine Loan,co_26a6f0980b16,Other Debt,Financial Services,,,,,L,9.00%,2016-06-30,2021-05-18,93000,,93000,,93000,,CGBD,2020-08-05
Middle Market Credit Fund LLC,co_f17e3ce530d4,Subordinated Debt,Financial Services,,,,,,2016-02-29,2021-03-01,216000,216001,202263,20.2263,216001,,,CGBD,2020-08-05
Middle Market Credit Fund Mezzanine Loan,co_26a6f0980b16,Other Debt,Financial Services,,,,,9.00%,2016-06-30,2021-03-22,,,,,,,,CGBD,2020-08-05
Zywave Inc.,co_cf8763f0fd26,First Lien,Other,10.94%,,LIBOR,9.00%,2016-11-18,2023-11-17,3468,3432,3432,,,,,,CGBD,2020-08-05
DBI Holding LLC,co_4fc92ece2843,Preferred Equity,Transportation,,,,,,,13996,5364,5364,,,,,,CGBD,2020-08-05
DBI Holding LLC,co_4fc92ece2843,Common Equity,Transportation,,,,,,,2911,,,,,,,,CGBD,2020-08-05
SolAero Technologies Corp.,co_074346ba96bd,Common Equity,Telecommunications,,,,4/12/2019,,,,2815,2815,0,,,,,CGBD,2020-08-05
