company_name,company_id,investment_type,industry,cash_rate,pik_rate,reference_rate,spread,floor_rate,acquisition_date,maturity_date,principal_amount,amortized_cost,fair_value,percent_of_net_assets,cost,commitment_limit,undrawn_commitment,rate_cap,shares,data_quality_flags,ticker,filing_date
Altvia MidCo,co_922c33ffadd0,First Lien,,12.25%,,SOFR,8.08%,,,2027-07-18,11285,11222,11193,2.7%,11222,,,,,,SAR,2026-01-07
Altvia MidCo,co_922c33ffadd0,Preferred Equity,,,,,,,,,2084,2084,2767,0.7%,2084,,,,,,SAR,2026-01-07
BQE Software,co_253482aa87bd,First Lien,Software & Technology,9.67%,,SOFR,5.50%,,,2028-04-13,24500,24358,24728,6%,24358,,,,,,SAR,2026-01-07
Golden TopCo LP,co_2faa3d49376e,First Lien,,,,,,,,,1072,1072,1787,0.4%,1072,,,,,,SAR,2026-01-07
Artemis Wax Corp.,co_9a2f219fdbd8,First Lien,,11.02%,,SOFR,6.75%,,,2026-05-20,57500,57439,57006,13.8%,57439,,,,,,SAR,2026-01-07
Artemis Wax Corp.,co_9a2f219fdbd8,First Lien,,,,,,,,,332,1712,1995,0.5%,1712,,,,,,SAR,2026-01-07
Schoox,co_4ad187d943cd,Other Equity,,,,,,,,,1,548,4335,1%,548,,,,,,SAR,2026-01-07
Innergy,co_810afdb54786,First Lien,,9.67%,,SOFR,5.50%,,,2030-02-20,32000,31756,32074,7.8%,31756,,,,,,SAR,2026-01-07
Innergy,co_810afdb54786,Delayed Draw,,9.67%,,SOFR,5.50%,,,2030-02-20,2000,1983,2005,0.5%,1983,,,,,,SAR,2026-01-07
GreyHeller LLC,co_1aa55bdd5c31,First Lien,,,,,,,,,7858,1906,3923,0.9%,1906,,,,,,SAR,2026-01-07
Gen4 Dental Partners Holdings,co_7f143794ef73,First Lien,Healthcare,10.02%,,SOFR,5.75%,,,2030-05-13,7054,6997,7124,1.7%,6997,,,,,,SAR,2026-01-07
Gen4 Dental Partners Holdings,co_7f143794ef73,Delayed Draw,Healthcare,10.02%,,SOFR,5.75%,,,2030-05-13,,,,0%,,,,,,,SAR,2026-01-07
Gen4 Dental Partners Holdings,co_7f143794ef73,Revolver,Healthcare,10.02%,,SOFR,5.75%,,,2030-05-13,,,,0%,,,,,,,SAR,2026-01-07
Gen4 Dental Partners Holdings,co_7f143794ef73,Preferred Equity,Healthcare,,,,,,,,494,1028,1166,0.3%,1028,,,,,,SAR,2026-01-07
Modis Dental Partners OpCo,co_7d0d40098fc6,First Lien,Healthcare,13.69%,,SOFR,9.37%,,,2028-04-18,7000,6939,7090,1.8%,6939,,,,,,SAR,2026-01-07
Modis Dental Partners OpCo,co_7d0d40098fc6,Delayed Draw,Healthcare,13.69%,,SOFR,9.37%,,,2028-04-18,13000,12862,13166,3.2%,12862,,,,,,SAR,2026-01-07
Modis Dental Partners OpCo,co_7d0d40098fc6,Preferred Equity,Healthcare,,,,,,,,3200,3200,3829,0.9%,3200,,,,,,SAR,2026-01-07
Exigo,co_aafed35928bb,First Lien,,10.62%,,SOFR,6.25%,,,2027-03-16,23878,23805,22927,5.5%,23805,,,,,,SAR,2026-01-07
Exigo,co_aafed35928bb,Revolver,,10.62%,,SOFR,6.25%,,,2027-03-16,,,-25,0%,,,,,,,SAR,2026-01-07
Exigo,co_aafed35928bb,Common Equity,,,,,,,,,1042,1042,634,0.2%,1042,,,,,,SAR,2026-01-07
C2 Educational Systems,co_9ccad0f12000,First Lien,Education,12.67%,,SOFR,8.50%,,,2026-11-30,23000,23000,22968,5.6%,23000,,,,,,SAR,2026-01-07
C2 Education Systems,co_9ccad0f12000,Preferred Equity,Education,,,,,,,,3,500,629,0.2%,500,,,,,,SAR,2026-01-07
Ready Education,co_3edfc2232e2a,First Lien,Education,11.17%,,SOFR,7.00%,,,2027-08-05,32000,31852,31955,7.7%,31852,,,,,,SAR,2026-01-07
TG Pressure Washing Holdings,co_d428a2262a9f,Preferred Equity,,,,,,,,,488,488,,0%,488,,,,,,SAR,2026-01-07
Facilities Maintenance,co_24b22c9374ab,Other,Industrials,,,,,,,,,488,,0%,488,,,,,,SAR,2026-01-07
GDS Software Holdings,co_b85029679ca7,First Lien,Software & Technology,11.17%,,SOFR,7.00%,,,2026-12-30,22714,22674,22714,5.6%,22674,,,,,,SAR,2026-01-07
GDS Software Holdings,co_b85029679ca7,Delayed Draw,Software & Technology,11.17%,,SOFR,7.00%,,,2026-12-30,3286,3271,3286,0.8%,3271,,,,,,SAR,2026-01-07
GDS Software Holdings,co_b85029679ca7,Common Equity,Software & Technology,,,,,,,,250,250,292,0.1%,250,,,,,,SAR,2026-01-07
Financial Services,co_13425bd9e339,Other,Financial Services,,,,,,,,,26195,26292,6.5%,26195,,,,,,SAR,2026-01-07
Inspect Point Holdings,co_233b0427de7f,First Lien,,9.77%,,SOFR,5.50%,,,2029-07-19,20000,19855,20050,4.9%,19855,,,,,,SAR,2026-01-07
Inspect Point Holdings,co_233b0427de7f,Delayed Draw,,9.77%,,SOFR,5.50%,,,2029-07-19,,,,0%,,,,,,,SAR,2026-01-07
Fire Inspection Business Software,co_967d677563c1,Other,Financial Services,,,,,,,,,19855,20050,4.9%,19855,,,,,,SAR,2026-01-07
Stretch Zone Franchising,co_f6430eeaacf2,First Lien,,11.17%,,SOFR,7.00%,,,2028-03-31,16229,16140,15554,3.8%,16140,,,,,,SAR,2026-01-07
Stretch Zone Franchising,co_f6430eeaacf2,First Lien,,11.17%,,SOFR,7.00%,,,2028-03-31,8739,8688,8375,2%,8688,,,,,,SAR,2026-01-07
Stretch Zone Franchising,co_f6430eeaacf2,Other Equity,,,,,,,,,20,2000,878,0.2%,2000,,,,,,SAR,2026-01-07
Health/Fitness Franchisor,co_8ddd56d96fcc,Other,Healthcare,,,,,,,,,26829,24806,6%,26829,,,,,,SAR,2026-01-07
Alpha Aesthetics Partners OpCo,co_d63b16b52b3b,First Lien,,14.18%,,SOFR,9.85%,,,2028-03-20,3900,3866,3952,1%,3866,,,,,,SAR,2026-01-07
Alpha Aesthetics Partners OpCo,co_d63b16b52b3b,Delayed Draw,,14.18%,,SOFR,9.85%,,,2028-03-20,15100,14952,15302,3.7%,14952,,,,,,SAR,2026-01-07
Alpha Aesthetics Partners OpCo,co_d63b16b52b3b,Preferred Equity,,,,,,,,,3675,3675,3520,0.9%,3675,,,,,,SAR,2026-01-07
Healthcare Services,co_004a277e5424,First Lien,Healthcare,10.42%,,SOFR,6.25%,,,2028-12-31,70000,69699,70140,17%,69699,,,,,,SAR,2026-01-07
Healthcare Services,co_004a277e5424,Other,Healthcare,,,,,,,,,92192,92915,22.6%,92192,,,,,,SAR,2026-01-07
Procurement Partners,co_0e8056dfe99d,First Lien,,10.67%,,SOFR,6.50%,,,2026-05-12,35125,35078,35125,8.5%,35078,,,,,,SAR,2026-01-07
Procurement Partners,co_0e8056dfe99d,Delayed Draw,,10.67%,,SOFR,6.50%,,,2026-05-12,10300,10308,10300,2.5%,10308,,,,,,SAR,2026-01-07
Procurement Partners Holdings LLC,co_d645ad4b85cd,First Lien,,,,,,,,,571,571,285,0.1%,571,,,,,,SAR,2026-01-07
Procurement Partners Holdings LLC,co_d645ad4b85cd,First Lien,,,,,,,,,220,31,74,0%,31,,,,,,SAR,2026-01-07
Healthcare Software,co_0a2c51ad7d1e,Other,Healthcare,,,,,,,,,45988,45783,11.1%,45988,,,,,,SAR,2026-01-07
Roscoe Medical,co_466e0a08d672,Common Equity,Healthcare,,,,,,,,5,508,,0%,508,,,,,,SAR,2026-01-07
Healthcare Supply,co_ec8bd67d5254,Other,Healthcare,,,,,,,,,508,,0%,508,,,,,,SAR,2026-01-07
Granite Comfort,co_e9dcbd610487,First Lien,,11.57%,,SOFR,7.40%,,,2027-05-16,43000,42884,42458,10.3%,42884,,,,,,SAR,2026-01-07
Granite Comfort,co_e9dcbd610487,Delayed Draw,,11.57%,,SOFR,7.40%,,,2027-05-16,9993,9947,9867,2.4%,9947,,,,,,SAR,2026-01-07
HVAC Services and Sales,co_7fa9a03d62ce,Other,Industrials,,,,,,,,,52831,52325,12.7%,52831,,,,,,SAR,2026-01-07
AgencyBloc,co_a8ce716c03a4,First Lien,,12.03%,,SOFR,7.76%,,,2026-10-01,15436,15401,15436,3.7%,15401,,,,,,SAR,2026-01-07
Panther ParentCo LLC,co_d6aa71008863,First Lien,,,,,,,,,2500,2500,5749,1.4%,2500,,,,,,SAR,2026-01-07
Insurance Software,co_8aee202b99eb,Other,Insurance,,,,,,,,,17901,21185,5.1%,17901,,,,,,SAR,2026-01-07
Avantra,co_99db6f8736df,First Lien,,12.14%,,SOFR,7.97%,,,2029-09-20,17000,16846,16971,4.1%,16846,,,,,,SAR,2026-01-07
Maple Holdings Midco Ltd.,co_50c4de86dc50,First Lien,,,,,,,,,2000,2000,2294,0.6%,2000,,,,,,SAR,2026-01-07
IT Services,co_f26c1e205d65,Other,Software & Technology,,,,,,,,,18846,19265,4.7%,18846,,,,,,SAR,2026-01-07
ActiveProspect,co_f72703f1d27b,First Lien,,10.37%,,SOFR,6.00%,,,2027-08-08,11526,11483,11526,2.8%,11483,,,,,,SAR,2026-01-07
ActiveProspect,co_f72703f1d27b,Delayed Draw,,10.37%,,SOFR,6.00%,,,2027-08-08,,,,0%,,,,,,,SAR,2026-01-07
Lead Management Software,co_43e3f5bc1d12,Other,Software & Technology,,,,,,,,,11483,11526,2.8%,11483,,,,,,SAR,2026-01-07
Madison Logic,co_18bc5b944100,First Lien,,11.37%,,SOFR,7.00%,,,2028-12-30,19030,18864,17871,4.3%,18864,,,,,,SAR,2026-01-07
Marketing Orchestration Software,co_e0c1451f4bbd,Other,Software & Technology,,,,,,,,,18864,17871,4.3%,18864,,,,,,SAR,2026-01-07
ARC Health OpCo LLC,co_09f341de37db,First Lien,,,,,,,,,3818,4170,297,0.1%,4170,,,,,,SAR,2026-01-07
Mental Healthcare Services,co_91e7b5beb15f,Other,Healthcare,,,,,,,,,4170,297,0.1%,4170,,,,,,SAR,2026-01-07
Chronus LLC,co_ab956dac59bd,First Lien,,9.19%,,SOFR,5.25%,,,2026-08-26,15000,14970,14684,3.6%,14970,,,,,,SAR,2026-01-07
Chronus LLC,co_ab956dac59bd,First Lien,,9.94%,,SOFR,6.00%,,,2026-08-26,5000,4985,4894,1.2%,4985,,,,,,SAR,2026-01-07
Chronus LLC,co_ab956dac59bd,First Lien,,,,,,,,,3,3000,1159,0.3%,3000,,,,,,SAR,2026-01-07
Mentoring Software,co_29f6e1c79d97,Other,Software & Technology,,,,,,,,,22955,20737,5.1%,22955,,,,,,SAR,2026-01-07
Cloudpermit,co_a0a7b3aa8ae1,First Lien,Software & Technology,9.92%,,SOFR,5.75%,,,2029-09-05,28000,27779,27989,6.8%,27779,,,,,,SAR,2026-01-07
Cloudpermit,co_a0a7b3aa8ae1,First Lien,Software & Technology,,,,,,,,2,2000,2340,0.6%,2000,,,,,,SAR,2026-01-07
Emily Street Enterprises,co_d07f313fef33,First Lien,,11%,,SOFR,6.75%,,,2028-12-31,5300,5287,5339,1.3%,5287,,,,,,SAR,2026-01-07
Office Supplies,co_b3a348ecfc06,Other,,,,,,,,,,5287,5339,1.3%,5287,,,,,,SAR,2026-01-07
Source 44 LLC,co_1aeaee87f24c,First Lien,,6.75%,,SOFR,5.25%,,,2030-10-17,3000,2974,2974,0.7%,2974,,,,,,SAR,2026-01-07
PG Source Investments,co_4b974d9e0beb,Preferred Equity,Financial Services,,,,,,,,1,1500,1500,0.4%,1500,,,,,,SAR,2026-01-07
Product Compliance Software,co_21550fc1cfac,Other,Software & Technology,,,,,,,,,4464,4474,1.1%,4464,,,,,,SAR,2026-01-07
Buildout,co_a8a5343533ba,First Lien,,11.27%,,SOFR,7.00%,,,2025-12-31,14000,14000,13706,3.3%,14000,,,,,,SAR,2026-01-07
Buildout,co_a8a5343533ba,Delayed Draw,,11.27%,,SOFR,7.00%,,,2025-12-31,38500,38500,37692,9.1%,38500,,,,,,SAR,2026-01-07
Buildout,co_a8a5343533ba,Other Equity,,,,,,,,,1,1373,781,0.2%,1373,,,,,,SAR,2026-01-07
Real Estate Services,co_ace48db0c4c1,Other,Real Estate,,,,,,,,,53873,52179,12.6%,53873,,,,,,SAR,2026-01-07
Wellspring Worldwide Inc.,co_0073761b61c0,First Lien,,12.59%,,SOFR,8.42%,,,2029-02-28,9372,9319,9372,2.3%,9319,,,,,,SAR,2026-01-07
Wellspring Worldwide Inc.,co_0073761b61c0,First Lien,,12.59%,,SOFR,8.42%,,,2029-02-28,25310,25076,25310,6.2%,25076,,,,,,SAR,2026-01-07
Archimedes Parent LLC,co_8a52a57e8d45,First Lien,,,,,,,,,2475,2475,2111,0.5%,2475,,,,,,SAR,2026-01-07
Research Software,co_6a220690b1ca,Other,Software & Technology,,,,,,,,,36870,36793,9%,36870,,,,,,SAR,2026-01-07
Angry Chickz,co_193767d64bf5,First Lien,,8.61%,,SOFR,4.75%,,,2030-10-09,7900,7860,7860,1.9%,7860,,,,,,SAR,2026-01-07
Angry Chickz,co_193767d64bf5,Delayed Draw,,8.61%,,SOFR,4.75%,,,2030-10-09,,,,0%,,,,,,,SAR,2026-01-07
LFR Chicken LLC,co_8e06ac6d9fca,First Lien,,8.36%,,SOFR,4.50%,,,2030-11-26,22000,21878,21910,5.4%,21878,,,,,,SAR,2026-01-07
LFR Chicken LLC,co_8e06ac6d9fca,First Lien,,8.36%,,SOFR,4.50%,,,2030-11-26,18000,17947,17926,4.3%,17947,,,,,,SAR,2026-01-07
LFR Chicken LLC,co_8e06ac6d9fca,First Lien,,,,,,,,,497,1000,1858,0.4%,1000,,,,,,SAR,2026-01-07
Restaurant,co_ee275d64dafc,Other,Food & Beverage,,,,,,,,,48686,49554,12%,48686,,,,,,SAR,2026-01-07
SAI Systems Health,co_0e271dd9e0fa,First Lien,,11.57%,,SOFR,5.00%,,,2030-11-24,28000,27825,27825,6.7%,27825,,,,,,SAR,2026-01-07
SAI Systems Health,co_0e271dd9e0fa,Delayed Draw,,11.57%,,SOFR,5.00%,,,2030-11-24,,,,0%,,,,,,,SAR,2026-01-07
SAI Systems Health Topco,co_850380e1f452,Other Equity,,,,,,,,,350,350,350,0.1%,350,,,,,,SAR,2026-01-07
Healthcare Software and Services,co_8c78c7dbb8f3,Other,Healthcare,,,,,,,,,28175,28175,6.8%,28175,,,,,,SAR,2026-01-07
Avionte Holdings,co_4f42b604bcde,Other Equity,,,,,,,,,100,100,2392,0.6%,100,,,,,,SAR,2026-01-07
Staffing Services,co_a7c860f5d199,Other,Business Services,,,,,,,,,100,2392,0.6%,100,,,,,cost_suspicious_vs_size,SAR,2026-01-07
AIMCO 2025-24A E,co_df5b38f91622,First Lien,,10.27%,,SOFR,6.10%,,,2038-04-19,1500,1500,1534,0.4%,1500,,,,,,SAR,2026-01-07
APID 2023-45A ER,co_d6b72ff6bfa2,First Lien,,9.32%,,SOFR,5.15%,,,2038-07-26,2800,2800,2834,0.7%,2800,,,,,,SAR,2026-01-07
APID 2017-28A DR,co_f469641191e6,First Lien,,9.17%,,SOFR,5.00%,,,2038-10-20,2500,2500,2518,0.6%,2500,,,,,,SAR,2026-01-07
BGCLO 2025-13A D2,co_f4de3e1f83aa,First Lien,,8.22%,,SOFR,4.05%,,,2038-10-23,2000,2000,2005,0.5%,2000,,,,,,SAR,2026-01-07
BSP 2016-10A C2R3,co_1fb438c73667,First Lien,,8.27%,,SOFR,4.10%,,,2038-07-20,2000,2000,2012,0.5%,2000,,,,,,SAR,2026-01-07
BSP 2020-21A ER2,co_234cca35ea3a,First Lien,,8.74%,,SOFR,4.95%,,,2039-01-15,1500,1500,1505,0.4%,1500,,,,,,SAR,2026-01-07
BSP 2025-40A E,co_94feceba92c6,First Lien,,9.42%,,SOFR,5.25%,,,2038-07-25,3000,3000,3013,0.7%,3000,,,,,,SAR,2026-01-07
HLM 2025-26A D2,co_ab5146f4b141,First Lien,,8.27%,,SOFR,4.10%,,,2038-07-20,2000,2000,2008,0.5%,2000,,,,,,SAR,2026-01-07
NMC CLO-4A ER,co_867e502a1982,First Lien,,11.08%,,SOFR,6.91%,,,2038-03-20,1000,980,1021,0.2%,980,,,,,,SAR,2026-01-07
NMC CLO-7A E,co_867e502a1982,First Lien,,9.17%,,SOFR,5.00%,,,2038-03-31,1000,1000,1000,0.2%,1000,,,,,,SAR,2026-01-07
NMC CLO-5A ER,co_867e502a1982,First Lien,,10.02%,,SOFR,5.85%,,,2036-07-20,3000,3000,3010,0.7%,3000,,,,,,SAR,2026-01-07
NMC CLO-3A D2R,co_46732cc6122d,First Lien,,8.27%,,SOFR,4.10%,,,2038-10-20,2250,2250,2270,0.5%,2250,,,,,,SAR,2026-01-07
OAKC 2016-13A ER2,co_3c5f5cb7f55b,First Lien,,9.92%,,SOFR,5.75%,,,2037-10-21,1000,976,1008,0.2%,976,,,,,,SAR,2026-01-07
OAKC 2025-22A E,co_220381c865b0,First Lien,,9.72%,,SOFR,5.55%,,,2038-07-20,1250,1250,1265,0.3%,1250,,,,,,SAR,2026-01-07
OAKC 2020-7A D2R2,co_94313e1b5d7b,First Lien,,8.22%,,SOFR,4.05%,,,2038-07-19,3250,3250,3264,0.9%,3250,,,,,,SAR,2026-01-07
OCP 2025-43A E,co_1aaaaf546d01,First Lien,,10.67%,,SOFR,6.50%,,,2038-07-20,1000,1000,1022,0.2%,1000,,,,,,SAR,2026-01-07
OCP 2023-28A,co_873e5a139571,First Lien,,9.42%,,SOFR,5.25%,,,2038-07-16,3000,3000,3027,0.7%,3000,,,,,,SAR,2026-01-07
OCP 2016-11A D2R3,co_0b907fce283a,First Lien,,8.27%,,SOFR,4.10%,,,2038-07-26,1500,1500,1508,0.4%,1500,,,,,,SAR,2026-01-07
POST 2023-1A D2R,co_2ed966c29d99,First Lien,,7.74%,,SOFR,3.95%,,,2038-10-20,1000,1000,1002,0.2%,1000,,,,,,SAR,2026-01-07
REGT6 2016-1A ER3,co_7a817c88edaf,First Lien,,9.24%,,SOFR,5.45%,,,2038-10-20,1500,1500,1509,0.4%,1500,,,,,,SAR,2026-01-07
REGT23 2021-1A D2R,co_4a85420b6f9f,First Lien,,7.79%,,SOFR,4.00%,,,2038-10-15,2000,2000,2004,0.5%,2000,,,,,,SAR,2026-01-07
TREST 2017-1A ERR,co_8470ebc7925c,First Lien,,10.12%,,SOFR,5.95%,,,2037-07-25,1250,1257,1268,0.3%,1257,,,,,,SAR,2026-01-07
WBOX 2023-4A ER,co_9d4dc59c8581,First Lien,,10.65%,,SOFR,6.48%,,,2036-04-20,2000,1970,2022,0.5%,1970,,,,,,SAR,2026-01-07
WBOX 2025-5A D2,co_c2ea47f815b5,First Lien,,8.27%,,SOFR,4.10%,,,2038-07-20,2000,2000,2003,0.5%,2000,,,,,,SAR,2026-01-07
Structured Finance Securities,co_5c265dc86b15,Other,Financial Services,,,,,,,,,45233,45633,11%,45233,,,,,,SAR,2026-01-07
StockIQ Technologies,co_64d5739254e5,First Lien,,9.42%,,SOFR,5.25%,,,2030-03-26,10000,9920,9977,2.4%,9920,,,,,,SAR,2026-01-07
StockIQ Technologies,co_64d5739254e5,Delayed Draw,,9.42%,,SOFR,5.25%,,,2030-03-26,500,496,499,0.1%,496,,,,,,SAR,2026-01-07
StockIQ Technologies,co_64d5739254e5,Other Equity,,,,,,,,,200,200,218,0.1%,200,,,,,,SAR,2026-01-07
Supply Chain Planning Software,co_4825e88a55f0,Other,Software & Technology,,,,,,,,,10615,10694,2.6%,10615,,,,,,SAR,2026-01-07
JDXpert,co_19aafca74627,First Lien,,12.93%,,SOFR,8.50%,,,2027-05-02,6000,5976,6000,1.6%,5976,,,,,,SAR,2026-01-07
JDXpert,co_19aafca74627,First Lien,,12.93%,,SOFR,8.50%,,,2027-05-02,1000,995,1000,0.2%,995,,,,,,SAR,2026-01-07
JDXpert,co_19aafca74627,First Lien,,12.93%,,SOFR,8.50%,,,2027-05-02,500,497,500,0.1%,497,,,,,,SAR,2026-01-07
Jobvite,co_4679eadb2720,First Lien,,11.67%,,SOFR,7.50%,,,2028-08-05,20000,19918,19830,4.8%,19918,,,,,,SAR,2026-01-07
Talent Acquisition Software,co_089f28466295,Other,Software & Technology,,,,,,,,,27388,27330,6.7%,27388,,,,,,SAR,2026-01-07
VetnCare MSO,co_4216d7a47a1b,Delayed Draw,,9.92%,,SOFR,5.75%,,,2028-05-12,13291,13232,13361,3.2%,13232,,,,,,SAR,2026-01-07
Veterinary Services,co_8954ffe252df,Other,Healthcare,,,,,,,,,13232,13361,3.2%,13232,,,,,,SAR,2026-01-07
Sub Total Non-control/Non-affiliate investments,co_61b3e53ac98d,Other,Financial Services,,,,,,,,,909611,921123,2.24%,909611,,,,,,SAR,2026-01-07
ETU Holdings,co_32302481e444,First Lien,,13.32%,,SOFR,9.00%,,,2027-08-18,7100,7070,7100,1.7%,7070,,,,,,SAR,2026-01-07
ETU Holdings,co_32302481e444,Second Lien,,,15%,,,,,2028-02-18,7968,7942,7638,1.8%,7942,,,,,,SAR,2026-01-07
ETU Holdings,co_32302481e444,Preferred Equity,,,,,,,,,854,3000,,0%,3000,,,,,,SAR,2026-01-07
Axero Holdings,co_ce8092000970,First Lien,,2.5%,,SOFR,2.50%,,,2027-12-31,16781,16766,16840,4.2%,16766,,,,,,SAR,2026-01-07
Axero Holdings,co_ce8092000970,Delayed Draw,,2.5%,,SOFR,2.50%,,,2027-12-31,1191,1187,1195,0.3%,1187,,,,,,SAR,2026-01-07
Axero Holdings,co_ce8092000970,Revolver,,2.5%,,SOFR,2.50%,,,2027-12-31,,,,0%,,,,,,,SAR,2026-01-07
Axero Holdings,co_ce8092000970,Preferred Equity,,,,,,,,,2056,2056,3988,1%,2056,,,,,,SAR,2026-01-07
Axero Holdings,co_ce8092000970,Preferred Equity,,,,,,,,,2056,2056,6319,1.5%,2056,,,,,,SAR,2026-01-07
Employee Collaboration Software,co_71088ae4c053,Other,Software & Technology,,,,,,,,,22065,28342,7%,22065,,,,,,SAR,2026-01-07
SmartAC.com,co_e9e303c1b5ca,First Lien,,11.67%,,SOFR,7.50%,,,2030-04-07,5397,5359,5379,1.3%,5359,,,,,,SAR,2026-01-07
SmartAC.com,co_e9e303c1b5ca,Delayed Draw,,11.67%,,SOFR,7.50%,,,2030-04-07,,,,0%,,,,,,,SAR,2026-01-07
SmartAC.com,co_e9e303c1b5ca,Preferred Equity,,,,,,,,,1262,3000,3110,0.8%,3000,,,,,,SAR,2026-01-07
HVAC Monitoring Devices,co_acd53584515a,Other,Industrials,,,,,,,,,8359,8489,2.1%,8359,,,,,,SAR,2026-01-07
Sub Total Affiliate investments,co_012711e9e572,Other,Financial Services,,,,,,,,,49166,52299,12.8%,49166,,,,,,SAR,2026-01-07
Zollege PBC,co_c7dce9259c9a,First Lien,,,4.84%,,,,,2027-08-09,1558,1558,1217,0.3%,1558,,,,,,SAR,2026-01-07
Zollege PBC,co_c7dce9259c9a,First Lien,,,,,,,,,7731,559,7672,1.9%,559,,,,,,SAR,2026-01-07
Pepper Palace,co_51e3926d6c93,First Lien,,,4.42%,,,,,2028-12-31,2400,2400,1279,0.3%,2400,,,,,,SAR,2026-01-07
Pepper Palace,co_51e3926d6c93,Delayed Draw,,,4.42%,,,,,2028-12-31,400,400,213,0.1%,400,,,,,,SAR,2026-01-07
Pepper Palace,co_51e3926d6c93,Revolver,,,4.42%,,,,,2028-12-31,1000,1000,533,0.1%,1000,,,,,,SAR,2026-01-07
Pepper Palace,co_51e3926d6c93,Other Equity,,,,,,,,,100,139,,0%,139,,,,,,SAR,2026-01-07
Specialty Food Retailer,co_5a0cf31283c9,Other,Food & Beverage,,,,,,,,,3939,2025,0.5%,3939,,,,,,SAR,2026-01-07
Saratoga Investment Corp.,co_06843daa859c,First Lien,Financial Services,0%,,,,,,2033-04-20,111000,14410,,0%,14410,,,,,,SAR,2026-01-07
Saratoga Investment Corp.,co_06843daa859c,Other Equity,Financial Services,14.43%,,SOFR,10.00%,,,2033-04-20,9375,9375,121,0%,9375,,,,,fair_value_suspicious_vs_size,SAR,2026-01-07
Saratoga Investment Corp.,co_06843daa859c,Other Equity,Financial Services,11.14%,,SOFR,7.35%,,,2037-10-20,8750,8444,8729,2.1%,8444,,,,,,SAR,2026-01-07
Structured Finance Securities,co_5c265dc86b15,Other,Financial Services,,,,,,,,,32229,8850,2.1%,32229,,,,,,SAR,2026-01-07
Saratoga Senior Loan Fund I JV,co_af193fd34d7e,Unsecured Debt,,10%,,,,,,2033-10-20,17619,17619,16183,3.9%,17619,,,,,,SAR,2026-01-07
Saratoga Senior Loan Fund I JV,co_af193fd34d7e,Other Equity,,,,,,,,,19198,19198,6582,1.6%,19198,,,,,,SAR,2026-01-07
Investment Fund,co_8d74fce00029,Other,Financial Services,,,,,,,,,36817,22765,5.5%,36817,,,,,,SAR,2026-01-07
Sub Total Control investments,co_0402cc570702,Other,Financial Services,,,,,,,,,75101,42528,10.3%,75101,,,,,,SAR,2026-01-07
ALTISOURCE PORTFOLIO SOL Banking Finance Insurance & Real Estate Common Stock,co_f3fd487dda8d,Other Equity,Insurance,,,,,,,,,216,358,,216,,,,37028,,SAR,2026-01-07
Altisource Portfolio Solutions,co_5024f9359b61,Warrants,,,,,,,,,,4,0,,4,,,,990,,SAR,2026-01-07
Altisource Portfolio Solutions,co_5024f9359b61,Warrants,,,,,,,,,,3,0,,3,,,,990,,SAR,2026-01-07
Franchise Group Inc.,co_eed9149e8c4f,Other Equity,,,,,,,,,,747,1104,,747,,,,32460,,SAR,2026-01-07
Resolute Investment Managers (American Beacon) Inc.,co_4cc6b1d4997f,Common Equity,Financial Services,,,,,,,,,1035,79,,1035,,,,24320,,SAR,2026-01-07
1011778 B.C Unltd Liability Co,co_b8c55d8db835,First Lien,,5.71%,,SOFR,1.75%,0%,,2030-09-20,,1351,1363,,1351,,,,1365038,,SAR,2026-01-07
19TH HOLDINGS GOLF,co_8f5695ef1aa4,First Lien,Consumer & Retail,7.36%,,SOFR,3.25%,0.5%,,2029-02-07,,2369,2433,,2369,,,,2429698,,SAR,2026-01-07
888 Acquisitions Ltd.,co_7d937feadb8f,First Lien,,9.05%,,SOFR,5.25%,0%,,2028-07-08,,2821,2789,,2821,,,,3013396,,SAR,2026-01-07
Adtalem Global Education Inc.,co_89a43e5e6531,First Lien,Education,6.71%,,SOFR,2.75%,0.75%,,2028-08-12,,237,238,,237,,,,237528,,SAR,2026-01-07
Agiliti Health Inc.,co_d6ac89c3e55a,First Lien,,6.86%,,SOFR,3%,0%,,2030-05-01,,2126,2059,,2126,,,,2137785,,SAR,2026-01-07
AHEAD DB Holdings,co_b5b5a469e8de,First Lien,Business Services,6.75%,,SOFR,2.75%,0.75%,,2031-02-01,,2823,2856,,2823,,,,2873938,,SAR,2026-01-07
Air Canada,co_121592d5e6ca,First Lien,,5.96%,,SOFR,2%,0%,,2031-03-21,,983,986,,983,,,,985000,,SAR,2026-01-07
AIT Worldwide Logistics Holdings,co_675b5ce0f3d0,First Lien,Transportation & Logistics,7.89%,,SOFR,4%,0.75%,,2030-04-08,,2338,2446,,2338,,,,2437279,,SAR,2026-01-07
AlixPartners LLP,co_73be5249096e,First Lien,,5.96%,,SOFR,2%,0%,,2032-08-12,,239,239,,239,,,,239374,,SAR,2026-01-07
Allen Media,co_d4aff8afc078,First Lien,Media & Entertainment,9.65%,,SOFR,5.5%,0%,,2027-02-10,,4262,2984,,4262,,,,4269969,,SAR,2026-01-07
Alliant Holdings Intermediate,co_9190b051510a,First Lien,Insurance,6.46%,,SOFR,2.5%,0%,,2031-09-19,,791,791,,791,,,,791044,,SAR,2026-01-07
Alterra Mountain Company,co_ebda6135ee1f,First Lien,,6.46%,,SOFR,2.5%,0%,,2030-05-31,,248,248,,248,,,,248128,,SAR,2026-01-07
Altisource Solutions S.a r.l.,co_89c5fbf19193,First Lien,,10.6%,,SOFR,6.5%,3.5%,,2029-02-20,,487,498,,487,,,,497500,,SAR,2026-01-07
Altium Packaging LLC,co_2e7c05ea828b,First Lien,Containers & Packaging,6.46%,,SOFR,2.5%,0%,,2031-06-11,,478,457,,478,,,,478938,,SAR,2026-01-07
American Axle & Manufacturing Inc.,co_38046759d4f6,First Lien,Industrials,6.96%,,SOFR,3%,0.5%,,2029-12-13,,471,481,,471,,,,480000,,SAR,2026-01-07
American Greetings Corp.,co_693ee123b3e9,First Lien,,9.71%,,SOFR,5.75%,0%,,2029-10-30,,2870,2814,,2870,,,,2870880,,SAR,2026-01-07
Amynta Agency Borrower Inc.,co_6f192af7736c,First Lien,,6.71%,,SOFR,2.75%,0%,,2031-12-29,,3339,3400,,3339,,,,3398530,,SAR,2026-01-07
AP Core Holdings II LLC,co_ba3b3a8abad6,First Lien,,9.58%,,SOFR,5.5%,0.75%,,2027-09-01,,1590,1588,,1590,,,,1598950,,SAR,2026-01-07
AP Core Holdings II LLC,co_ba3b3a8abad6,First Lien,,9.58%,,SOFR,5.5%,0.75%,,2027-09-01,,497,496,,497,,,,500000,,SAR,2026-01-07
APEX GROUP TREASURY LLC,co_0e1ac3ff9e5b,First Lien,,7.39%,,SOFR,3.5%,0%,,2032-02-27,,468,436,,468,,,,487587,,SAR,2026-01-07
Aramark Services,co_587abcd9fa80,First Lien,Consumer & Retail,6.2%,,SOFR,2%,0%,,2030-06-22,,2221,2247,,2221,,,,2242497,,SAR,2026-01-07
Aramark Services,co_587abcd9fa80,First Lien,Consumer & Retail,5.71%,,SOFR,1.75%,0%,,2028-04-06,,1751,1755,,1751,,,,1753715,,SAR,2026-01-07
ARC FALCON I INC.,co_2082da7b6ddd,First Lien,,7.56%,,SOFR,3.5%,0.5%,,2028-09-23,,963,962,,963,,,,963774,,SAR,2026-01-07
ARCIS GOLF LLC,co_0c2d8c2c383d,First Lien,Healthcare,6.71%,,SOFR,2.75%,0.5%,,2028-11-24,,488,491,,488,,,,490696,,SAR,2026-01-07
Aretec Group Inc.,co_155e92ae5be1,First Lien,,6.96%,,SOFR,3%,0%,,2030-08-09,,2592,2610,,2592,,,,2603226,,SAR,2026-01-07
Ascensus Group Holdings Inc.,co_c88526fc844c,First Lien,,6.96%,,SOFR,3%,0%,,2028-08-02,,488,490,,488,,,,490842,,SAR,2026-01-07
Aspire Bakeries Holdings LLC,co_990bf8144bd8,First Lien,,7.47%,,SOFR,3.5%,0%,,2030-12-23,,882,893,,882,,,,888773,,SAR,2026-01-07
Asurion LLC,co_51e1762914ed,First Lien,,8.06%,,SOFR,4%,0%,,2028-08-19,,1888,1936,,1888,,,,1940000,,SAR,2026-01-07
Asurion LLC,co_51e1762914ed,First Lien,,8.21%,,SOFR,4.25%,0%,,2030-09-19,,2888,2841,,2888,,,,2890283,,SAR,2026-01-07
ATHENAHEALTH GROUP INC.,co_920d87dd5205,First Lien,,6.71%,,SOFR,2.75%,0.5%,,2029-02-15,,1295,1295,,1295,,,,1297280,,SAR,2026-01-07
Avolon TLB Borrower 1 (US) LLC,co_53cb6cb0e5f3,First Lien,,5.71%,,SOFR,1.75%,0%,,2030-06-22,,1428,1466,,1428,,,,1461577,,SAR,2026-01-07
Axalta Coating Systems US Holdings,co_5b3d7d963eb0,First Lien,,5.75%,,SOFR,1.75%,0.5%,,2029-12-20,,834,841,,834,,,,839665,,SAR,2026-01-07
B&G Foods Inc.,co_2e9dd7b08bab,First Lien,Food & Beverage,7.46%,,SOFR,3.5%,0%,,2029-10-10,,527,507,,527,,,,528285,,SAR,2026-01-07
Baldwin Insurance Group Holdings LLC,co_7850259a881c,First Lien,Insurance,6.46%,,SOFR,2.5%,0%,,2031-05-27,,1619,1634,,1619,,,,1627997,,SAR,2026-01-07
Belfor Holdings Inc.,co_0d130af3ad65,First Lien,,6.71%,,SOFR,2.75%,0.5%,,2030-11-04,,1380,1393,,1380,,,,1389941,,SAR,2026-01-07
Bengal Debt Merger Sub LLC,co_3d4cadc975ee,First Lien,,7.35%,,SOFR,3.25%,0.5%,,2029-01-24,,753,829,,753,,,,1161165,,SAR,2026-01-07
Bengal Debt Merger Sub LLC,co_3d4cadc975ee,First Lien,,5.1%,,SOFR,1%,0.5%,,2030-01-24,,153,147,,153,,,,397801,,SAR,2026-01-07
Blackstone Mortgage Trust Inc.,co_2c166c8fd5a5,First Lien,Financial Services,6.33%,,SOFR,2.25%,0%,,2026-04-23,,342,343,,342,,,,342601,,SAR,2026-01-07
Bombardier Recreational Products,co_f25307b38cd1,First Lien,Consumer & Retail,6.21%,,SOFR,2.25%,0%,,2031-01-22,,1412,1417,,1412,,,,1414986,,SAR,2026-01-07
Bombardier Recreational Products,co_f25307b38cd1,First Lien,Consumer & Retail,6.21%,,SOFR,2.25%,0.5%,,2029-12-13,,477,486,,477,,,,485109,,SAR,2026-01-07
Boost Newco Borrower LLC,co_6ee731848149,First Lien,,6%,,SOFR,2%,0%,,2031-01-31,,494,497,,494,,,,496256,,SAR,2026-01-07
Boxer Parent Company,co_9b96d5f73736,First Lien,Software & Technology,7.2%,,SOFR,3%,0%,,2031-07-30,,999,998,,999,,,,1002158,,SAR,2026-01-07
BroadStreet Partners Inc.,co_39ec09c17467,First Lien,,6.71%,,SOFR,2.75%,0%,,2031-06-16,,2874,2883,,2874,,,,2875332,,SAR,2026-01-07
Brookfield WEC Holdings Inc.,co_6084a8552a8e,First Lien,,5.98%,,SOFR,2%,0%,,2031-01-27,,1430,1431,,1430,,,,1429592,,SAR,2026-01-07
Brookfield Property REIT Inc.,co_6ddd50725572,First Lien,Real Estate,7.46%,,SOFR,3.5%,0%,,2030-05-16,,1769,1741,,1769,,,,1734957,,SAR,2026-01-07
BROWN GROUP HOLDING,co_0a50fb52bfff,First Lien,Aerospace & Defense,6.95%,,SOFR,2.75%,0%,,2031-07-01,,479,490,,479,,,,487590,,SAR,2026-01-07
Buckeye Partners,co_842638866537,First Lien,Energy,5.72%,,SOFR,1.75%,0%,,2032-11-22,,1134,1139,,1134,,,,1136241,,SAR,2026-01-07
BW Gas & Convenience Holdings LLC,co_491b69f1eabb,First Lien,,7.58%,,SOFR,3.5%,0.5%,,2028-03-31,,2384,2386,,2384,,,,2393750,,SAR,2026-01-07
Callaway Golf Company,co_01547b486986,First Lien,Healthcare,6.96%,,SOFR,3%,0%,,2030-03-16,,464,468,,464,,,,467500,,SAR,2026-01-07
Calpine Corp.,co_03426328d4f5,First Lien,,5.71%,,SOFR,1.75%,0%,,2031-01-31,,1982,1988,,1982,,,,1990000,,SAR,2026-01-07
Camping World,co_621d3c24a8f0,First Lien,Consumer & Retail,6.58%,,SOFR,2.5%,0.75%,,2028-06-05,,2273,2327,,2273,,,,2387916,,SAR,2026-01-07
CAPSTONE BORROWER Inc.,co_37ded3e452e3,First Lien,,6.75%,,SOFR,2.75%,0%,,2030-06-17,,857,864,,857,,,,866124,,SAR,2026-01-07
CareerBuilder,co_50105ea24261,First Lien,Business Services,6.58%,,SOFR,2.5%,0%,,2026-07-31,,260,,,260,,,,,,SAR,2026-01-07
Castle US Holding Corp.,co_5a9780b51a1e,First Lien,,9.2%,,SOFR,5%,2%,,2030-04-29,,214,222,,214,,,,219383,,SAR,2026-01-07
Castle US Holding Corp.,co_5a9780b51a1e,First Lien,,8.72%,,SOFR,4.25%,0%,,2030-05-31,,1211,858,,1211,,,,1743632,,SAR,2026-01-07
CBL & Associates LP,co_81dbbc7fb04d,First Lien,,6.85%,,SOFR,2.75%,1%,,2025-12-03,,1994,1932,,1994,,,,2005454,,SAR,2026-01-07
CCC Intelligent Solutions Inc.,co_2f98cde008aa,First Lien,,5.96%,,SOFR,2%,0.5%,,2032-01-23,,240,241,,240,,,,240681,,SAR,2026-01-07
CCRR Parent,co_abac6d98517a,First Lien,Healthcare,8.55%,,SOFR,4.25%,0.5%,,2028-03-06,,948,300,,948,,,,972500,,SAR,2026-01-07
- Ingenovis Health Inc.,co_4d958791e885,First Lien,Healthcare,8.71%,,SOFR,4.25%,0.75%,,2028-03-06,,953,301,,953,,,,955000,,SAR,2026-01-07
CDK GLOBAL,co_8d72f7638b6e,First Lien,Software & Technology,7.25%,,SOFR,3.25%,0%,,2029-07-06,,965,815,,965,,,,982575,,SAR,2026-01-07
Charlotte Buyer,co_b8ac68b39b37,First Lien,Business Services,8.21%,,SOFR,4.25%,0.5%,,2028-02-11,,1414,1455,,1414,,,,1462753,,SAR,2026-01-07
Chemours Company,co_e74a7d7c142b,First Lien,,7.46%,,SOFR,3.5%,0%,,2032-10-15,,2327,2269,,2327,,,,2351722,,SAR,2026-01-07
Churchill Downs Inc.,co_600763773a77,First Lien,,5.71%,,SOFR,1.75%,0%,,2028-03-17,,477,477,,477,,,,477500,,SAR,2026-01-07
CIMPRESS PUBLIC LIMITED COMPANY,co_28b2f0725027,First Lien,,6.46%,,SOFR,2.5%,0.5%,,2028-05-17,,1885,1928,,1885,,,,1925599,,SAR,2026-01-07
CITADEL SECURITIES LP,co_84ac36ceff75,First Lien,Financial Services,5.96%,,SOFR,2%,0%,,2031-10-31,,4791,4806,,4791,,,,4790688,,SAR,2026-01-07
Citco Funding LLC,co_c66985ad4f42,First Lien,,6.81%,,SOFR,2.75%,0.5%,,2028-04-27,,978,985,,978,,,,980075,,SAR,2026-01-07
Clarios Global LP,co_4bc4adb7dd9b,First Lien,,6.46%,,SOFR,2.5%,0%,,2030-05-06,,1184,1187,,1184,,,,1188023,,SAR,2026-01-07
Cloud Software Group Inc.,co_ae2e766df773,First Lien,Software & Technology,7.25%,,SOFR,3.25%,0%,,2031-03-21,,496,495,,496,,,,496256,,SAR,2026-01-07
CLYDESDALE ACQUISITION HOLDINGS INC.,co_b8208310ac13,First Lien,,7.14%,,SOFR,3.18%,0.5%,,2029-04-13,,1203,1215,,1203,,,,1220000,,SAR,2026-01-07
Columbus McKinnon Corp.,co_5cee6d2b3aa2,First Lien,,6.5%,,SOFR,2.5%,0.5%,,2028-05-14,,349,350,,349,,,,349698,,SAR,2026-01-07
Connect Finco SARL,co_abfcbe236c98,First Lien,,8.46%,,SOFR,4.5%,0.5%,,2029-09-27,,2789,2825,,2789,,,,2844188,,SAR,2026-01-07
Corelogic,co_86b955e446af,First Lien,Business Services,7.58%,,SOFR,3.5%,0.5%,,2028-06-02,,2396,2398,,2396,,,,2400000,,SAR,2026-01-07
Creative Artists Agency,co_510e73a4dd01,First Lien,Media & Entertainment,6.46%,,SOFR,2.5%,0%,,2031-10-01,,1561,1571,,1561,,,,1568214,,SAR,2026-01-07
CROCS Inc.,co_8eb5f49f4f2d,First Lien,,6.25%,,SOFR,2.25%,0.5%,,2029-02-19,,734,754,,734,,,,750000,,SAR,2026-01-07
Cross Financial Corp.,co_799cfa58311e,First Lien,Financial Services,6.71%,,SOFR,2.75%,0%,,2031-10-31,,482,484,,482,,,,482637,,SAR,2026-01-07
Crown Subsea Communications Holding,co_f475b894e27c,First Lien,Industrials,7.46%,,SOFR,3.5%,0.75%,,2031-01-30,,2358,2391,,2358,,,,2376000,,SAR,2026-01-07
Dave & Buster's Inc.,co_0c132196739c,First Lien,,7.25%,,SOFR,3.25%,0.5%,,2029-06-29,,739,689,,739,,,,762038,,SAR,2026-01-07
Delek US Holdings,co_51ce61abaebf,First Lien,Energy,7.56%,,SOFR,3.5%,0.5%,,2029-11-16,,5178,5254,,5178,,,,5251500,,SAR,2026-01-07
Derby Buyer LLC,co_df4e70f4598e,First Lien,,6.96%,,SOFR,3%,0%,,2030-11-01,,609,617,,609,,,,615656,,SAR,2026-01-07
DexKo Global,co_1853d64f4f67,First Lien,,7.83%,,SOFR,3.75%,0.5%,,2028-10-04,,963,951,,963,,,,965000,,SAR,2026-01-07
Diamond Sports Group,co_9576d2b6f7e3,First Lien,Media & Entertainment,14.19%,,SOFR,10%,1%,,2026-05-25,,30,19,,30,,,,29734,,SAR,2026-01-07
DIRECTV FINANCING,co_0dceea6fc0a0,First Lien,Media & Entertainment,9.35%,,SOFR,5.25%,0.75%,,2029-08-02,,2675,2689,,2675,,,,2687575,,SAR,2026-01-07
DISCOVERY PURCHASER Corp.,co_0b05cb5e6ede,First Lien,,7.61%,,SOFR,3.75%,0.5%,,2029-10-04,,1389,1420,,1389,,,,1462892,,SAR,2026-01-07
DOMTAR Corp.,co_7080b50451ca,First Lien,,9.58%,,SOFR,5.5%,0.75%,,2028-11-30,,2907,2265,,2907,,,,2942003,,SAR,2026-01-07
DRI HOLDING INC.,co_e3bb3f551b76,First Lien,,9.31%,,SOFR,5.25%,0.5%,,2028-12-15,,3778,3786,,3778,,,,3862418,,SAR,2026-01-07
DRW Holdings LLC,co_dd062aafdc4c,First Lien,,7.5%,,SOFR,3.5%,0%,,2031-06-17,,6220,6113,,6220,,,,6241950,,SAR,2026-01-07
DTZ U.S. Borrower,co_fd4f0203d903,First Lien,Industrials,6.46%,,SOFR,2.5%,0.5%,,2030-01-31,,1709,1717,,1709,,,,1708945,,SAR,2026-01-07
DTZ U.S. Borrower,co_fd4f0203d903,First Lien,Industrials,6.71%,,SOFR,2.75%,0.5%,,2030-01-31,,916,935,,916,,,,932250,,SAR,2026-01-07
Dye & Durham Corp.,co_62616afd05d7,First Lien,,8.35%,,SOFR,4.25%,1%,,2031-04-11,,1403,1279,,1403,,,,1420714,,SAR,2026-01-07
EAB Global,co_573c05927c2a,First Lien,Business Services,6.96%,,SOFR,3%,0.5%,,2030-08-16,,961,894,,961,,,,962838,,SAR,2026-01-07
Echo Global Logistics,co_42d3b46da60f,First Lien,Business Services,7.81%,,SOFR,3.75%,0.5%,,2028-11-23,,1929,1894,,1929,,,,1930000,,SAR,2026-01-07
Edelman Financial Group Inc.,co_dae5c411c22b,First Lien,Financial Services,6.96%,,SOFR,3%,0%,,2028-04-07,,2137,2149,,2137,,,,2139206,,SAR,2026-01-07
ELECTRON BIDCO INC.,co_961d423ac087,First Lien,,6.46%,,SOFR,2.5%,0.5%,,2028-11-01,,484,487,,484,,,,485063,,SAR,2026-01-07
Embecta Corp.,co_60162583f962,First Lien,,6.96%,,SOFR,3%,0.5%,,2029-03-30,,2350,2381,,2350,,,,2380429,,SAR,2026-01-07
Emrld Borrower LP,co_a0cfe7a85c82,First Lien,,6.45%,,SOFR,2.25%,0%,,2030-05-31,,979,982,,979,,,,982538,,SAR,2026-01-07
Endo Finance Holdings,co_20ab7fb63f6b,First Lien,Healthcare,7.96%,,SOFR,4%,0.5%,,2031-04-23,,1964,1955,,1964,,,,1980000,,SAR,2026-01-07
Endure Digital,co_91df1f160878,First Lien,Software & Technology,7.61%,,SOFR,3.5%,0.75%,,2028-02-10,,2391,1233,,2391,,,,2393750,,SAR,2026-01-07
Entain Holdings (Gibraltar) Ltd.,co_81a0340e39c3,First Lien,,6.16%,,SOFR,2.25%,0%,,2029-10-31,,1458,1465,,1458,,,,1468906,,SAR,2026-01-07
EOS U.S. FINCO LLC,co_119aa9d223e7,First Lien,,0%,,SOFR,0%,0.5%,,2029-10-09,,27,,,27,,,,,,SAR,2026-01-07
Equiniti Group PLC,co_56d6830328b6,First Lien,,7.92%,,SOFR,3.75%,0%,,2028-12-11,,958,960,,958,,,,962775,,SAR,2026-01-07
Evertec Group LLC,co_9eeae65e6dc4,First Lien,,6.21%,,SOFR,2.25%,0.5%,,2030-10-30,,1112,1125,,1112,,,,1125000,,SAR,2026-01-07
Fiesta Purchaser Inc.- Beverage,co_3c19e6d4cd9f,First Lien,Food & Beverage,6.71%,,SOFR,2.75%,0%,,2031-02-12,,490,492,,490,,,,493772,,SAR,2026-01-07
Finco I LLC,co_077401fa06ea,First Lien,,5.71%,,SOFR,1.75%,0%,,2029-06-27,,2773,2771,,2773,,,,2774631,,SAR,2026-01-07
First Brands Group,co_1acc95f66b5d,First Lien,Automotive,5.53%,,SOFR,1.55%,1%,,2026-06-29,,1169,1461,,1169,,,,1388295,,SAR,2026-01-07
First Brands Group,co_1acc95f66b5d,First Lien,Automotive,10.98%,,SOFR,7%,1%,,2026-06-29,,1467,1380,,1467,,,,3455385,,SAR,2026-01-07
First Student Bidco Inc.,co_19576b25b428,First Lien,,6.71%,,SOFR,2.5%,0%,,2030-08-15,,705,709,,705,,,,707702,,SAR,2026-01-07
First Student Bidco Inc.,co_19576b25b428,First Lien,,6.71%,,SOFR,2.5%,0%,,2030-08-15,,216,217,,216,,,,216966,,SAR,2026-01-07
Fitness International,co_e37af2ea9d99,First Lien,Healthcare,8.46%,,SOFR,4.5%,1%,,2029-02-05,,1158,1184,,1158,,,,1182000,,SAR,2026-01-07
Flutter Financing B.V.,co_e4649dab0992,First Lien,,5.75%,,SOFR,1.75%,0.5%,,2030-11-29,,3677,3668,,3677,,,,3684375,,SAR,2026-01-07
Franklin Square Holdings LP.,co_bed45f452050,First Lien,,6.21%,,SOFR,2.25%,0%,,2031-04-25,,4195,4115,,4195,,,,4199316,,SAR,2026-01-07
Froneri International,co_54f42d5895dd,First Lien,,6.2%,,SOFR,2%,0%,,2031-09-16,,1906,1896,,1906,,,,1905425,,SAR,2026-01-07
Fusion Buyer LLC,co_b17e657373e6,First Lien,,12.1%,,SOFR,8%,0%,,2030-06-06,,1427,1460,,1427,,,,1426523,,SAR,2026-01-07
Garrett LX III S.a r.l.,co_87ec014ceaa0,First Lien,,5.84%,,SOFR,2%,0.5%,,2032-01-20,,1336,1339,,1336,,,,1339099,,SAR,2026-01-07
Genesee & Wyoming,co_874509d753b2,First Lien,Transportation & Logistics,5.75%,,SOFR,1.75%,0%,,2031-04-10,,1479,1482,,1479,,,,1485000,,SAR,2026-01-07
GIP Pilot Acquisition Partners,co_43572c99d202,First Lien,Energy,5.94%,,SOFR,2%,0%,,2030-10-04,,382,384,,382,,,,383422,,SAR,2026-01-07
Global Tel*Link Corp.,co_b9d75da432ab,First Lien,,11.46%,,SOFR,7.5%,3%,,2029-07-31,,4715,4705,,4715,,,,4772890,,SAR,2026-01-07
Go Daddy Operating Company,co_d15e1970ee2c,First Lien,Software & Technology,5.71%,,SOFR,1.75%,0%,,2031-05-30,,933,932,,933,,,,933144,,SAR,2026-01-07
GOLDEN WEST PACKAGING GROUP LLC,co_7f13d94e326d,First Lien,Containers & Packaging,9.33%,,SOFR,5.25%,0.75%,,2031-06-27,,1744,1157,,1744,,,,1750000,,SAR,2026-01-07
GOTO GROUP,co_fa3525ef740b,First Lien,Software & Technology,8.79%,,SOFR,4.75%,0%,,2028-04-30,,874,1069,,874,,,,1235970,,SAR,2026-01-07
GOTO GROUP,co_fa3525ef740b,First Lien,Software & Technology,8.79%,,SOFR,4.75%,0%,,2028-04-30,,1654,671,,1654,,,,1706816,,SAR,2026-01-07
Graham Packaging Co Inc.,co_c2dd99394ff8,First Lien,Containers & Packaging,6.46%,,SOFR,2.5%,0%,,2027-08-04,,815,819,,815,,,,817017,,SAR,2026-01-07
Great Outdoors Group,co_6636b68e8751,First Lien,Consumer & Retail,7.21%,,SOFR,3.25%,0.75%,,2032-01-20,,951,955,,951,,,,953042,,SAR,2026-01-07
Griffon Corp.,co_f526788e5f06,First Lien,,6%,,SOFR,2%,0%,,2029-01-24,,140,141,,140,,,,140313,,SAR,2026-01-07
Grosvenor Capital Management Holdings LLLP,co_eac2a6e655f1,First Lien,Business Services,6.21%,,SOFR,2.25%,0%,,2030-02-25,,2766,2776,,2766,,,,2765704,,SAR,2026-01-07
Groupe Solmax Inc.,co_320279294b3b,First Lien,,9.01%,,SOFR,4.75%,0.75%,,2028-05-27,,2171,1941,,2171,,,,2393114,,SAR,2026-01-07
Hertz Corp.,co_682ba3c4f8de,First Lien,,7.74%,,SOFR,3.75%,0%,,2028-06-30,,2029,1695,,2029,,,,2067190,,SAR,2026-01-07
Hillman Group Inc.,co_82e194add43a,First Lien,,5.96%,,SOFR,2%,0.5%,,2028-07-14,,2688,2689,,2688,,,,2687595,,SAR,2026-01-07
Hilton Domestic Operating Company Inc.,co_f7ed1f72e7fb,First Lien,,5.7%,,SOFR,1.75%,0%,,2030-11-08,,1498,1505,,1498,,,,1500000,,SAR,2026-01-07
HLF Financing SARL,co_c84f6c08abe8,First Lien,,10.71%,,SOFR,6.75%,0.5%,,2029-04-12,,2921,2958,,2921,,,,2921625,,SAR,2026-01-07
Holley Purchaser,co_ee933ed2fdf2,First Lien,Automotive,7.83%,,SOFR,3.75%,0.75%,,2028-11-17,,2166,2151,,2166,,,,2169911,,SAR,2026-01-07
Hudson River Trading LLC,co_8c00ff037a25,First Lien,,6.71%,,SOFR,2.75%,0%,,2030-03-29,,5659,5747,,5659,,,,5732100,,SAR,2026-01-07
Hunter Douglas Inc.,co_0d2c6763a7f8,First Lien,,7.25%,,SOFR,3.25%,0%,,2032-01-19,,2039,2220,,2039,,,,2215903,,SAR,2026-01-07
Hyperion Refinance S.a.r.l.,co_174fdb156513,First Lien,Financial Services,6.71%,,SOFR,2.75%,0.5%,,2031-02-15,,2945,2959,,2945,,,,2955206,,SAR,2026-01-07
Idera,co_28cc9f33febe,First Lien,Software & Technology,7.35%,,SOFR,3.5%,0.75%,,2028-03-02,,4688,4212,,4688,,,,4690379,,SAR,2026-01-07
IMA Financial Group Inc.,co_ac011d848c2a,First Lien,Financial Services,6.96%,,SOFR,3%,0.5%,,2028-11-01,,2416,2426,,2416,,,,2421830,,SAR,2026-01-07
INEOS 226 Ltd.,co_be9370d22141,First Lien,,7.81%,,SOFR,3.75%,0%,,2030-03-13,,485,365,,485,,,,488750,,SAR,2026-01-07
Ineos US Finance LLC,co_56d7b3f99347,First Lien,Financial Services,7.21%,,SOFR,3.25%,0%,,2030-02-18,,976,828,,976,,,,982575,,SAR,2026-01-07
INEOS US PETROCHEM LLC,co_3da39a7b82e3,First Lien,,8.31%,,SOFR,4.25%,0%,,2029-04-02,,2635,2042,,2635,,,,2674151,,SAR,2026-01-07
Ingram Micro Inc.,co_fe1703632f30,First Lien,,6.25%,,SOFR,2.25%,0%,,2031-09-22,,597,601,,597,,,,599923,,SAR,2026-01-07
Inmar,co_7f02d1f954a4,First Lien,Business Services,8.5%,,SOFR,4.5%,0.5%,,2031-10-30,,3229,3232,,3229,,,,3275126,,SAR,2026-01-07
Innophos Inc.,co_06bc3c7bc0e9,First Lien,,8.33%,,SOFR,4.25%,0%,,2029-03-16,,470,441,,470,,,,472500,,SAR,2026-01-07
Instant Brands Litigation Trust,co_0896fb3a7797,First Lien,,0%,,SOFR,0%,0%,,2031-02-26,,67,74,,67,,,,73811,,SAR,2026-01-07
IRB Holding Corp.,co_d121d652524e,First Lien,,6.56%,,SOFR,2.5%,0.5%,,2030-12-16,,486,489,,486,,,,488793,,SAR,2026-01-07
Isagenix International LLC,co_74cecae1e15d,First Lien,,2.5%,,SOFR,2.5%,0%,,2028-04-13,,1185,207,,1185,,,,1475430,,SAR,2026-01-07
Isolved Inc.,co_454aae9ff534,First Lien,,6.71%,,SOFR,2.75%,0%,,2030-10-15,,611,616,,611,,,,615672,,SAR,2026-01-07
Jane Street Group,co_934daaf98d2d,First Lien,,5.96%,,SOFR,2%,0%,,2031-12-15,,3810,3770,,3810,,,,3810000,,SAR,2026-01-07
Journey Personal Care Corp.,co_6e898d4cafe8,First Lien,Consumer & Retail,7.71%,,SOFR,3.75%,0.75%,,2028-03-01,,2844,2837,,2844,,,,2873231,,SAR,2026-01-07
JP Intermediate B,co_dd41ff0b9a35,First Lien,Consumer & Retail,11%,,SOFR,7%,1%,,2030-09-30,,234,187,,234,,,,233768,,SAR,2026-01-07
JP Intermediate B,co_dd41ff0b9a35,First Lien,Consumer & Retail,9.5%,,SOFR,5.5%,0%,,2032-09-30,,559,552,,559,,,,1103261,,SAR,2026-01-07
Koppers Inc.,co_421e20303bd7,First Lien,,6.5%,,SOFR,2.5%,0.5%,,2030-04-10,,957,972,,957,,,,977674,,SAR,2026-01-07
Lakeland Tours LLC,co_806589cb2b47,First Lien,,10%,,SOFR,0%,0%,,2027-09-27,,777,13,,777,,,,1127568,,SAR,2026-01-07
Latham Pool Products,co_3077f4b681ed,First Lien,Consumer & Retail,8.35%,,SOFR,4%,0.5%,,2029-02-23,,973,980,,973,,,,983219,,SAR,2026-01-07
Lealand Finance Company B.V.,co_6d6e8d2cab13,First Lien,Financial Services,4.96%,,SOFR,1%,0%,,2027-12-31,,375,291,,375,,,,375152,,SAR,2026-01-07
Lifetime Brands,co_4407224bace2,First Lien,Consumer & Retail,9.57%,,SOFR,5.5%,1%,,2027-08-26,,1511,1363,,1511,,,,1514123,,SAR,2026-01-07
LOYALTY VENTURES INC.,co_edaa4aeed4c0,First Lien,,14%,,SOFR,5.5%,0.5%,,2027-11-03,,12,,,12,,,,,,SAR,2026-01-07
LSF11 TRINITY BIDCO Inc.,co_73e876f7d9ce,First Lien,,6.45%,,SOFR,2.5%,0%,,2030-06-17,,953,964,,953,,,,963550,,SAR,2026-01-07
LSF9 Atlantis Holdings,co_1753b6bc8f3c,First Lien,,7.75%,,SOFR,3.75%,0.75%,,2029-03-29,,2522,2572,,2522,,,,2572447,,SAR,2026-01-07
MAGNITE,co_fca549410354,First Lien,Business Services,6.96%,,SOFR,3%,0%,,2031-02-06,,3193,3210,,3193,,,,3217601,,SAR,2026-01-07
Marriott Ownership Resorts Inc.,co_4110ff754813,First Lien,Healthcare,6.21%,,SOFR,2.25%,0%,,2031-04-01,,1301,1287,,1301,,,,1300610,,SAR,2026-01-07
Max US Bidco Inc.,co_bc5e75bb536a,First Lien,,9%,,SOFR,5%,0.5%,,2030-10-03,,1868,1910,,1868,,,,1970000,,SAR,2026-01-07
McGraw-Hill Education Inc.,co_83b72cda592f,First Lien,Education,6.81%,,SOFR,2.75%,0.5%,,2031-08-06,,630,636,,630,,,,633828,,SAR,2026-01-07
Michaels Companies Inc.,co_f4da1c0ece24,First Lien,,8.51%,,SOFR,4.25%,0.75%,,2028-04-08,,2391,2296,,2391,,,,2398562,,SAR,2026-01-07
MIWD Holdco II LLC,co_444b65c5b298,First Lien,,6.71%,,SOFR,2.75%,0%,,2031-03-21,,492,493,,492,,,,493763,,SAR,2026-01-07
MKS Instruments,co_fbcaffc00a0f,First Lien,Software & Technology,5.98%,,SOFR,2%,0.5%,,2029-08-17,,1112,1116,,1112,,,,1113124,,SAR,2026-01-07
Moneygram International,co_805701c5c575,First Lien,Business Services,8.81%,,SOFR,4.75%,0.5%,,2030-06-01,,2648,2151,,2648,,,,2941453,,SAR,2026-01-07
MPH Acquisition Holdings LLC,co_61ff99979416,First Lien,,7.59%,,SOFR,3.75%,0.5%,,2030-12-31,,287,313,,287,,,,314033,,SAR,2026-01-07
NAB Holdings LLC,co_1b1524082f5f,First Lien,,6.5%,,SOFR,2.5%,0.5%,,2028-11-24,,2886,2785,,2886,,,,2888677,,SAR,2026-01-07
Napa Management Services Corp.,co_c4b574a8d23a,First Lien,Business Services,9.31%,,SOFR,5.25%,0.75%,,2029-02-22,,2543,2003,,2543,,,,2916877,,SAR,2026-01-07
Natgasoline LLC,co_a644bac5c9d0,First Lien,,9.5%,,SOFR,5.5%,0%,,2030-03-25,,3139,3242,,3139,,,,3228979,,SAR,2026-01-07
National Mentor Holdings,co_aaddc47aeb57,First Lien,Healthcare,8.48%,,SOFR,3.75%,0.75%,,2028-03-02,,2657,2614,,2657,,,,2659462,,SAR,2026-01-07
National Mentor Holdings,co_aaddc47aeb57,First Lien,Healthcare,7.85%,,SOFR,3.75%,0.75%,,2028-03-02,,87,86,,87,,,,87464,,SAR,2026-01-07
Next Level Apparel,co_64cc3fb27d89,First Lien,Consumer & Retail,11.48%,,SOFR,7.5%,1%,,2026-08-09,,2309,1544,,2309,,,,2317073,,SAR,2026-01-07
Nielsen Consumer Inc.,co_3f14348f3735,First Lien,Consumer & Retail,6.46%,,SOFR,2.5%,0.5%,,2030-10-07,,2159,2157,,2159,,,,2159988,,SAR,2026-01-07
NortonLifeLock Inc.,co_f25c0bd29b5f,First Lien,,5.71%,,SOFR,1.75%,0.5%,,2029-09-12,,956,958,,956,,,,958750,,SAR,2026-01-07
Nouryon Finance B.V.,co_ffa5c6c3c18b,First Lien,Financial Services,7.04%,,SOFR,3.25%,0%,,2028-04-03,,478,478,,478,,,,480262,,SAR,2026-01-07
Novae LLC,co_1c7317d0bd50,First Lien,,9.15%,,SOFR,5%,0.75%,,2028-12-22,,1923,1805,,1923,,,,1930000,,SAR,2026-01-07
Olaplex,co_37f1920f88e0,First Lien,Consumer & Retail,7.8%,,SOFR,3.5%,0.5%,,2029-02-23,,1286,1285,,1286,,,,1319846,,SAR,2026-01-07
Open Text Corp.,co_62706eff4355,First Lien,,5.71%,,SOFR,1.75%,0.5%,,2030-01-31,,892,910,,892,,,,910633,,SAR,2026-01-07
Oxbow Carbon,co_363cf04bc881,First Lien,Chemicals & Materials,7.46%,,SOFR,3.5%,0.5%,,2030-05-02,,455,460,,455,,,,461577,,SAR,2026-01-07
PACIFIC DENTAL SERVICES,co_1b8ea30bf48d,First Lien,Healthcare,6.46%,,SOFR,2.5%,0%,,2031-03-17,,1182,1184,,1182,,,,1182038,,SAR,2026-01-07
Padagis LLC,co_a93f2e6c0ad9,First Lien,,8.95%,,SOFR,4.75%,0.5%,,2028-07-06,,926,870,,926,,,,930329,,SAR,2026-01-07
PAR PETROLEUM LLC,co_fea0fd26645c,First Lien,Energy,7.69%,,SOFR,3.75%,0.5%,,2030-02-28,,2422,2442,,2422,,,,2440002,,SAR,2026-01-07
PATAGONIA HOLDCO LLC,co_58eeb1bf3313,First Lien,,9.62%,,SOFR,5.75%,0.5%,,2029-08-01,,2653,2120,,2653,,,,2924772,,SAR,2026-01-07
Pathway Partners Vet Management Company LLC,co_4cdb191b428c,First Lien,Business Services,8.84%,,SOFR,5%,1%,,2028-06-30,,128,133,,128,,,,131927,,SAR,2026-01-07
Pathway Partners Vet Management Company LLC,co_4cdb191b428c,First Lien,Business Services,8.84%,,SOFR,5%,1%,,2028-06-30,,419,313,,419,,,,422053,,SAR,2026-01-07
PCI Gaming Authority,co_827c21fbb785,First Lien,Healthcare,5.96%,,SOFR,2%,0%,,2031-07-18,,784,785,,784,,,,784559,,SAR,2026-01-07
PEARLS (Netherlands) Bidco B.V.,co_0dc5daa93f77,First Lien,,7.09%,,SOFR,3.25%,0.5%,,2029-02-28,,965,882,,965,,,,965392,,SAR,2026-01-07
- Pediatric Associates Holding Company LLC,co_bf94b98c3de8,First Lien,Healthcare,7.35%,,SOFR,3.25%,0.5%,,2028-12-29,,1446,1406,,1446,,,,1448373,,SAR,2026-01-07
Penn National Gaming Inc.,co_42517706e577,First Lien,Healthcare,6.46%,,SOFR,2.5%,0.5%,,2029-05-03,,965,970,,965,,,,967500,,SAR,2026-01-07
Phoenix Guarantor Inc.,co_cbb5be37c797,First Lien,,6.46%,,SOFR,2.5%,0%,,2031-02-21,,958,962,,958,,,,957961,,SAR,2026-01-07
PHYSICIAN PARTNERS,co_a9c770949b47,First Lien,Healthcare,10%,,SOFR,6%,0%,,2029-12-31,,577,528,,577,,,,655633,,SAR,2026-01-07
PHYSICIAN PARTNERS,co_a9c770949b47,First Lien,Healthcare,5.65%,,SOFR,1.5%,0%,,2029-12-31,,933,871,,933,,,,1853689,,SAR,2026-01-07
Playtika Holding Corp.,co_7ebc221ca820,First Lien,,6.83%,,SOFR,2.75%,0%,,2028-03-13,,4294,4160,,4294,,,,4297500,,SAR,2026-01-07
PointClickCare Technologies,co_3b289c1423a1,First Lien,Software & Technology,6.75%,,SOFR,2.75%,0%,,2031-11-03,,479,481,,479,,,,480162,,SAR,2026-01-07
Polymer Process Holdings Inc.,co_5aa8b4cd8272,First Lien,Chemicals & Materials,8.83%,,SOFR,4.75%,0.75%,,2028-02-12,,4008,2665,,4008,,,,4020266,,SAR,2026-01-07
Pre-Paid Legal Services,co_e39e79feacec,First Lien,Consumer & Retail,7.21%,,SOFR,3.25%,0.5%,,2028-12-15,,2884,2802,,2884,,,,2895619,,SAR,2026-01-07
Prime Security Services Borrower,co_72dbdb4f957e,First Lien,Business Services,6.13%,,SOFR,2%,0%,,2030-10-13,,1761,1772,,1761,,,,1774490,,SAR,2026-01-07
Primo Brands Corp.,co_7a02e5dd085a,First Lien,,6.25%,,SOFR,2.25%,0.5%,,2028-03-31,,1434,1439,,1434,,,,1436649,,SAR,2026-01-07
PRIORITY HOLDINGS,co_0c261b0ce622,First Lien,Consumer & Retail,7.71%,,SOFR,3.75%,0.5%,,2032-07-30,,2817,2778,,2817,,,,2830585,,SAR,2026-01-07
Project Leopard Holdings,co_ab62d73e75f9,First Lien,,9.19%,,SOFR,5.25%,0.5%,,2029-07-20,,931,839,,931,,,,972500,,SAR,2026-01-07
Propulsion (BC) Finco,co_665649c32880,First Lien,,6.74%,,SOFR,2.75%,0.5%,,2029-09-14,,731,740,,731,,,,736889,,SAR,2026-01-07
PUG LLC,co_d2ca1f80141c,First Lien,,8.71%,,SOFR,4.75%,0%,,2030-03-15,,281,274,,281,,,,280875,,SAR,2026-01-07
Quartz AcquireCo,co_a84d2434f3f2,First Lien,Software & Technology,6.25%,,SOFR,2.25%,0%,,2030-06-28,,1219,1219,,1219,,,,1225614,,SAR,2026-01-07
Quikrete Holdings,co_3cc0dcf4ae3c,First Lien,Industrials,6.21%,,SOFR,2.25%,0%,,2031-04-14,,983,986,,983,,,,985056,,SAR,2026-01-07
Rackspace Technology Global,co_e6c75a82e322,First Lien,Software & Technology,6.82%,,SOFR,2.75%,0.75%,,2028-05-15,,1279,823,,1279,,,,2024235,,SAR,2026-01-07
Rackspace Technology Global,co_e6c75a82e322,First Lien,Software & Technology,10.32%,,SOFR,6.25%,0.75%,,2028-05-15,,539,554,,539,,,,542776,,SAR,2026-01-07
RAND PARENT LLC,co_f6dea13438af,First Lien,,7%,,SOFR,3%,0%,,2030-03-18,,2378,2439,,2378,,,,2437983,,SAR,2026-01-07
RealPage,co_779d4aa99736,First Lien,Software & Technology,7.26%,,SOFR,3%,0.5%,,2028-04-24,,960,958,,960,,,,960000,,SAR,2026-01-07
Rent-A-Center,co_68e95f33cb5e,First Lien,Consumer & Retail,6.63%,,SOFR,2.75%,0.5%,,2032-08-13,,1810,1832,,1810,,,,1830090,,SAR,2026-01-07
Research Now Group Inc.,co_f56b9233964e,First Lien,,9.14%,,SOFR,5%,1%,,2028-07-15,,333,333,,333,,,,336184,,SAR,2026-01-07
Research Now Group Inc.,co_f56b9233964e,First Lien,,9.64%,,SOFR,5.5%,1%,,2028-10-15,,2768,1648,,2768,,,,2865663,,SAR,2026-01-07
Resideo Funding Inc.,co_be2301421df3,First Lien,,5.96%,,SOFR,2%,0%,,2028-02-11,,674,675,,674,,,,674488,,SAR,2026-01-07
Resolute Investment Managers (American Beacon) Inc.,co_4cc6b1d4997f,First Lien,Financial Services,10.76%,,SOFR,6.5%,1%,,2028-10-30,,1953,1602,,1953,,,,1953049,,SAR,2026-01-07
Restoration Hardware,co_bc0f71db4433,First Lien,Consumer & Retail,6.58%,,SOFR,2.5%,0.5%,,2028-10-20,,3364,3264,,3364,,,,3366015,,SAR,2026-01-07
Reynolds Consumer Products LLC,co_b59c60621982,First Lien,Consumer & Retail,5.71%,,SOFR,1.75%,0%,,2032-03-04,,961,965,,961,,,,961418,,SAR,2026-01-07
Russell Investments US Inst'l Holdco Inc.,co_7e0362e2c34d,First Lien,Financial Services,8.96%,,SOFR,5%,1%,,2027-05-30,,5757,5657,,5757,,,,5764110,,SAR,2026-01-07
Ryan Specialty Group LLC,co_740ce0c3e2ec,First Lien,,5.96%,,SOFR,2%,0%,,2031-09-15,,1438,1445,,1438,,,,1445014,,SAR,2026-01-07
S&S HOLDINGS LLC,co_f8911f402103,First Lien,,9.09%,,SOFR,5%,0.5%,,2028-03-10,,2365,2379,,2365,,,,2389900,,SAR,2026-01-07
Sally Holdings LLC,co_fdda42b9b5e7,First Lien,,5.71%,,SOFR,1.75%,0%,,2030-02-28,,342,344,,342,,,,343750,,SAR,2026-01-07
Schweitzer-Mauduit International,co_3dd971ed0c32,First Lien,Software & Technology,7.83%,,SOFR,3.75%,0.75%,,2028-04-20,,938,930,,938,,,,939236,,SAR,2026-01-07
Scientific Games Holdings LP,co_5afb645e2bda,First Lien,,6.93%,,SOFR,3%,0.5%,,2029-04-04,,487,478,,487,,,,487575,,SAR,2026-01-07
Sedgwick Claims Management Services,co_c90e9d3acd88,First Lien,Business Services,6.46%,,SOFR,2.5%,0%,,2031-07-31,,972,979,,972,,,,977644,,SAR,2026-01-07
SETANTA AIRCRAFT LEASING DAC,co_b0e00e77dd67,First Lien,,5.75%,,SOFR,1.75%,0%,,2028-11-05,,350,352,,350,,,,350000,,SAR,2026-01-07
Sitel Worldwide Corp.,co_00656a74c996,First Lien,,7.83%,,SOFR,3.75%,0.5%,,2028-08-28,,1917,973,,1917,,,,1920000,,SAR,2026-01-07
SiteOne Landscape Supply,co_8f6fdef48f6a,First Lien,Business Services,5.71%,,SOFR,1.75%,0.5%,,2030-03-23,,1245,1247,,1245,,,,1248253,,SAR,2026-01-07
Smyrna Ready Mix Concrete,co_c1b9b01560a4,First Lien,Industrials,6.98%,,SOFR,3%,0%,,2029-04-02,,504,507,,504,,,,506530,,SAR,2026-01-07
Sparta U.S. HoldCo LLC,co_df341ba26981,First Lien,,6.98%,,SOFR,3%,0%,,2030-08-02,,1922,1875,,1922,,,,1925000,,SAR,2026-01-07
Specialty Pharma III Inc.,co_5a7451958d4e,First Lien,Healthcare,8.56%,,SOFR,4.5%,0.75%,,2028-03-31,,1913,1884,,1913,,,,1920133,,SAR,2026-01-07
SRAM,co_3f488ffe5bd4,First Lien,Consumer & Retail,6.21%,,SOFR,2.25%,0%,,2032-02-23,,2251,2249,,2251,,,,2252073,,SAR,2026-01-07
STANDARD INDUSTRIES INC.,co_bcc71429d719,First Lien,,5.7%,,SOFR,1.75%,0.5%,,2028-09-22,,202,204,,202,,,,202750,,SAR,2026-01-07
Staples,co_2f61cd7ec988,First Lien,Distribution & Wholesale,9.6%,,SOFR,5.75%,0.5%,,2029-09-04,,4186,3966,,4186,,,,4231414,,SAR,2026-01-07
Star Parent,co_4f15b3212088,First Lien,Business Services,8%,,SOFR,4%,0%,,2030-09-27,,1217,1233,,1217,,,,1231250,,SAR,2026-01-07
Storable,co_2cfda8c3f197,First Lien,Software & Technology,7.21%,,SOFR,3.25%,0%,,2031-04-16,,482,484,,482,,,,482575,,SAR,2026-01-07
Superannuation & Investments US LLC,co_36c9f087f9cb,First Lien,Financial Services,6.96%,,SOFR,3%,0.5%,,2028-12-01,,958,965,,958,,,,962588,,SAR,2026-01-07
SupplyOne,co_86fe4b406075,First Lien,Distribution & Wholesale,7.46%,,SOFR,3.5%,0%,,2031-03-27,,488,492,,488,,,,492525,,SAR,2026-01-07
Sweetwater Borrower,co_b2a8b6b5e52b,First Lien,Consumer & Retail,8.33%,,SOFR,4.25%,0.75%,,2028-08-02,,1918,1968,,1918,,,,1964107,,SAR,2026-01-07
Syncsort Inc.,co_9f3c110e7b74,First Lien,,8.1%,,SOFR,4%,0.75%,,2028-04-24,,2401,2262,,2401,,,,2401203,,SAR,2026-01-07
Ta TT Buyer LLC,co_8a528cbe0e19,First Lien,,8.75%,,SOFR,4.75%,0.5%,,2029-04-02,,967,945,,967,,,,972645,,SAR,2026-01-07
Tenable Holdings,co_e58def31ce5d,First Lien,Business Services,6.83%,,SOFR,2.75%,0.5%,,2028-07-07,,962,964,,962,,,,962500,,SAR,2026-01-07
Thor Industries,co_1ae54710fcb0,First Lien,Automotive,6.21%,,SOFR,2.25%,0%,,2030-11-15,,93,94,,93,,,,94142,,SAR,2026-01-07
Torrid LLC,co_507e6636462c,First Lien,,9.72%,,SOFR,5.5%,0.75%,,2028-06-14,,2728,2345,,2728,,,,2968606,,SAR,2026-01-07
TORY BURCH LLC,co_2dd7d5b84077,First Lien,,7.33%,,SOFR,3.25%,0.5%,,2028-04-17,,2184,2255,,2184,,,,2266656,,SAR,2026-01-07
Tosca Services LLC,co_c97d07979b4a,First Lien,Business Services,9.49%,,SOFR,5.5%,1.5%,,2028-11-30,,80,81,,80,,,,80509,,SAR,2026-01-07
Trans Union LLC,co_e74147125107,First Lien,,5.71%,,SOFR,1.75%,0%,,2031-06-24,,601,601,,601,,,,601442,,SAR,2026-01-07
Tronox Finance LLC,co_5176b67d2a59,First Lien,Financial Services,6.25%,,SOFR,2.25%,0%,,2029-04-04,,1972,1548,,1972,,,,1985025,,SAR,2026-01-07
Tronox Finance LLC,co_5176b67d2a59,First Lien,Financial Services,6.46%,,SOFR,2.5%,0%,,2031-09-30,,344,256,,344,,,,344321,,SAR,2026-01-07
TruGreen LP,co_2094298d8fe3,First Lien,,8.06%,,SOFR,4%,0.75%,,2027-11-02,,926,907,,926,,,,927716,,SAR,2026-01-07
Ultra Clean Holdings,co_25889553d426,First Lien,Software & Technology,6.71%,,SOFR,2.75%,0%,,2028-02-25,,1209,1215,,1209,,,,1210622,,SAR,2026-01-07
Univision Communications Inc.,co_e71d8b8d8325,First Lien,,7.58%,,SOFR,3.5%,0.5%,,2029-01-31,,2385,2360,,2385,,,,2385405,,SAR,2026-01-07
Univision Communications Inc.,co_e71d8b8d8325,First Lien,,8.25%,,SOFR,4.25%,0.5%,,2029-06-25,,238,241,,238,,,,241875,,SAR,2026-01-07
Vaco Holdings,co_924cd612ff9a,First Lien,Business Services,9.15%,,SOFR,5%,0.75%,,2029-01-19,,2238,1931,,2238,,,,2277149,,SAR,2026-01-07
Vericast Corp.,co_d58149a77337,First Lien,,11.62%,,SOFR,7.75%,1%,,2026-06-16,,1269,1236,,1269,,,,1268820,,SAR,2026-01-07
Verifone Systems Inc.,co_ae9da97d8aaa,First Lien,,9.35%,,SOFR,5.25%,0%,,2028-08-21,,1191,1127,,1191,,,,1191768,,SAR,2026-01-07
Vertex Aerospace Services Corp.,co_cd64ff2c3d15,First Lien,Aerospace & Defense,6.21%,,SOFR,2.25%,0.75%,,2030-12-06,,964,969,,964,,,,965429,,SAR,2026-01-07
Vertiv Group Corp.,co_d4f24168cc3e,First Lien,,5.73%,,SOFR,1.75%,0%,,2032-08-12,,1906,1912,,1906,,,,1906379,,SAR,2026-01-07
Viasat Inc.,co_263bb8f6b702,First Lien,,8.58%,,SOFR,4.5%,0.5%,,2029-03-05,,2874,2894,,2874,,,,2914661,,SAR,2026-01-07
Vistra Operations Company LLC,co_b3958824b2b6,First Lien,,5.71%,,SOFR,1.75%,0%,,2030-12-20,,1856,1863,,1856,,,,1856328,,SAR,2026-01-07
Warner Music Group Corp.,co_67db178d70f3,First Lien,Media & Entertainment,5.95%,,SOFR,1.75%,0%,,2031-01-24,,1250,1250,,1250,,,,1250000,,SAR,2026-01-07
Watlow Electric Manufacturing Company,co_df97931855b9,First Lien,Industrials,6.84%,,SOFR,3%,0.5%,,2028-03-02,,2635,2644,,2635,,,,2639053,,SAR,2026-01-07
WeddingWire,co_a331b365b546,First Lien,Consumer & Retail,7.71%,,SOFR,3.75%,0%,,2028-01-31,,4737,4169,,4737,,,,4737030,,SAR,2026-01-07
WEX Inc.,co_9ef24767ab6b,First Lien,,5.71%,,SOFR,1.75%,0%,,2028-03-31,,2871,2878,,2871,,,,2873883,,SAR,2026-01-07
Windsor Holdings III LLC,co_8419bd935e0e,First Lien,,6.73%,,SOFR,2.75%,0%,,2030-08-01,,491,491,,491,,,,491300,,SAR,2026-01-07
Wyndham Hotels & Resorts Inc.,co_c765b5426100,First Lien,Healthcare,5.71%,,SOFR,1.75%,0%,,2030-05-24,,977,981,,977,,,,980094,,SAR,2026-01-07
Xperi Corp.,co_5ad06f9c17f8,First Lien,,6.46%,,SOFR,2.5%,0%,,2028-06-08,,1554,1559,,1554,,,,1554597,,SAR,2026-01-07
Zayo Group,co_07ccc3fdc6aa,First Lien,Telecommunications,7.58%,,SOFR,3.5%,0%,,2030-03-11,,614,587,,614,,,,619563,,SAR,2026-01-07
ZEBRA BUYER (Allspring) LLC,co_9c6fa0ed63a5,First Lien,,6.81%,,SOFR,2.75%,0.5%,,2030-11-01,,1837,1849,,1837,,,,1843000,,SAR,2026-01-07
Zekelman Industries,co_385dd9c4b0a4,First Lien,Chemicals & Materials,6.2%,,SOFR,2.25%,0%,,2031-01-24,,1432,1435,,1432,,,,1432218,,SAR,2026-01-07
Zest Acquisition Corp.,co_2196f30ca794,First Lien,,9.11%,,SOFR,5.25%,0%,,2028-02-08,,1897,1946,,1897,,,,1945000,,SAR,2026-01-07
Zodiac Pool Solutions,co_940b66377aa9,First Lien,,5.99%,,SOFR,1.93%,0.5%,,2029-01-29,,481,482,,481,,,,481250,,SAR,2026-01-07
U.S. Bank Money Market,co_c1bbdef851a9,Other,,,,,,,,,,21695,21695,,21695,,,,,,SAR,2026-01-07
Total cash and cash equivalents,co_e8ecb1875192,Other,,,,,,,,,,21695,21695,,21695,,,,,,SAR,2026-01-07
Vector Controls Holding Co.,co_8512315372c4,Warrants,,,,,,,,2027-11-30,0,,8544,2.1%,,,,,,,SAR,2026-01-07
Industrial Products,co_a7294967df37,Other,Industrials,,,,,,,,,,8544,2.1%,,,,,,,SAR,2026-01-07
Instant Brands Litigation Trust,co_0896fb3a7797,Other Equity,,,,,,,,,,,426,,,,,,8572,,SAR,2026-01-07
Wellpath Holdings LLC,co_c0714d108f00,Other Equity,,,,,,,,,,,,,,,,,19309,,SAR,2026-01-07
