ticker,filing_date,statement_label,statement_type,line_item,concept,value,context_key,start_date,end_date,instant_date,duration_days,level,is_abstract,preferred_label,order_index
OFS,2025-05-02,income_statement,income_statement,InterestIncomeOperatingPaidInCash,InterestIncomeOperatingPaidInCash,9580000,c-18,,,,,,False,InterestIncomeOperatingPaidInCash,
OFS,2025-05-02,income_statement,income_statement,InterestIncomeOperatingPaidInCash,InterestIncomeOperatingPaidInCash,11051000,c-19,,,,,,False,InterestIncomeOperatingPaidInCash,
OFS,2025-05-02,income_statement,income_statement,InterestIncomeOperatingPaidInCash,InterestIncomeOperatingPaidInCash,9580000,c-1,,,,,,False,InterestIncomeOperatingPaidInCash,
OFS,2025-05-02,income_statement,income_statement,InterestIncomeOperatingPaidInCash,InterestIncomeOperatingPaidInCash,11051000,c-20,,,,,,False,InterestIncomeOperatingPaidInCash,
OFS,2025-05-02,income_statement,income_statement,InterestAndDividendIncomeOperatingPaidInKind,InterestAndDividendIncomeOperatingPaidInKind,388000,c-18,,,,,,False,InterestAndDividendIncomeOperatingPaidInKind,
OFS,2025-05-02,income_statement,income_statement,InterestAndDividendIncomeOperatingPaidInKind,InterestAndDividendIncomeOperatingPaidInKind,342000,c-19,,,,,,False,InterestAndDividendIncomeOperatingPaidInKind,
OFS,2025-05-02,income_statement,income_statement,InterestAndDividendIncomeOperatingPaidInKind,InterestAndDividendIncomeOperatingPaidInKind,287000,c-21,,,,,,False,InterestAndDividendIncomeOperatingPaidInKind,
OFS,2025-05-02,income_statement,income_statement,InterestAndDividendIncomeOperatingPaidInKind,InterestAndDividendIncomeOperatingPaidInKind,263000,c-22,,,,,,False,InterestAndDividendIncomeOperatingPaidInKind,
OFS,2025-05-02,income_statement,income_statement,InterestAndDividendIncomeOperatingPaidInKind,InterestAndDividendIncomeOperatingPaidInKind,675000,c-1,,,,,,False,InterestAndDividendIncomeOperatingPaidInKind,
OFS,2025-05-02,income_statement,income_statement,InterestAndDividendIncomeOperatingPaidInKind,InterestAndDividendIncomeOperatingPaidInKind,605000,c-20,,,,,,False,InterestAndDividendIncomeOperatingPaidInKind,
OFS,2025-05-02,income_statement,income_statement,DividendIncomeOperatingPaidInCash,DividendIncomeOperatingPaidInCash,11000,c-18,,,,,,False,DividendIncomeOperatingPaidInCash,
OFS,2025-05-02,income_statement,income_statement,DividendIncomeOperatingPaidInCash,DividendIncomeOperatingPaidInCash,10000,c-19,,,,,,False,DividendIncomeOperatingPaidInCash,
OFS,2025-05-02,income_statement,income_statement,DividendIncomeOperatingPaidInCash,DividendIncomeOperatingPaidInCash,0,c-21,,,,,,False,DividendIncomeOperatingPaidInCash,
OFS,2025-05-02,income_statement,income_statement,DividendIncomeOperatingPaidInCash,DividendIncomeOperatingPaidInCash,2438000,c-22,,,,,,False,DividendIncomeOperatingPaidInCash,
OFS,2025-05-02,income_statement,income_statement,DividendIncomeOperatingPaidInCash,DividendIncomeOperatingPaidInCash,11000,c-1,,,,,,False,DividendIncomeOperatingPaidInCash,
OFS,2025-05-02,income_statement,income_statement,DividendIncomeOperatingPaidInCash,DividendIncomeOperatingPaidInCash,2448000,c-20,,,,,,False,DividendIncomeOperatingPaidInCash,
OFS,2025-05-02,income_statement,income_statement,FeeIncome,FeeIncome,29000,c-18,,,,,,False,FeeIncome,
OFS,2025-05-02,income_statement,income_statement,FeeIncome,FeeIncome,129000,c-19,,,,,,False,FeeIncome,
OFS,2025-05-02,income_statement,income_statement,GrossInvestmentIncomeOperating,GrossInvestmentIncomeOperating,10295000,c-1,,,,,,False,GrossInvestmentIncomeOperating,
OFS,2025-05-02,income_statement,income_statement,GrossInvestmentIncomeOperating,GrossInvestmentIncomeOperating,14233000,c-20,,,,,,False,GrossInvestmentIncomeOperating,
OFS,2025-05-02,income_statement,income_statement,InterestExpense,InterestExpense,3858000,c-1,,,,,,False,InterestExpense,
OFS,2025-05-02,income_statement,income_statement,InterestExpense,InterestExpense,4572000,c-20,,,,,,False,InterestExpense,
OFS,2025-05-02,income_statement,income_statement,ManagementFeeExpense,ManagementFeeExpense,1549000,c-1,,,,,,False,ManagementFeeExpense,
OFS,2025-05-02,income_statement,income_statement,ManagementFeeExpense,ManagementFeeExpense,1523000,c-20,,,,,,False,ManagementFeeExpense,
OFS,2025-05-02,income_statement,income_statement,IncentiveFeeExpense,IncentiveFeeExpense,330000,c-1,,,,,,False,IncentiveFeeExpense,
OFS,2025-05-02,income_statement,income_statement,IncentiveFeeExpense,IncentiveFeeExpense,1399000,c-20,,,,,,False,IncentiveFeeExpense,
OFS,2025-05-02,income_statement,income_statement,AdministrativeFeesExpense,AdministrativeFeesExpense,394000,c-1,,,,,,False,AdministrativeFeesExpense,
OFS,2025-05-02,income_statement,income_statement,AdministrativeFeesExpense,AdministrativeFeesExpense,394000,c-20,,,,,,False,AdministrativeFeesExpense,
OFS,2025-05-02,income_statement,income_statement,OtherCostAndExpenseOperating,OtherCostAndExpenseOperating,263000,c-1,,,,,,False,OtherCostAndExpenseOperating,
OFS,2025-05-02,income_statement,income_statement,OtherCostAndExpenseOperating,OtherCostAndExpenseOperating,335000,c-20,,,,,,False,OtherCostAndExpenseOperating,
OFS,2025-05-02,income_statement,income_statement,InvestmentCompanyExpenseAfterReductionOfFeeWaiverAndReimbursement,InvestmentCompanyExpenseAfterReductionOfFeeWaiverAndReimbursement,6830000,c-1,,,,,,False,InvestmentCompanyExpenseAfterReductionOfFeeWaiverAndReimbursement,
OFS,2025-05-02,income_statement,income_statement,InvestmentCompanyExpenseAfterReductionOfFeeWaiverAndReimbursement,InvestmentCompanyExpenseAfterReductionOfFeeWaiverAndReimbursement,8637000,c-20,,,,,,False,InvestmentCompanyExpenseAfterReductionOfFeeWaiverAndReimbursement,
OFS,2025-05-02,income_statement,income_statement,NetInvestmentIncome,NetInvestmentIncome,3465000,c-1,,,,,,False,NetInvestmentIncome,
OFS,2025-05-02,income_statement,income_statement,NetInvestmentIncome,NetInvestmentIncome,5596000,c-20,,,,,,False,NetInvestmentIncome,
OFS,2025-05-02,income_statement,income_statement,UnrealizedGainLossInvestmentAndDerivativeOperatingTaxExpenseBenefit,UnrealizedGainLossInvestmentAndDerivativeOperatingTaxExpenseBenefit,-99000,c-1,,,,,,False,UnrealizedGainLossInvestmentAndDerivativeOperatingTaxExpenseBenefit,
OFS,2025-05-02,income_statement,income_statement,UnrealizedGainLossInvestmentAndDerivativeOperatingTaxExpenseBenefit,UnrealizedGainLossInvestmentAndDerivativeOperatingTaxExpenseBenefit,63000,c-20,,,,,,False,UnrealizedGainLossInvestmentAndDerivativeOperatingTaxExpenseBenefit,
OFS,2025-05-02,income_statement,income_statement,NetIncomeLoss,NetIncomeLoss,-7287000,c-1,,,,,,False,NetIncomeLoss,
OFS,2025-05-02,income_statement,income_statement,NetIncomeLoss,NetIncomeLoss,-9049000,c-20,,,,,,False,NetIncomeLoss,
OFS,2025-05-02,income_statement,income_statement,InvestmentIncomeOperatingAfterExpenseAndTax,InvestmentIncomeOperatingAfterExpenseAndTax,5596000,c-27,,,,,,False,InvestmentIncomeOperatingAfterExpenseAndTax,
OFS,2025-05-02,income_statement,income_statement,InvestmentIncomeOperatingAfterExpenseAndTax,InvestmentIncomeOperatingAfterExpenseAndTax,5596000,c-20,,,,,,False,InvestmentIncomeOperatingAfterExpenseAndTax,
OFS,2025-05-02,income_statement,income_statement,InvestmentIncomeOperatingAfterExpenseAndTax,InvestmentIncomeOperatingAfterExpenseAndTax,3465000,c-35,,,,,,False,InvestmentIncomeOperatingAfterExpenseAndTax,
OFS,2025-05-02,income_statement,income_statement,InvestmentIncomeOperatingAfterExpenseAndTax,InvestmentIncomeOperatingAfterExpenseAndTax,3465000,c-1,,,,,,False,InvestmentIncomeOperatingAfterExpenseAndTax,
OFS,2025-05-02,income_statement,income_statement,InterestAndDividendIncomeOperatingPaidInKindIncludingCapitalizedAmounts,InterestAndDividendIncomeOperatingPaidInKindIncludingCapitalizedAmounts,675000,c-1,,,,,,False,InterestAndDividendIncomeOperatingPaidInKindIncludingCapitalizedAmounts,
OFS,2025-05-02,income_statement,income_statement,InterestAndDividendIncomeOperatingPaidInKindIncludingCapitalizedAmounts,InterestAndDividendIncomeOperatingPaidInKindIncludingCapitalizedAmounts,604000,c-20,,,,,,False,InterestAndDividendIncomeOperatingPaidInKindIncludingCapitalizedAmounts,
OFS,2025-05-02,income_statement,income_statement,IncreaseDecreaseInInterestAndDividendsReceivable,IncreaseDecreaseInInterestAndDividendsReceivable,-333000,c-1,,,,,,False,IncreaseDecreaseInInterestAndDividendsReceivable,
OFS,2025-05-02,income_statement,income_statement,IncreaseDecreaseInInterestAndDividendsReceivable,IncreaseDecreaseInInterestAndDividendsReceivable,315000,c-20,,,,,,False,IncreaseDecreaseInInterestAndDividendsReceivable,
OFS,2025-05-02,income_statement,income_statement,InvestmentCompanyInvestmentIncomeLossPerShare,InvestmentCompanyInvestmentIncomeLossPerShare,0.26,c-1,,,,,,False,InvestmentCompanyInvestmentIncomeLossPerShare,
OFS,2025-05-02,income_statement,income_statement,InvestmentCompanyInvestmentIncomeLossPerShare,InvestmentCompanyInvestmentIncomeLossPerShare,0.42,c-20,,,,,,False,InvestmentCompanyInvestmentIncomeLossPerShare,
OFS,2025-05-02,income_statement,income_statement,InvestmentCompanyInvestmentIncomeLossFromOperationsPerShare,InvestmentCompanyInvestmentIncomeLossFromOperationsPerShare,-0.54,c-1,,,,,,False,InvestmentCompanyInvestmentIncomeLossFromOperationsPerShare,
OFS,2025-05-02,income_statement,income_statement,InvestmentCompanyInvestmentIncomeLossFromOperationsPerShare,InvestmentCompanyInvestmentIncomeLossFromOperationsPerShare,-0.67,c-20,,,,,,False,InvestmentCompanyInvestmentIncomeLossFromOperationsPerShare,
OFS,2025-05-02,income_statement,income_statement,InvestmentCompanyExpenseRatioAfterIncentiveAllocation,InvestmentCompanyExpenseRatioAfterIncentiveAllocation,0.164,c-1,,,,,,False,InvestmentCompanyExpenseRatioAfterIncentiveAllocation,
OFS,2025-05-02,income_statement,income_statement,InvestmentCompanyExpenseRatioAfterIncentiveAllocation,InvestmentCompanyExpenseRatioAfterIncentiveAllocation,0.223,c-20,,,,,,False,InvestmentCompanyExpenseRatioAfterIncentiveAllocation,
OFS,2025-05-02,income_statement,income_statement,InvestmentCompanyInvestmentIncomeLossRatioAfterIncentiveAllocation,InvestmentCompanyInvestmentIncomeLossRatioAfterIncentiveAllocation,0.083,c-1,,,,,,False,InvestmentCompanyInvestmentIncomeLossRatioAfterIncentiveAllocation,
OFS,2025-05-02,income_statement,income_statement,InvestmentCompanyInvestmentIncomeLossRatioAfterIncentiveAllocation,InvestmentCompanyInvestmentIncomeLossRatioAfterIncentiveAllocation,0.144,c-20,,,,,,False,InvestmentCompanyInvestmentIncomeLossRatioAfterIncentiveAllocation,
OFS,2025-05-02,income_statement,income_statement,InterestIncomeOperatingPaidInCash,InterestIncomeOperatingPaidInCash,0,c-738,,,,,,False,InterestIncomeOperatingPaidInCash,
OFS,2025-05-02,income_statement,income_statement,DividendIncomeOperating,DividendIncomeOperating,287000,c-738,,,,,,False,DividendIncomeOperating,
OFS,2025-05-02,income_statement,income_statement,FeeIncome,FeeIncome,0,c-738,,,,,,False,FeeIncome,
OFS,2025-05-02,income_statement,income_statement,GrossInvestmentIncomeOperating,GrossInvestmentIncomeOperating,287000,c-738,,,,,,False,GrossInvestmentIncomeOperating,
OFS,2025-05-02,income_statement,income_statement,InterestIncomeOperatingPaidInCash,InterestIncomeOperatingPaidInCash,0,c-741,,,,,,False,InterestIncomeOperatingPaidInCash,
OFS,2025-05-02,income_statement,income_statement,DividendIncomeOperating,DividendIncomeOperating,0,c-741,,,,,,False,DividendIncomeOperating,
OFS,2025-05-02,income_statement,income_statement,FeeIncome,FeeIncome,0,c-741,,,,,,False,FeeIncome,
OFS,2025-05-02,income_statement,income_statement,GrossInvestmentIncomeOperating,GrossInvestmentIncomeOperating,0,c-741,,,,,,False,GrossInvestmentIncomeOperating,
OFS,2025-05-02,income_statement,income_statement,InterestIncomeOperatingPaidInCash,InterestIncomeOperatingPaidInCash,0,c-744,,,,,,False,InterestIncomeOperatingPaidInCash,
OFS,2025-05-02,income_statement,income_statement,DividendIncomeOperating,DividendIncomeOperating,287000,c-744,,,,,,False,DividendIncomeOperating,
OFS,2025-05-02,income_statement,income_statement,FeeIncome,FeeIncome,0,c-744,,,,,,False,FeeIncome,
OFS,2025-05-02,income_statement,income_statement,GrossInvestmentIncomeOperating,GrossInvestmentIncomeOperating,287000,c-744,,,,,,False,GrossInvestmentIncomeOperating,
OFS,2025-05-02,income_statement,income_statement,InterestIncomeOperatingPaidInCash,InterestIncomeOperatingPaidInCash,0,c-745,,,,,,False,InterestIncomeOperatingPaidInCash,
OFS,2025-05-02,income_statement,income_statement,DividendIncomeOperating,DividendIncomeOperating,0,c-745,,,,,,False,DividendIncomeOperating,
OFS,2025-05-02,income_statement,income_statement,FeeIncome,FeeIncome,0,c-745,,,,,,False,FeeIncome,
OFS,2025-05-02,income_statement,income_statement,GrossInvestmentIncomeOperating,GrossInvestmentIncomeOperating,0,c-745,,,,,,False,GrossInvestmentIncomeOperating,
OFS,2025-05-02,income_statement,income_statement,InterestIncomeOperatingPaidInCash,InterestIncomeOperatingPaidInCash,0,c-746,,,,,,False,InterestIncomeOperatingPaidInCash,
OFS,2025-05-02,income_statement,income_statement,DividendIncomeOperating,DividendIncomeOperating,0,c-746,,,,,,False,DividendIncomeOperating,
OFS,2025-05-02,income_statement,income_statement,FeeIncome,FeeIncome,0,c-746,,,,,,False,FeeIncome,
OFS,2025-05-02,income_statement,income_statement,GrossInvestmentIncomeOperating,GrossInvestmentIncomeOperating,0,c-746,,,,,,False,GrossInvestmentIncomeOperating,
OFS,2025-05-02,income_statement,income_statement,InterestIncomeOperatingPaidInCash,InterestIncomeOperatingPaidInCash,0,c-749,,,,,,False,InterestIncomeOperatingPaidInCash,
OFS,2025-05-02,income_statement,income_statement,DividendIncomeOperating,DividendIncomeOperating,0,c-749,,,,,,False,DividendIncomeOperating,
OFS,2025-05-02,income_statement,income_statement,FeeIncome,FeeIncome,0,c-749,,,,,,False,FeeIncome,
OFS,2025-05-02,income_statement,income_statement,GrossInvestmentIncomeOperating,GrossInvestmentIncomeOperating,0,c-749,,,,,,False,GrossInvestmentIncomeOperating,
OFS,2025-05-02,income_statement,income_statement,InterestIncomeOperatingPaidInCash,InterestIncomeOperatingPaidInCash,0,c-752,,,,,,False,InterestIncomeOperatingPaidInCash,
OFS,2025-05-02,income_statement,income_statement,DividendIncomeOperating,DividendIncomeOperating,287000,c-752,,,,,,False,DividendIncomeOperating,
OFS,2025-05-02,income_statement,income_statement,FeeIncome,FeeIncome,0,c-752,,,,,,False,FeeIncome,
OFS,2025-05-02,income_statement,income_statement,GrossInvestmentIncomeOperating,GrossInvestmentIncomeOperating,287000,c-752,,,,,,False,GrossInvestmentIncomeOperating,
OFS,2025-08-01,income_statement,income_statement,InterestIncomeOperatingPaidInCash,InterestIncomeOperatingPaidInCash,9621000,c-18,,,,,,False,InterestIncomeOperatingPaidInCash,
OFS,2025-08-01,income_statement,income_statement,InterestIncomeOperatingPaidInCash,InterestIncomeOperatingPaidInCash,10362000,c-19,,,,,,False,InterestIncomeOperatingPaidInCash,
OFS,2025-08-01,income_statement,income_statement,InterestIncomeOperatingPaidInCash,InterestIncomeOperatingPaidInCash,19201000,c-20,,,,,,False,InterestIncomeOperatingPaidInCash,
OFS,2025-08-01,income_statement,income_statement,InterestIncomeOperatingPaidInCash,InterestIncomeOperatingPaidInCash,21413000,c-21,,,,,,False,InterestIncomeOperatingPaidInCash,
OFS,2025-08-01,income_statement,income_statement,InterestAndDividendIncomeOperatingPaidInKind,InterestAndDividendIncomeOperatingPaidInKind,398000,c-18,,,,,,False,InterestAndDividendIncomeOperatingPaidInKind,
OFS,2025-08-01,income_statement,income_statement,InterestAndDividendIncomeOperatingPaidInKind,InterestAndDividendIncomeOperatingPaidInKind,492000,c-19,,,,,,False,InterestAndDividendIncomeOperatingPaidInKind,
OFS,2025-08-01,income_statement,income_statement,InterestAndDividendIncomeOperatingPaidInKind,InterestAndDividendIncomeOperatingPaidInKind,786000,c-20,,,,,,False,InterestAndDividendIncomeOperatingPaidInKind,
OFS,2025-08-01,income_statement,income_statement,InterestAndDividendIncomeOperatingPaidInKind,InterestAndDividendIncomeOperatingPaidInKind,834000,c-21,,,,,,False,InterestAndDividendIncomeOperatingPaidInKind,
OFS,2025-08-01,income_statement,income_statement,InterestAndDividendIncomeOperatingPaidInKind,InterestAndDividendIncomeOperatingPaidInKind,297000,c-22,,,,,,False,InterestAndDividendIncomeOperatingPaidInKind,
OFS,2025-08-01,income_statement,income_statement,InterestAndDividendIncomeOperatingPaidInKind,InterestAndDividendIncomeOperatingPaidInKind,270000,c-23,,,,,,False,InterestAndDividendIncomeOperatingPaidInKind,
OFS,2025-08-01,income_statement,income_statement,InterestAndDividendIncomeOperatingPaidInKind,InterestAndDividendIncomeOperatingPaidInKind,584000,c-24,,,,,,False,InterestAndDividendIncomeOperatingPaidInKind,
OFS,2025-08-01,income_statement,income_statement,InterestAndDividendIncomeOperatingPaidInKind,InterestAndDividendIncomeOperatingPaidInKind,533000,c-25,,,,,,False,InterestAndDividendIncomeOperatingPaidInKind,
OFS,2025-08-01,income_statement,income_statement,InterestAndDividendIncomeOperatingPaidInKind,InterestAndDividendIncomeOperatingPaidInKind,695000,c-26,,,,,,False,InterestAndDividendIncomeOperatingPaidInKind,
OFS,2025-08-01,income_statement,income_statement,InterestAndDividendIncomeOperatingPaidInKind,InterestAndDividendIncomeOperatingPaidInKind,762000,c-27,,,,,,False,InterestAndDividendIncomeOperatingPaidInKind,
OFS,2025-08-01,income_statement,income_statement,InterestAndDividendIncomeOperatingPaidInKind,InterestAndDividendIncomeOperatingPaidInKind,1370000,c-1,,,,,,False,InterestAndDividendIncomeOperatingPaidInKind,
OFS,2025-08-01,income_statement,income_statement,InterestAndDividendIncomeOperatingPaidInKind,InterestAndDividendIncomeOperatingPaidInKind,1367000,c-28,,,,,,False,InterestAndDividendIncomeOperatingPaidInKind,
OFS,2025-08-01,income_statement,income_statement,DividendIncomeOperatingPaidInCash,DividendIncomeOperatingPaidInCash,10000,c-18,,,,,,False,DividendIncomeOperatingPaidInCash,
OFS,2025-08-01,income_statement,income_statement,DividendIncomeOperatingPaidInCash,DividendIncomeOperatingPaidInCash,10000,c-19,,,,,,False,DividendIncomeOperatingPaidInCash,
OFS,2025-08-01,income_statement,income_statement,DividendIncomeOperatingPaidInCash,DividendIncomeOperatingPaidInCash,21000,c-20,,,,,,False,DividendIncomeOperatingPaidInCash,
OFS,2025-08-01,income_statement,income_statement,DividendIncomeOperatingPaidInCash,DividendIncomeOperatingPaidInCash,21000,c-21,,,,,,False,DividendIncomeOperatingPaidInCash,
OFS,2025-08-01,income_statement,income_statement,DividendIncomeOperatingPaidInCash,DividendIncomeOperatingPaidInCash,0,c-22,,,,,,False,DividendIncomeOperatingPaidInCash,
OFS,2025-08-01,income_statement,income_statement,DividendIncomeOperatingPaidInCash,DividendIncomeOperatingPaidInCash,0,c-23,,,,,,False,DividendIncomeOperatingPaidInCash,
OFS,2025-08-01,income_statement,income_statement,DividendIncomeOperatingPaidInCash,DividendIncomeOperatingPaidInCash,0,c-24,,,,,,False,DividendIncomeOperatingPaidInCash,
OFS,2025-08-01,income_statement,income_statement,DividendIncomeOperatingPaidInCash,DividendIncomeOperatingPaidInCash,2437000,c-25,,,,,,False,DividendIncomeOperatingPaidInCash,
OFS,2025-08-01,income_statement,income_statement,DividendIncomeOperatingPaidInCash,DividendIncomeOperatingPaidInCash,10000,c-26,,,,,,False,DividendIncomeOperatingPaidInCash,
OFS,2025-08-01,income_statement,income_statement,DividendIncomeOperatingPaidInCash,DividendIncomeOperatingPaidInCash,10000,c-27,,,,,,False,DividendIncomeOperatingPaidInCash,
OFS,2025-08-01,income_statement,income_statement,DividendIncomeOperatingPaidInCash,DividendIncomeOperatingPaidInCash,21000,c-1,,,,,,False,DividendIncomeOperatingPaidInCash,
OFS,2025-08-01,income_statement,income_statement,DividendIncomeOperatingPaidInCash,DividendIncomeOperatingPaidInCash,2458000,c-28,,,,,,False,DividendIncomeOperatingPaidInCash,
OFS,2025-08-01,income_statement,income_statement,FeeIncome,FeeIncome,150000,c-18,,,,,,False,FeeIncome,
OFS,2025-08-01,income_statement,income_statement,FeeIncome,FeeIncome,31000,c-19,,,,,,False,FeeIncome,
OFS,2025-08-01,income_statement,income_statement,FeeIncome,FeeIncome,179000,c-20,,,,,,False,FeeIncome,
OFS,2025-08-01,income_statement,income_statement,FeeIncome,FeeIncome,160000,c-21,,,,,,False,FeeIncome,
OFS,2025-08-01,income_statement,income_statement,GrossInvestmentIncomeOperating,GrossInvestmentIncomeOperating,10476000,c-26,,,,,,False,GrossInvestmentIncomeOperating,
OFS,2025-08-01,income_statement,income_statement,GrossInvestmentIncomeOperating,GrossInvestmentIncomeOperating,11165000,c-27,,,,,,False,GrossInvestmentIncomeOperating,
OFS,2025-08-01,income_statement,income_statement,GrossInvestmentIncomeOperating,GrossInvestmentIncomeOperating,20771000,c-1,,,,,,False,GrossInvestmentIncomeOperating,
OFS,2025-08-01,income_statement,income_statement,GrossInvestmentIncomeOperating,GrossInvestmentIncomeOperating,25398000,c-28,,,,,,False,GrossInvestmentIncomeOperating,
OFS,2025-08-01,income_statement,income_statement,InterestExpense,InterestExpense,3842000,c-26,,,,,,False,InterestExpense,
OFS,2025-08-01,income_statement,income_statement,InterestExpense,InterestExpense,4117000,c-27,,,,,,False,InterestExpense,
OFS,2025-08-01,income_statement,income_statement,InterestExpense,InterestExpense,7700000,c-1,,,,,,False,InterestExpense,
OFS,2025-08-01,income_statement,income_statement,InterestExpense,InterestExpense,8689000,c-28,,,,,,False,InterestExpense,
OFS,2025-08-01,income_statement,income_statement,ManagementFeeExpense,ManagementFeeExpense,1479000,c-26,,,,,,False,ManagementFeeExpense,
OFS,2025-08-01,income_statement,income_statement,ManagementFeeExpense,ManagementFeeExpense,1478000,c-27,,,,,,False,ManagementFeeExpense,
OFS,2025-08-01,income_statement,income_statement,ManagementFeeExpense,ManagementFeeExpense,3028000,c-1,,,,,,False,ManagementFeeExpense,
OFS,2025-08-01,income_statement,income_statement,ManagementFeeExpense,ManagementFeeExpense,3001000,c-28,,,,,,False,ManagementFeeExpense,
OFS,2025-08-01,income_statement,income_statement,IncentiveFeeExpense,IncentiveFeeExpense,821000,c-26,,,,,,False,IncentiveFeeExpense,
OFS,2025-08-01,income_statement,income_statement,IncentiveFeeExpense,IncentiveFeeExpense,859000,c-27,,,,,,False,IncentiveFeeExpense,
OFS,2025-08-01,income_statement,income_statement,IncentiveFeeExpense,IncentiveFeeExpense,1151000,c-1,,,,,,False,IncentiveFeeExpense,
OFS,2025-08-01,income_statement,income_statement,IncentiveFeeExpense,IncentiveFeeExpense,2258000,c-28,,,,,,False,IncentiveFeeExpense,
OFS,2025-08-01,income_statement,income_statement,AdministrativeFeesExpense,AdministrativeFeesExpense,382000,c-26,,,,,,False,AdministrativeFeesExpense,
OFS,2025-08-01,income_statement,income_statement,AdministrativeFeesExpense,AdministrativeFeesExpense,453000,c-27,,,,,,False,AdministrativeFeesExpense,
OFS,2025-08-01,income_statement,income_statement,AdministrativeFeesExpense,AdministrativeFeesExpense,776000,c-1,,,,,,False,AdministrativeFeesExpense,
OFS,2025-08-01,income_statement,income_statement,AdministrativeFeesExpense,AdministrativeFeesExpense,847000,c-28,,,,,,False,AdministrativeFeesExpense,
OFS,2025-08-01,income_statement,income_statement,OtherCostAndExpenseOperating,OtherCostAndExpenseOperating,266000,c-26,,,,,,False,OtherCostAndExpenseOperating,
OFS,2025-08-01,income_statement,income_statement,OtherCostAndExpenseOperating,OtherCostAndExpenseOperating,407000,c-27,,,,,,False,OtherCostAndExpenseOperating,
OFS,2025-08-01,income_statement,income_statement,OtherCostAndExpenseOperating,OtherCostAndExpenseOperating,529000,c-1,,,,,,False,OtherCostAndExpenseOperating,
OFS,2025-08-01,income_statement,income_statement,OtherCostAndExpenseOperating,OtherCostAndExpenseOperating,742000,c-28,,,,,,False,OtherCostAndExpenseOperating,
OFS,2025-08-01,income_statement,income_statement,InvestmentCompanyExpenseAfterReductionOfFeeWaiverAndReimbursement,InvestmentCompanyExpenseAfterReductionOfFeeWaiverAndReimbursement,7193000,c-26,,,,,,False,InvestmentCompanyExpenseAfterReductionOfFeeWaiverAndReimbursement,
OFS,2025-08-01,income_statement,income_statement,InvestmentCompanyExpenseAfterReductionOfFeeWaiverAndReimbursement,InvestmentCompanyExpenseAfterReductionOfFeeWaiverAndReimbursement,7728000,c-27,,,,,,False,InvestmentCompanyExpenseAfterReductionOfFeeWaiverAndReimbursement,
OFS,2025-08-01,income_statement,income_statement,InvestmentCompanyExpenseAfterReductionOfFeeWaiverAndReimbursement,InvestmentCompanyExpenseAfterReductionOfFeeWaiverAndReimbursement,14023000,c-1,,,,,,False,InvestmentCompanyExpenseAfterReductionOfFeeWaiverAndReimbursement,
OFS,2025-08-01,income_statement,income_statement,InvestmentCompanyExpenseAfterReductionOfFeeWaiverAndReimbursement,InvestmentCompanyExpenseAfterReductionOfFeeWaiverAndReimbursement,16365000,c-28,,,,,,False,InvestmentCompanyExpenseAfterReductionOfFeeWaiverAndReimbursement,
OFS,2025-08-01,income_statement,income_statement,NetInvestmentIncome,NetInvestmentIncome,3283000,c-26,,,,,,False,NetInvestmentIncome,
OFS,2025-08-01,income_statement,income_statement,NetInvestmentIncome,NetInvestmentIncome,3437000,c-27,,,,,,False,NetInvestmentIncome,
OFS,2025-08-01,income_statement,income_statement,NetInvestmentIncome,NetInvestmentIncome,6748000,c-1,,,,,,False,NetInvestmentIncome,
OFS,2025-08-01,income_statement,income_statement,NetInvestmentIncome,NetInvestmentIncome,9033000,c-28,,,,,,False,NetInvestmentIncome,
OFS,2025-08-01,income_statement,income_statement,UnrealizedGainLossInvestmentAndDerivativeOperatingTaxExpenseBenefit,UnrealizedGainLossInvestmentAndDerivativeOperatingTaxExpenseBenefit,-147000,c-26,,,,,,False,UnrealizedGainLossInvestmentAndDerivativeOperatingTaxExpenseBenefit,
OFS,2025-08-01,income_statement,income_statement,UnrealizedGainLossInvestmentAndDerivativeOperatingTaxExpenseBenefit,UnrealizedGainLossInvestmentAndDerivativeOperatingTaxExpenseBenefit,138000,c-27,,,,,,False,UnrealizedGainLossInvestmentAndDerivativeOperatingTaxExpenseBenefit,
OFS,2025-08-01,income_statement,income_statement,UnrealizedGainLossInvestmentAndDerivativeOperatingTaxExpenseBenefit,UnrealizedGainLossInvestmentAndDerivativeOperatingTaxExpenseBenefit,-246000,c-1,,,,,,False,UnrealizedGainLossInvestmentAndDerivativeOperatingTaxExpenseBenefit,
OFS,2025-08-01,income_statement,income_statement,UnrealizedGainLossInvestmentAndDerivativeOperatingTaxExpenseBenefit,UnrealizedGainLossInvestmentAndDerivativeOperatingTaxExpenseBenefit,201000,c-28,,,,,,False,UnrealizedGainLossInvestmentAndDerivativeOperatingTaxExpenseBenefit,
OFS,2025-08-01,income_statement,income_statement,NetIncomeLoss,NetIncomeLoss,-9631000,c-26,,,,,,False,NetIncomeLoss,
OFS,2025-08-01,income_statement,income_statement,NetIncomeLoss,NetIncomeLoss,10328000,c-27,,,,,,False,NetIncomeLoss,
OFS,2025-08-01,income_statement,income_statement,NetIncomeLoss,NetIncomeLoss,-16918000,c-1,,,,,,False,NetIncomeLoss,
OFS,2025-08-01,income_statement,income_statement,NetIncomeLoss,NetIncomeLoss,1279000,c-28,,,,,,False,NetIncomeLoss,
OFS,2025-08-01,income_statement,income_statement,InvestmentIncomeOperatingAfterExpenseAndTax,InvestmentIncomeOperatingAfterExpenseAndTax,9033000,c-33,,,,,,False,InvestmentIncomeOperatingAfterExpenseAndTax,
OFS,2025-08-01,income_statement,income_statement,InvestmentIncomeOperatingAfterExpenseAndTax,InvestmentIncomeOperatingAfterExpenseAndTax,9033000,c-28,,,,,,False,InvestmentIncomeOperatingAfterExpenseAndTax,
OFS,2025-08-01,income_statement,income_statement,InvestmentIncomeOperatingAfterExpenseAndTax,InvestmentIncomeOperatingAfterExpenseAndTax,3437000,c-42,,,,,,False,InvestmentIncomeOperatingAfterExpenseAndTax,
OFS,2025-08-01,income_statement,income_statement,InvestmentIncomeOperatingAfterExpenseAndTax,InvestmentIncomeOperatingAfterExpenseAndTax,3437000,c-27,,,,,,False,InvestmentIncomeOperatingAfterExpenseAndTax,
OFS,2025-08-01,income_statement,income_statement,InvestmentIncomeOperatingAfterExpenseAndTax,InvestmentIncomeOperatingAfterExpenseAndTax,6748000,c-46,,,,,,False,InvestmentIncomeOperatingAfterExpenseAndTax,
OFS,2025-08-01,income_statement,income_statement,InvestmentIncomeOperatingAfterExpenseAndTax,InvestmentIncomeOperatingAfterExpenseAndTax,6748000,c-1,,,,,,False,InvestmentIncomeOperatingAfterExpenseAndTax,
OFS,2025-08-01,income_statement,income_statement,InvestmentIncomeOperatingAfterExpenseAndTax,InvestmentIncomeOperatingAfterExpenseAndTax,3283000,c-54,,,,,,False,InvestmentIncomeOperatingAfterExpenseAndTax,
OFS,2025-08-01,income_statement,income_statement,InvestmentIncomeOperatingAfterExpenseAndTax,InvestmentIncomeOperatingAfterExpenseAndTax,3283000,c-26,,,,,,False,InvestmentIncomeOperatingAfterExpenseAndTax,
OFS,2025-08-01,income_statement,income_statement,InterestAndDividendIncomeOperatingPaidInKindIncludingCapitalizedAmounts,InterestAndDividendIncomeOperatingPaidInKindIncludingCapitalizedAmounts,1407000,c-1,,,,,,False,InterestAndDividendIncomeOperatingPaidInKindIncludingCapitalizedAmounts,
OFS,2025-08-01,income_statement,income_statement,InterestAndDividendIncomeOperatingPaidInKindIncludingCapitalizedAmounts,InterestAndDividendIncomeOperatingPaidInKindIncludingCapitalizedAmounts,1351000,c-28,,,,,,False,InterestAndDividendIncomeOperatingPaidInKindIncludingCapitalizedAmounts,
OFS,2025-08-01,income_statement,income_statement,IncreaseDecreaseInInterestAndDividendsReceivable,IncreaseDecreaseInInterestAndDividendsReceivable,-458000,c-1,,,,,,False,IncreaseDecreaseInInterestAndDividendsReceivable,
OFS,2025-08-01,income_statement,income_statement,IncreaseDecreaseInInterestAndDividendsReceivable,IncreaseDecreaseInInterestAndDividendsReceivable,728000,c-28,,,,,,False,IncreaseDecreaseInInterestAndDividendsReceivable,
OFS,2025-08-01,income_statement,income_statement,InvestmentCompanyInvestmentIncomeLossPerShare,InvestmentCompanyInvestmentIncomeLossPerShare,0.25,c-26,,,,,,False,InvestmentCompanyInvestmentIncomeLossPerShare,
OFS,2025-08-01,income_statement,income_statement,InvestmentCompanyInvestmentIncomeLossPerShare,InvestmentCompanyInvestmentIncomeLossPerShare,0.26,c-27,,,,,,False,InvestmentCompanyInvestmentIncomeLossPerShare,
OFS,2025-08-01,income_statement,income_statement,InvestmentCompanyInvestmentIncomeLossPerShare,InvestmentCompanyInvestmentIncomeLossPerShare,0.50,c-1,,,,,,False,InvestmentCompanyInvestmentIncomeLossPerShare,
OFS,2025-08-01,income_statement,income_statement,InvestmentCompanyInvestmentIncomeLossPerShare,InvestmentCompanyInvestmentIncomeLossPerShare,0.67,c-28,,,,,,False,InvestmentCompanyInvestmentIncomeLossPerShare,
OFS,2025-08-01,income_statement,income_statement,InvestmentCompanyInvestmentIncomeLossFromOperationsPerShare,InvestmentCompanyInvestmentIncomeLossFromOperationsPerShare,-0.72,c-26,,,,,,False,InvestmentCompanyInvestmentIncomeLossFromOperationsPerShare,
OFS,2025-08-01,income_statement,income_statement,InvestmentCompanyInvestmentIncomeLossFromOperationsPerShare,InvestmentCompanyInvestmentIncomeLossFromOperationsPerShare,0.77,c-27,,,,,,False,InvestmentCompanyInvestmentIncomeLossFromOperationsPerShare,
OFS,2025-08-01,income_statement,income_statement,InvestmentCompanyInvestmentIncomeLossFromOperationsPerShare,InvestmentCompanyInvestmentIncomeLossFromOperationsPerShare,-1.26,c-1,,,,,,False,InvestmentCompanyInvestmentIncomeLossFromOperationsPerShare,
OFS,2025-08-01,income_statement,income_statement,InvestmentCompanyInvestmentIncomeLossFromOperationsPerShare,InvestmentCompanyInvestmentIncomeLossFromOperationsPerShare,0.10,c-28,,,,,,False,InvestmentCompanyInvestmentIncomeLossFromOperationsPerShare,
OFS,2025-08-01,income_statement,income_statement,InvestmentCompanyExpenseRatioAfterIncentiveAllocation,InvestmentCompanyExpenseRatioAfterIncentiveAllocation,0.188,c-26,,,,,,False,InvestmentCompanyExpenseRatioAfterIncentiveAllocation,
OFS,2025-08-01,income_statement,income_statement,InvestmentCompanyExpenseRatioAfterIncentiveAllocation,InvestmentCompanyExpenseRatioAfterIncentiveAllocation,0.204,c-27,,,,,,False,InvestmentCompanyExpenseRatioAfterIncentiveAllocation,
OFS,2025-08-01,income_statement,income_statement,InvestmentCompanyExpenseRatioAfterIncentiveAllocation,InvestmentCompanyExpenseRatioAfterIncentiveAllocation,0.176,c-1,,,,,,False,InvestmentCompanyExpenseRatioAfterIncentiveAllocation,
OFS,2025-08-01,income_statement,income_statement,InvestmentCompanyExpenseRatioAfterIncentiveAllocation,InvestmentCompanyExpenseRatioAfterIncentiveAllocation,0.211,c-28,,,,,,False,InvestmentCompanyExpenseRatioAfterIncentiveAllocation,
OFS,2025-08-01,income_statement,income_statement,InvestmentCompanyInvestmentIncomeLossRatioAfterIncentiveAllocation,InvestmentCompanyInvestmentIncomeLossRatioAfterIncentiveAllocation,0.086,c-26,,,,,,False,InvestmentCompanyInvestmentIncomeLossRatioAfterIncentiveAllocation,
OFS,2025-08-01,income_statement,income_statement,InvestmentCompanyInvestmentIncomeLossRatioAfterIncentiveAllocation,InvestmentCompanyInvestmentIncomeLossRatioAfterIncentiveAllocation,0.091,c-27,,,,,,False,InvestmentCompanyInvestmentIncomeLossRatioAfterIncentiveAllocation,
OFS,2025-08-01,income_statement,income_statement,InvestmentCompanyInvestmentIncomeLossRatioAfterIncentiveAllocation,InvestmentCompanyInvestmentIncomeLossRatioAfterIncentiveAllocation,0.085,c-1,,,,,,False,InvestmentCompanyInvestmentIncomeLossRatioAfterIncentiveAllocation,
OFS,2025-08-01,income_statement,income_statement,InvestmentCompanyInvestmentIncomeLossRatioAfterIncentiveAllocation,InvestmentCompanyInvestmentIncomeLossRatioAfterIncentiveAllocation,0.117,c-28,,,,,,False,InvestmentCompanyInvestmentIncomeLossRatioAfterIncentiveAllocation,
OFS,2025-08-01,income_statement,income_statement,InterestIncomeOperatingPaidInCash,InterestIncomeOperatingPaidInCash,0,c-770,,,,,,False,InterestIncomeOperatingPaidInCash,
OFS,2025-08-01,income_statement,income_statement,DividendIncomeOperating,DividendIncomeOperating,584000,c-770,,,,,,False,DividendIncomeOperating,
OFS,2025-08-01,income_statement,income_statement,FeeIncome,FeeIncome,0,c-770,,,,,,False,FeeIncome,
OFS,2025-08-01,income_statement,income_statement,GrossInvestmentIncomeOperating,GrossInvestmentIncomeOperating,584000,c-770,,,,,,False,GrossInvestmentIncomeOperating,
OFS,2025-08-01,income_statement,income_statement,InterestIncomeOperatingPaidInCash,InterestIncomeOperatingPaidInCash,0,c-773,,,,,,False,InterestIncomeOperatingPaidInCash,
OFS,2025-08-01,income_statement,income_statement,DividendIncomeOperating,DividendIncomeOperating,0,c-773,,,,,,False,DividendIncomeOperating,
OFS,2025-08-01,income_statement,income_statement,FeeIncome,FeeIncome,0,c-773,,,,,,False,FeeIncome,
OFS,2025-08-01,income_statement,income_statement,GrossInvestmentIncomeOperating,GrossInvestmentIncomeOperating,0,c-773,,,,,,False,GrossInvestmentIncomeOperating,
OFS,2025-08-01,income_statement,income_statement,InterestIncomeOperatingPaidInCash,InterestIncomeOperatingPaidInCash,0,c-776,,,,,,False,InterestIncomeOperatingPaidInCash,
OFS,2025-08-01,income_statement,income_statement,DividendIncomeOperating,DividendIncomeOperating,584000,c-776,,,,,,False,DividendIncomeOperating,
OFS,2025-08-01,income_statement,income_statement,FeeIncome,FeeIncome,0,c-776,,,,,,False,FeeIncome,
OFS,2025-08-01,income_statement,income_statement,GrossInvestmentIncomeOperating,GrossInvestmentIncomeOperating,584000,c-776,,,,,,False,GrossInvestmentIncomeOperating,
OFS,2025-08-01,income_statement,income_statement,InterestIncomeOperatingPaidInCash,InterestIncomeOperatingPaidInCash,0,c-777,,,,,,False,InterestIncomeOperatingPaidInCash,
OFS,2025-08-01,income_statement,income_statement,DividendIncomeOperating,DividendIncomeOperating,0,c-777,,,,,,False,DividendIncomeOperating,
OFS,2025-08-01,income_statement,income_statement,FeeIncome,FeeIncome,0,c-777,,,,,,False,FeeIncome,
OFS,2025-08-01,income_statement,income_statement,GrossInvestmentIncomeOperating,GrossInvestmentIncomeOperating,0,c-777,,,,,,False,GrossInvestmentIncomeOperating,
OFS,2025-08-01,income_statement,income_statement,InterestIncomeOperatingPaidInCash,InterestIncomeOperatingPaidInCash,0,c-778,,,,,,False,InterestIncomeOperatingPaidInCash,
OFS,2025-08-01,income_statement,income_statement,DividendIncomeOperating,DividendIncomeOperating,0,c-778,,,,,,False,DividendIncomeOperating,
OFS,2025-08-01,income_statement,income_statement,FeeIncome,FeeIncome,0,c-778,,,,,,False,FeeIncome,
OFS,2025-08-01,income_statement,income_statement,GrossInvestmentIncomeOperating,GrossInvestmentIncomeOperating,0,c-778,,,,,,False,GrossInvestmentIncomeOperating,
OFS,2025-08-01,income_statement,income_statement,InterestIncomeOperatingPaidInCash,InterestIncomeOperatingPaidInCash,0,c-781,,,,,,False,InterestIncomeOperatingPaidInCash,
OFS,2025-08-01,income_statement,income_statement,DividendIncomeOperating,DividendIncomeOperating,0,c-781,,,,,,False,DividendIncomeOperating,
OFS,2025-08-01,income_statement,income_statement,FeeIncome,FeeIncome,0,c-781,,,,,,False,FeeIncome,
OFS,2025-08-01,income_statement,income_statement,GrossInvestmentIncomeOperating,GrossInvestmentIncomeOperating,0,c-781,,,,,,False,GrossInvestmentIncomeOperating,
OFS,2025-08-01,income_statement,income_statement,InterestIncomeOperatingPaidInCash,InterestIncomeOperatingPaidInCash,0,c-784,,,,,,False,InterestIncomeOperatingPaidInCash,
OFS,2025-08-01,income_statement,income_statement,DividendIncomeOperating,DividendIncomeOperating,584000,c-784,,,,,,False,DividendIncomeOperating,
OFS,2025-08-01,income_statement,income_statement,FeeIncome,FeeIncome,0,c-784,,,,,,False,FeeIncome,
OFS,2025-08-01,income_statement,income_statement,GrossInvestmentIncomeOperating,GrossInvestmentIncomeOperating,584000,c-784,,,,,,False,GrossInvestmentIncomeOperating,
OFS,2025-10-31,income_statement,income_statement,InterestIncomeOperatingPaidInCash,InterestIncomeOperatingPaidInCash,9125000,c-18,,,,,,False,InterestIncomeOperatingPaidInCash,
OFS,2025-10-31,income_statement,income_statement,InterestIncomeOperatingPaidInCash,InterestIncomeOperatingPaidInCash,10264000,c-19,,,,,,False,InterestIncomeOperatingPaidInCash,
OFS,2025-10-31,income_statement,income_statement,InterestIncomeOperatingPaidInCash,InterestIncomeOperatingPaidInCash,28326000,c-20,,,,,,False,InterestIncomeOperatingPaidInCash,
OFS,2025-10-31,income_statement,income_statement,InterestIncomeOperatingPaidInCash,InterestIncomeOperatingPaidInCash,31677000,c-21,,,,,,False,InterestIncomeOperatingPaidInCash,
OFS,2025-10-31,income_statement,income_statement,InterestAndDividendIncomeOperatingPaidInKind,InterestAndDividendIncomeOperatingPaidInKind,419000,c-18,,,,,,False,InterestAndDividendIncomeOperatingPaidInKind,
OFS,2025-10-31,income_statement,income_statement,InterestAndDividendIncomeOperatingPaidInKind,InterestAndDividendIncomeOperatingPaidInKind,349000,c-19,,,,,,False,InterestAndDividendIncomeOperatingPaidInKind,
OFS,2025-10-31,income_statement,income_statement,InterestAndDividendIncomeOperatingPaidInKind,InterestAndDividendIncomeOperatingPaidInKind,1205000,c-20,,,,,,False,InterestAndDividendIncomeOperatingPaidInKind,
OFS,2025-10-31,income_statement,income_statement,InterestAndDividendIncomeOperatingPaidInKind,InterestAndDividendIncomeOperatingPaidInKind,1183000,c-21,,,,,,False,InterestAndDividendIncomeOperatingPaidInKind,
OFS,2025-10-31,income_statement,income_statement,InterestAndDividendIncomeOperatingPaidInKind,InterestAndDividendIncomeOperatingPaidInKind,351000,c-22,,,,,,False,InterestAndDividendIncomeOperatingPaidInKind,
OFS,2025-10-31,income_statement,income_statement,InterestAndDividendIncomeOperatingPaidInKind,InterestAndDividendIncomeOperatingPaidInKind,279000,c-23,,,,,,False,InterestAndDividendIncomeOperatingPaidInKind,
OFS,2025-10-31,income_statement,income_statement,InterestAndDividendIncomeOperatingPaidInKind,InterestAndDividendIncomeOperatingPaidInKind,935000,c-24,,,,,,False,InterestAndDividendIncomeOperatingPaidInKind,
OFS,2025-10-31,income_statement,income_statement,InterestAndDividendIncomeOperatingPaidInKind,InterestAndDividendIncomeOperatingPaidInKind,812000,c-25,,,,,,False,InterestAndDividendIncomeOperatingPaidInKind,
OFS,2025-10-31,income_statement,income_statement,InterestAndDividendIncomeOperatingPaidInKind,InterestAndDividendIncomeOperatingPaidInKind,770000,c-26,,,,,,False,InterestAndDividendIncomeOperatingPaidInKind,
OFS,2025-10-31,income_statement,income_statement,InterestAndDividendIncomeOperatingPaidInKind,InterestAndDividendIncomeOperatingPaidInKind,628000,c-27,,,,,,False,InterestAndDividendIncomeOperatingPaidInKind,
OFS,2025-10-31,income_statement,income_statement,InterestAndDividendIncomeOperatingPaidInKind,InterestAndDividendIncomeOperatingPaidInKind,2140000,c-1,,,,,,False,InterestAndDividendIncomeOperatingPaidInKind,
OFS,2025-10-31,income_statement,income_statement,InterestAndDividendIncomeOperatingPaidInKind,InterestAndDividendIncomeOperatingPaidInKind,1995000,c-28,,,,,,False,InterestAndDividendIncomeOperatingPaidInKind,
OFS,2025-10-31,income_statement,income_statement,DividendIncomeOperatingPaidInCash,DividendIncomeOperatingPaidInCash,221000,c-18,,,,,,False,DividendIncomeOperatingPaidInCash,
OFS,2025-10-31,income_statement,income_statement,DividendIncomeOperatingPaidInCash,DividendIncomeOperatingPaidInCash,11000,c-19,,,,,,False,DividendIncomeOperatingPaidInCash,
OFS,2025-10-31,income_statement,income_statement,DividendIncomeOperatingPaidInCash,DividendIncomeOperatingPaidInCash,242000,c-20,,,,,,False,DividendIncomeOperatingPaidInCash,
OFS,2025-10-31,income_statement,income_statement,DividendIncomeOperatingPaidInCash,DividendIncomeOperatingPaidInCash,32000,c-21,,,,,,False,DividendIncomeOperatingPaidInCash,
OFS,2025-10-31,income_statement,income_statement,DividendIncomeOperatingPaidInCash,DividendIncomeOperatingPaidInCash,273000,c-22,,,,,,False,DividendIncomeOperatingPaidInCash,
OFS,2025-10-31,income_statement,income_statement,DividendIncomeOperatingPaidInCash,DividendIncomeOperatingPaidInCash,0,c-23,,,,,,False,DividendIncomeOperatingPaidInCash,
OFS,2025-10-31,income_statement,income_statement,DividendIncomeOperatingPaidInCash,DividendIncomeOperatingPaidInCash,273000,c-24,,,,,,False,DividendIncomeOperatingPaidInCash,
OFS,2025-10-31,income_statement,income_statement,DividendIncomeOperatingPaidInCash,DividendIncomeOperatingPaidInCash,2437000,c-25,,,,,,False,DividendIncomeOperatingPaidInCash,
OFS,2025-10-31,income_statement,income_statement,DividendIncomeOperatingPaidInCash,DividendIncomeOperatingPaidInCash,494000,c-26,,,,,,False,DividendIncomeOperatingPaidInCash,
OFS,2025-10-31,income_statement,income_statement,DividendIncomeOperatingPaidInCash,DividendIncomeOperatingPaidInCash,11000,c-27,,,,,,False,DividendIncomeOperatingPaidInCash,
OFS,2025-10-31,income_statement,income_statement,DividendIncomeOperatingPaidInCash,DividendIncomeOperatingPaidInCash,515000,c-1,,,,,,False,DividendIncomeOperatingPaidInCash,
OFS,2025-10-31,income_statement,income_statement,DividendIncomeOperatingPaidInCash,DividendIncomeOperatingPaidInCash,2469000,c-28,,,,,,False,DividendIncomeOperatingPaidInCash,
OFS,2025-10-31,income_statement,income_statement,FeeIncome,FeeIncome,162000,c-18,,,,,,False,FeeIncome,
OFS,2025-10-31,income_statement,income_statement,FeeIncome,FeeIncome,15000,c-19,,,,,,False,FeeIncome,
OFS,2025-10-31,income_statement,income_statement,FeeIncome,FeeIncome,341000,c-20,,,,,,False,FeeIncome,
OFS,2025-10-31,income_statement,income_statement,FeeIncome,FeeIncome,175000,c-21,,,,,,False,FeeIncome,
OFS,2025-10-31,income_statement,income_statement,GrossInvestmentIncomeOperating,GrossInvestmentIncomeOperating,10551000,c-26,,,,,,False,GrossInvestmentIncomeOperating,
OFS,2025-10-31,income_statement,income_statement,GrossInvestmentIncomeOperating,GrossInvestmentIncomeOperating,10918000,c-27,,,,,,False,GrossInvestmentIncomeOperating,
OFS,2025-10-31,income_statement,income_statement,GrossInvestmentIncomeOperating,GrossInvestmentIncomeOperating,31322000,c-1,,,,,,False,GrossInvestmentIncomeOperating,
OFS,2025-10-31,income_statement,income_statement,GrossInvestmentIncomeOperating,GrossInvestmentIncomeOperating,36316000,c-28,,,,,,False,GrossInvestmentIncomeOperating,
OFS,2025-10-31,income_statement,income_statement,InterestExpense,InterestExpense,4542000,c-26,,,,,,False,InterestExpense,
OFS,2025-10-31,income_statement,income_statement,InterestExpense,InterestExpense,4022000,c-27,,,,,,False,InterestExpense,
OFS,2025-10-31,income_statement,income_statement,InterestExpense,InterestExpense,12242000,c-1,,,,,,False,InterestExpense,
OFS,2025-10-31,income_statement,income_statement,InterestExpense,InterestExpense,12711000,c-28,,,,,,False,InterestExpense,
OFS,2025-10-31,income_statement,income_statement,ManagementFeeExpense,ManagementFeeExpense,1410000,c-26,,,,,,False,ManagementFeeExpense,
OFS,2025-10-31,income_statement,income_statement,ManagementFeeExpense,ManagementFeeExpense,1472000,c-27,,,,,,False,ManagementFeeExpense,
OFS,2025-10-31,income_statement,income_statement,ManagementFeeExpense,ManagementFeeExpense,4438000,c-1,,,,,,False,ManagementFeeExpense,
OFS,2025-10-31,income_statement,income_statement,ManagementFeeExpense,ManagementFeeExpense,4473000,c-28,,,,,,False,ManagementFeeExpense,
OFS,2025-10-31,income_statement,income_statement,IncentiveFeeExpense,IncentiveFeeExpense,607000,c-26,,,,,,False,IncentiveFeeExpense,
OFS,2025-10-31,income_statement,income_statement,IncentiveFeeExpense,IncentiveFeeExpense,901000,c-27,,,,,,False,IncentiveFeeExpense,
OFS,2025-10-31,income_statement,income_statement,IncentiveFeeExpense,IncentiveFeeExpense,1758000,c-1,,,,,,False,IncentiveFeeExpense,
OFS,2025-10-31,income_statement,income_statement,IncentiveFeeExpense,IncentiveFeeExpense,3159000,c-28,,,,,,False,IncentiveFeeExpense,
OFS,2025-10-31,income_statement,income_statement,AdministrativeFeesExpense,AdministrativeFeesExpense,387000,c-26,,,,,,False,AdministrativeFeesExpense,
OFS,2025-10-31,income_statement,income_statement,AdministrativeFeesExpense,AdministrativeFeesExpense,337000,c-27,,,,,,False,AdministrativeFeesExpense,
OFS,2025-10-31,income_statement,income_statement,AdministrativeFeesExpense,AdministrativeFeesExpense,1163000,c-1,,,,,,False,AdministrativeFeesExpense,
OFS,2025-10-31,income_statement,income_statement,AdministrativeFeesExpense,AdministrativeFeesExpense,1184000,c-28,,,,,,False,AdministrativeFeesExpense,
OFS,2025-10-31,income_statement,income_statement,OtherCostAndExpenseOperating,OtherCostAndExpenseOperating,277000,c-26,,,,,,False,OtherCostAndExpenseOperating,
OFS,2025-10-31,income_statement,income_statement,OtherCostAndExpenseOperating,OtherCostAndExpenseOperating,192000,c-27,,,,,,False,OtherCostAndExpenseOperating,
OFS,2025-10-31,income_statement,income_statement,OtherCostAndExpenseOperating,OtherCostAndExpenseOperating,806000,c-1,,,,,,False,OtherCostAndExpenseOperating,
OFS,2025-10-31,income_statement,income_statement,OtherCostAndExpenseOperating,OtherCostAndExpenseOperating,934000,c-28,,,,,,False,OtherCostAndExpenseOperating,
OFS,2025-10-31,income_statement,income_statement,InvestmentCompanyExpenseAfterReductionOfFeeWaiverAndReimbursement,InvestmentCompanyExpenseAfterReductionOfFeeWaiverAndReimbursement,7611000,c-26,,,,,,False,InvestmentCompanyExpenseAfterReductionOfFeeWaiverAndReimbursement,
OFS,2025-10-31,income_statement,income_statement,InvestmentCompanyExpenseAfterReductionOfFeeWaiverAndReimbursement,InvestmentCompanyExpenseAfterReductionOfFeeWaiverAndReimbursement,7315000,c-27,,,,,,False,InvestmentCompanyExpenseAfterReductionOfFeeWaiverAndReimbursement,
OFS,2025-10-31,income_statement,income_statement,InvestmentCompanyExpenseAfterReductionOfFeeWaiverAndReimbursement,InvestmentCompanyExpenseAfterReductionOfFeeWaiverAndReimbursement,21634000,c-1,,,,,,False,InvestmentCompanyExpenseAfterReductionOfFeeWaiverAndReimbursement,
OFS,2025-10-31,income_statement,income_statement,InvestmentCompanyExpenseAfterReductionOfFeeWaiverAndReimbursement,InvestmentCompanyExpenseAfterReductionOfFeeWaiverAndReimbursement,23680000,c-28,,,,,,False,InvestmentCompanyExpenseAfterReductionOfFeeWaiverAndReimbursement,
OFS,2025-10-31,income_statement,income_statement,NetInvestmentIncome,NetInvestmentIncome,2940000,c-26,,,,,,False,NetInvestmentIncome,
OFS,2025-10-31,income_statement,income_statement,NetInvestmentIncome,NetInvestmentIncome,3603000,c-27,,,,,,False,NetInvestmentIncome,
OFS,2025-10-31,income_statement,income_statement,NetInvestmentIncome,NetInvestmentIncome,9688000,c-1,,,,,,False,NetInvestmentIncome,
OFS,2025-10-31,income_statement,income_statement,NetInvestmentIncome,NetInvestmentIncome,12636000,c-28,,,,,,False,NetInvestmentIncome,
OFS,2025-10-31,income_statement,income_statement,RealizedGainLossInvestmentAndDerivativeOperatingTaxExpenseBenefit,RealizedGainLossInvestmentAndDerivativeOperatingTaxExpenseBenefit,-1000,c-26,,,,,,False,RealizedGainLossInvestmentAndDerivativeOperatingTaxExpenseBenefit,
OFS,2025-10-31,income_statement,income_statement,RealizedGainLossInvestmentAndDerivativeOperatingTaxExpenseBenefit,RealizedGainLossInvestmentAndDerivativeOperatingTaxExpenseBenefit,10000,c-27,,,,,,False,RealizedGainLossInvestmentAndDerivativeOperatingTaxExpenseBenefit,
OFS,2025-10-31,income_statement,income_statement,RealizedGainLossInvestmentAndDerivativeOperatingTaxExpenseBenefit,RealizedGainLossInvestmentAndDerivativeOperatingTaxExpenseBenefit,-1000,c-1,,,,,,False,RealizedGainLossInvestmentAndDerivativeOperatingTaxExpenseBenefit,
OFS,2025-10-31,income_statement,income_statement,RealizedGainLossInvestmentAndDerivativeOperatingTaxExpenseBenefit,RealizedGainLossInvestmentAndDerivativeOperatingTaxExpenseBenefit,10000,c-28,,,,,,False,RealizedGainLossInvestmentAndDerivativeOperatingTaxExpenseBenefit,
OFS,2025-10-31,income_statement,income_statement,UnrealizedGainLossInvestmentAndDerivativeOperatingTaxExpenseBenefit,UnrealizedGainLossInvestmentAndDerivativeOperatingTaxExpenseBenefit,280000,c-26,,,,,,False,UnrealizedGainLossInvestmentAndDerivativeOperatingTaxExpenseBenefit,
OFS,2025-10-31,income_statement,income_statement,UnrealizedGainLossInvestmentAndDerivativeOperatingTaxExpenseBenefit,UnrealizedGainLossInvestmentAndDerivativeOperatingTaxExpenseBenefit,222000,c-27,,,,,,False,UnrealizedGainLossInvestmentAndDerivativeOperatingTaxExpenseBenefit,
OFS,2025-10-31,income_statement,income_statement,UnrealizedGainLossInvestmentAndDerivativeOperatingTaxExpenseBenefit,UnrealizedGainLossInvestmentAndDerivativeOperatingTaxExpenseBenefit,34000,c-1,,,,,,False,UnrealizedGainLossInvestmentAndDerivativeOperatingTaxExpenseBenefit,
OFS,2025-10-31,income_statement,income_statement,UnrealizedGainLossInvestmentAndDerivativeOperatingTaxExpenseBenefit,UnrealizedGainLossInvestmentAndDerivativeOperatingTaxExpenseBenefit,423000,c-28,,,,,,False,UnrealizedGainLossInvestmentAndDerivativeOperatingTaxExpenseBenefit,
OFS,2025-10-31,income_statement,income_statement,NetIncomeLoss,NetIncomeLoss,-5327000,c-26,,,,,,False,NetIncomeLoss,
OFS,2025-10-31,income_statement,income_statement,NetIncomeLoss,NetIncomeLoss,1688000,c-27,,,,,,False,NetIncomeLoss,
OFS,2025-10-31,income_statement,income_statement,NetIncomeLoss,NetIncomeLoss,-22245000,c-1,,,,,,False,NetIncomeLoss,
OFS,2025-10-31,income_statement,income_statement,NetIncomeLoss,NetIncomeLoss,2967000,c-28,,,,,,False,NetIncomeLoss,
OFS,2025-10-31,income_statement,income_statement,InvestmentIncomeOperatingAfterExpenseAndTax,InvestmentIncomeOperatingAfterExpenseAndTax,12636000,c-33,,,,,,False,InvestmentIncomeOperatingAfterExpenseAndTax,
OFS,2025-10-31,income_statement,income_statement,InvestmentIncomeOperatingAfterExpenseAndTax,InvestmentIncomeOperatingAfterExpenseAndTax,12636000,c-28,,,,,,False,InvestmentIncomeOperatingAfterExpenseAndTax,
OFS,2025-10-31,income_statement,income_statement,InvestmentIncomeOperatingAfterExpenseAndTax,InvestmentIncomeOperatingAfterExpenseAndTax,3603000,c-42,,,,,,False,InvestmentIncomeOperatingAfterExpenseAndTax,
OFS,2025-10-31,income_statement,income_statement,InvestmentIncomeOperatingAfterExpenseAndTax,InvestmentIncomeOperatingAfterExpenseAndTax,3603000,c-27,,,,,,False,InvestmentIncomeOperatingAfterExpenseAndTax,
OFS,2025-10-31,income_statement,income_statement,InvestmentIncomeOperatingAfterExpenseAndTax,InvestmentIncomeOperatingAfterExpenseAndTax,9688000,c-46,,,,,,False,InvestmentIncomeOperatingAfterExpenseAndTax,
OFS,2025-10-31,income_statement,income_statement,InvestmentIncomeOperatingAfterExpenseAndTax,InvestmentIncomeOperatingAfterExpenseAndTax,9688000,c-1,,,,,,False,InvestmentIncomeOperatingAfterExpenseAndTax,
OFS,2025-10-31,income_statement,income_statement,InvestmentIncomeOperatingAfterExpenseAndTax,InvestmentIncomeOperatingAfterExpenseAndTax,2940000,c-54,,,,,,False,InvestmentIncomeOperatingAfterExpenseAndTax,
OFS,2025-10-31,income_statement,income_statement,InvestmentIncomeOperatingAfterExpenseAndTax,InvestmentIncomeOperatingAfterExpenseAndTax,2940000,c-26,,,,,,False,InvestmentIncomeOperatingAfterExpenseAndTax,
OFS,2025-10-31,income_statement,income_statement,InterestAndDividendIncomeOperatingPaidInKindIncludingCapitalizedAmounts,InterestAndDividendIncomeOperatingPaidInKindIncludingCapitalizedAmounts,2140000,c-1,,,,,,False,InterestAndDividendIncomeOperatingPaidInKindIncludingCapitalizedAmounts,
OFS,2025-10-31,income_statement,income_statement,InterestAndDividendIncomeOperatingPaidInKindIncludingCapitalizedAmounts,InterestAndDividendIncomeOperatingPaidInKindIncludingCapitalizedAmounts,1995000,c-28,,,,,,False,InterestAndDividendIncomeOperatingPaidInKindIncludingCapitalizedAmounts,
OFS,2025-10-31,income_statement,income_statement,IncreaseDecreaseInInterestAndDividendsReceivable,IncreaseDecreaseInInterestAndDividendsReceivable,-552000,c-1,,,,,,False,IncreaseDecreaseInInterestAndDividendsReceivable,
OFS,2025-10-31,income_statement,income_statement,IncreaseDecreaseInInterestAndDividendsReceivable,IncreaseDecreaseInInterestAndDividendsReceivable,-753000,c-28,,,,,,False,IncreaseDecreaseInInterestAndDividendsReceivable,
OFS,2025-10-31,income_statement,income_statement,InvestmentCompanyInvestmentIncomeLossPerShare,InvestmentCompanyInvestmentIncomeLossPerShare,0.22,c-26,,,,,,False,InvestmentCompanyInvestmentIncomeLossPerShare,
OFS,2025-10-31,income_statement,income_statement,InvestmentCompanyInvestmentIncomeLossPerShare,InvestmentCompanyInvestmentIncomeLossPerShare,0.27,c-27,,,,,,False,InvestmentCompanyInvestmentIncomeLossPerShare,
OFS,2025-10-31,income_statement,income_statement,InvestmentCompanyInvestmentIncomeLossPerShare,InvestmentCompanyInvestmentIncomeLossPerShare,0.72,c-1,,,,,,False,InvestmentCompanyInvestmentIncomeLossPerShare,
OFS,2025-10-31,income_statement,income_statement,InvestmentCompanyInvestmentIncomeLossPerShare,InvestmentCompanyInvestmentIncomeLossPerShare,0.94,c-28,,,,,,False,InvestmentCompanyInvestmentIncomeLossPerShare,
OFS,2025-10-31,income_statement,income_statement,InvestmentCompanyInvestmentIncomeLossFromOperationsPerShare,InvestmentCompanyInvestmentIncomeLossFromOperationsPerShare,-0.40,c-26,,,,,,False,InvestmentCompanyInvestmentIncomeLossFromOperationsPerShare,
OFS,2025-10-31,income_statement,income_statement,InvestmentCompanyInvestmentIncomeLossFromOperationsPerShare,InvestmentCompanyInvestmentIncomeLossFromOperationsPerShare,0.12,c-27,,,,,,False,InvestmentCompanyInvestmentIncomeLossFromOperationsPerShare,
OFS,2025-10-31,income_statement,income_statement,InvestmentCompanyInvestmentIncomeLossFromOperationsPerShare,InvestmentCompanyInvestmentIncomeLossFromOperationsPerShare,-1.66,c-1,,,,,,False,InvestmentCompanyInvestmentIncomeLossFromOperationsPerShare,
OFS,2025-10-31,income_statement,income_statement,InvestmentCompanyInvestmentIncomeLossFromOperationsPerShare,InvestmentCompanyInvestmentIncomeLossFromOperationsPerShare,0.22,c-28,,,,,,False,InvestmentCompanyInvestmentIncomeLossFromOperationsPerShare,
OFS,2025-10-31,income_statement,income_statement,InvestmentCompanyExpenseRatioAfterIncentiveAllocation,InvestmentCompanyExpenseRatioAfterIncentiveAllocation,0.216,c-26,,,,,,False,InvestmentCompanyExpenseRatioAfterIncentiveAllocation,
OFS,2025-10-31,income_statement,income_statement,InvestmentCompanyExpenseRatioAfterIncentiveAllocation,InvestmentCompanyExpenseRatioAfterIncentiveAllocation,0.192,c-27,,,,,,False,InvestmentCompanyExpenseRatioAfterIncentiveAllocation,
OFS,2025-10-31,income_statement,income_statement,InvestmentCompanyExpenseRatioAfterIncentiveAllocation,InvestmentCompanyExpenseRatioAfterIncentiveAllocation,0.188,c-1,,,,,,False,InvestmentCompanyExpenseRatioAfterIncentiveAllocation,
OFS,2025-10-31,income_statement,income_statement,InvestmentCompanyExpenseRatioAfterIncentiveAllocation,InvestmentCompanyExpenseRatioAfterIncentiveAllocation,0.205,c-28,,,,,,False,InvestmentCompanyExpenseRatioAfterIncentiveAllocation,
OFS,2025-10-31,income_statement,income_statement,InvestmentCompanyInvestmentIncomeLossRatioAfterIncentiveAllocation,InvestmentCompanyInvestmentIncomeLossRatioAfterIncentiveAllocation,0.083,c-26,,,,,,False,InvestmentCompanyInvestmentIncomeLossRatioAfterIncentiveAllocation,
OFS,2025-10-31,income_statement,income_statement,InvestmentCompanyInvestmentIncomeLossRatioAfterIncentiveAllocation,InvestmentCompanyInvestmentIncomeLossRatioAfterIncentiveAllocation,0.094,c-27,,,,,,False,InvestmentCompanyInvestmentIncomeLossRatioAfterIncentiveAllocation,
OFS,2025-10-31,income_statement,income_statement,InvestmentCompanyInvestmentIncomeLossRatioAfterIncentiveAllocation,InvestmentCompanyInvestmentIncomeLossRatioAfterIncentiveAllocation,0.084,c-1,,,,,,False,InvestmentCompanyInvestmentIncomeLossRatioAfterIncentiveAllocation,
OFS,2025-10-31,income_statement,income_statement,InvestmentCompanyInvestmentIncomeLossRatioAfterIncentiveAllocation,InvestmentCompanyInvestmentIncomeLossRatioAfterIncentiveAllocation,0.109,c-28,,,,,,False,InvestmentCompanyInvestmentIncomeLossRatioAfterIncentiveAllocation,
OFS,2025-10-31,income_statement,income_statement,InterestIncomeOperatingPaidInCash,InterestIncomeOperatingPaidInCash,0,c-810,,,,,,False,InterestIncomeOperatingPaidInCash,
OFS,2025-10-31,income_statement,income_statement,DividendIncomeOperating,DividendIncomeOperating,891000,c-810,,,,,,False,DividendIncomeOperating,
OFS,2025-10-31,income_statement,income_statement,FeeIncome,FeeIncome,0,c-810,,,,,,False,FeeIncome,
OFS,2025-10-31,income_statement,income_statement,GrossInvestmentIncomeOperating,GrossInvestmentIncomeOperating,891000,c-810,,,,,,False,GrossInvestmentIncomeOperating,
OFS,2025-10-31,income_statement,income_statement,InterestIncomeOperatingPaidInCash,InterestIncomeOperatingPaidInCash,0,c-813,,,,,,False,InterestIncomeOperatingPaidInCash,
OFS,2025-10-31,income_statement,income_statement,DividendIncomeOperating,DividendIncomeOperating,44000,c-813,,,,,,False,DividendIncomeOperating,
OFS,2025-10-31,income_statement,income_statement,FeeIncome,FeeIncome,0,c-813,,,,,,False,FeeIncome,
OFS,2025-10-31,income_statement,income_statement,GrossInvestmentIncomeOperating,GrossInvestmentIncomeOperating,44000,c-813,,,,,,False,GrossInvestmentIncomeOperating,
OFS,2025-10-31,income_statement,income_statement,InterestIncomeOperatingPaidInCash,InterestIncomeOperatingPaidInCash,0,c-816,,,,,,False,InterestIncomeOperatingPaidInCash,
OFS,2025-10-31,income_statement,income_statement,DividendIncomeOperating,DividendIncomeOperating,0,c-816,,,,,,False,DividendIncomeOperating,
OFS,2025-10-31,income_statement,income_statement,FeeIncome,FeeIncome,0,c-816,,,,,,False,FeeIncome,
OFS,2025-10-31,income_statement,income_statement,GrossInvestmentIncomeOperating,GrossInvestmentIncomeOperating,0,c-816,,,,,,False,GrossInvestmentIncomeOperating,
OFS,2025-10-31,income_statement,income_statement,InterestIncomeOperatingPaidInCash,InterestIncomeOperatingPaidInCash,0,c-819,,,,,,False,InterestIncomeOperatingPaidInCash,
OFS,2025-10-31,income_statement,income_statement,DividendIncomeOperating,DividendIncomeOperating,0,c-819,,,,,,False,DividendIncomeOperating,
OFS,2025-10-31,income_statement,income_statement,FeeIncome,FeeIncome,0,c-819,,,,,,False,FeeIncome,
OFS,2025-10-31,income_statement,income_statement,GrossInvestmentIncomeOperating,GrossInvestmentIncomeOperating,0,c-819,,,,,,False,GrossInvestmentIncomeOperating,
OFS,2025-10-31,income_statement,income_statement,InterestIncomeOperatingPaidInCash,InterestIncomeOperatingPaidInCash,0,c-822,,,,,,False,InterestIncomeOperatingPaidInCash,
OFS,2025-10-31,income_statement,income_statement,DividendIncomeOperating,DividendIncomeOperating,0,c-822,,,,,,False,DividendIncomeOperating,
OFS,2025-10-31,income_statement,income_statement,FeeIncome,FeeIncome,0,c-822,,,,,,False,FeeIncome,
OFS,2025-10-31,income_statement,income_statement,GrossInvestmentIncomeOperating,GrossInvestmentIncomeOperating,0,c-822,,,,,,False,GrossInvestmentIncomeOperating,
OFS,2025-10-31,income_statement,income_statement,InterestIncomeOperatingPaidInCash,InterestIncomeOperatingPaidInCash,0,c-825,,,,,,False,InterestIncomeOperatingPaidInCash,
OFS,2025-10-31,income_statement,income_statement,DividendIncomeOperating,DividendIncomeOperating,935000,c-825,,,,,,False,DividendIncomeOperating,
OFS,2025-10-31,income_statement,income_statement,FeeIncome,FeeIncome,0,c-825,,,,,,False,FeeIncome,
OFS,2025-10-31,income_statement,income_statement,GrossInvestmentIncomeOperating,GrossInvestmentIncomeOperating,935000,c-825,,,,,,False,GrossInvestmentIncomeOperating,
OFS,2025-10-31,income_statement,income_statement,InterestIncomeOperatingPaidInCash,InterestIncomeOperatingPaidInCash,0,c-826,,,,,,False,InterestIncomeOperatingPaidInCash,
OFS,2025-10-31,income_statement,income_statement,DividendIncomeOperating,DividendIncomeOperating,0,c-826,,,,,,False,DividendIncomeOperating,
OFS,2025-10-31,income_statement,income_statement,FeeIncome,FeeIncome,0,c-826,,,,,,False,FeeIncome,
OFS,2025-10-31,income_statement,income_statement,GrossInvestmentIncomeOperating,GrossInvestmentIncomeOperating,0,c-826,,,,,,False,GrossInvestmentIncomeOperating,
OFS,2025-10-31,income_statement,income_statement,InterestIncomeOperatingPaidInCash,InterestIncomeOperatingPaidInCash,0,c-829,,,,,,False,InterestIncomeOperatingPaidInCash,
OFS,2025-10-31,income_statement,income_statement,DividendIncomeOperating,DividendIncomeOperating,273000,c-829,,,,,,False,DividendIncomeOperating,
OFS,2025-10-31,income_statement,income_statement,FeeIncome,FeeIncome,0,c-829,,,,,,False,FeeIncome,
OFS,2025-10-31,income_statement,income_statement,GrossInvestmentIncomeOperating,GrossInvestmentIncomeOperating,273000,c-829,,,,,,False,GrossInvestmentIncomeOperating,
OFS,2025-10-31,income_statement,income_statement,InterestIncomeOperatingPaidInCash,InterestIncomeOperatingPaidInCash,0,c-832,,,,,,False,InterestIncomeOperatingPaidInCash,
OFS,2025-10-31,income_statement,income_statement,DividendIncomeOperating,DividendIncomeOperating,0,c-832,,,,,,False,DividendIncomeOperating,
OFS,2025-10-31,income_statement,income_statement,FeeIncome,FeeIncome,0,c-832,,,,,,False,FeeIncome,
OFS,2025-10-31,income_statement,income_statement,GrossInvestmentIncomeOperating,GrossInvestmentIncomeOperating,0,c-832,,,,,,False,GrossInvestmentIncomeOperating,
OFS,2025-10-31,income_statement,income_statement,InterestIncomeOperatingPaidInCash,InterestIncomeOperatingPaidInCash,0,c-835,,,,,,False,InterestIncomeOperatingPaidInCash,
OFS,2025-10-31,income_statement,income_statement,DividendIncomeOperating,DividendIncomeOperating,1208000,c-835,,,,,,False,DividendIncomeOperating,
OFS,2025-10-31,income_statement,income_statement,FeeIncome,FeeIncome,0,c-835,,,,,,False,FeeIncome,
OFS,2025-10-31,income_statement,income_statement,GrossInvestmentIncomeOperating,GrossInvestmentIncomeOperating,1208000,c-835,,,,,,False,GrossInvestmentIncomeOperating,
