company_name,investment_type,industry,cash_rate,pik_rate,reference_rate,spread,acquisition_date,maturity_date,principal_amount,amortized_cost,fair_value,percent_of_net_assets,cost,commitment_limit,undrawn_commitment,ticker,filing_date
3SI Security Systems Inc.,First Lien,Industrial Services,,,N/A,6.25%,,2023-06-16,15000,14784,15000,,,,,GSBD,2017-11-02
A Place For Mom Inc.,First Lien,Diversified,,,N/A,4.00%,,2024-08-10,4000,3980,4000,,,,,GSBD,2017-11-02
Ansira Partners Inc.,First Lien,Media & Entertainment,,,N/A,6.50%,,2022-12-20,8662,8583,8662,,,,,GSBD,2017-11-02
Ansira Partners Inc.,First Lien,Media & Entertainment,,,N/A,6.50%,,2022-12-20,1271,693,1271,,,,,GSBD,2017-11-02
ASC Acquisition Holdings LLC,First Lien,Transportation & Logistics,,,N/A,7.50%,,2021-12-15,10828,10734,10828,,,,,GSBD,2017-11-02
ASC Acquisition Holdings LLC,First Lien,Transportation & Logistics,,,N/A,7.50%,,2021-12-15,3750,-38,3750,,,,,GSBD,2017-11-02
ATX Networks Corp.,First Lien,Technology Hardware,,,N/A,6.00%,,2021-06-11,16555,16419,16555,,,,,GSBD,2017-11-02
Badger Sportswear Inc.,First Lien,Apparel & Textiles,,,N/A,4.50%,,2023-09-11,14850,14720,14850,,,,,GSBD,2017-11-02
Crowne Group LLC,First Lien,Automotive,,,N/A,9.25%,,2021-05-26,16490,16359,16490,,,,,GSBD,2017-11-02
CST Buyer Company,First Lien,Diversified,,,N/A,6.25%,,2023-03-01,20597,20073,20597,,,,,GSBD,2017-11-02
CST Buyer Company,First Lien,Diversified,,,N/A,6.25%,,2023-03-01,1800,-45,1800,,,,,GSBD,2017-11-02
DBRS Ltd.,First Lien,Financial Services,,,N/A,5.25%,,2022-03-04,11700,11619,11700,,,,,GSBD,2017-11-02
DiscoverOrg LLC,First Lien,Software,,,N/A,4.50%,,2023-08-25,8000,7961,8000,,,,,GSBD,2017-11-02
FWR Holding Corp.,First Lien,Hotels & Leisure,,,N/A,6.00%,,2023-08-21,9103,8878,9103,,,,,GSBD,2017-11-02
FWR Holding Corp.,First Lien,Hotels & Leisure,,,N/A,6.00%,,2023-08-21,1175,294,1175,,,,,GSBD,2017-11-02
FWR Holding Corp.,First Lien,Hotels & Leisure,,,N/A,6.00%,2019-08-21,2023-08-21,2936,-72,2936,,,,,GSBD,2017-11-02
GK Holdings Inc.,First Lien,Software,,,N/A,6.00%,,2021-01-20,17505,17433,17505,,,,,GSBD,2017-11-02
HC Group Holdings III Inc.,First Lien,Healthcare Services,,,N/A,5.00%,,2022-04-07,8820,8789,8820,,,,,GSBD,2017-11-02
Help/Systems LLC,First Lien,Software,,,N/A,4.50%,,2021-10-08,17766,17318,17766,,,,,GSBD,2017-11-02
Hygiena Borrower LLC,First Lien,Pharmaceuticals & Biotechnology,,,N/A,4.75%,,2022-08-26,15920,15775,15920,,,,,GSBD,2017-11-02
Hygiena Borrower LLC,First Lien,Pharmaceuticals & Biotechnology,,,N/A,4.75%,,2022-08-26,1667,-22,1667,,,,,GSBD,2017-11-02
Jill Acquisition LLC,First Lien,Apparel & Textiles,,,N/A,5.00%,,2022-05-08,14035,13948,14035,,,,,GSBD,2017-11-02
KMG Chemicals Inc.,First Lien,Chemicals,,,N/A,4.25%,,2024-06-15,6847,6814,6847,,,,,GSBD,2017-11-02
Lattice Semiconductor Corp.,First Lien,Technology Hardware,,,N/A,4.25%,,2021-03-10,10775,10629,10775,,,,,GSBD,2017-11-02
Liquidnet Holdings Inc.,First Lien,Financial Services,,,N/A,4.25%,,2024-07-15,9875,9779,9875,,,,,GSBD,2017-11-02
Loar Group Inc.,First Lien,Aerospace & Defense,,,N/A,4.75%,,2022-01-12,14133,13808,14133,,,,,GSBD,2017-11-02
MB Aerospace Holdings Inc.,First Lien,Aerospace & Defense,,,N/A,5.50%,,2022-12-15,15729,15603,15729,,,,,GSBD,2017-11-02
Netsmart Technologies Inc.,First Lien,Healthcare Technology,,,N/A,4.50%,,2023-04-19,18795,18742,18795,,,,,GSBD,2017-11-02
3SI Security Systems Inc.,First Lien,Industrial Services,,,N/A,6.25%,,2023-06-16,15000000,14780000,14780000,,,,,GSBD,2017-11-02
A Place For Mom Inc.,First Lien,Diversified,,,N/A,4.00%,,2024-08-10,4000000,3980000,3980000,,,,,GSBD,2017-11-02
Ansira Partners Inc.,First Lien,Media & Entertainment,,,N/A,6.50%,,2022-12-20,8660000,8580000,8580000,,,,,GSBD,2017-11-02
Ansira Partners Inc.,First Lien,Media & Entertainment,,,N/A,6.50%,,2022-12-20,1270000,690000,690000,,,,,GSBD,2017-11-02
ASC Acquisition Holdings LLC,First Lien,Transportation & Logistics,,,N/A,7.50%,,2021-12-15,10830000,10740000,10740000,,,,,GSBD,2017-11-02
ASC Acquisition Holdings LLC,First Lien,Transportation & Logistics,,,N/A,7.50%,,2021-12-15,3750000,40000,40000,,,,,GSBD,2017-11-02
ATX Networks Corp.,First Lien,Technology Hardware,,,N/A,6.00%,,2021-06-11,16550000,16420000,16420000,,,,,GSBD,2017-11-02
Badger Sportswear Inc.,First Lien,Apparel & Textiles,,,N/A,4.50%,,2023-09-11,14850000,14720000,14720000,,,,,GSBD,2017-11-02
Crowne Group LLC,First Lien,Automotive,,,N/A,9.25%,,2021-05-26,16490000,16360000,16360000,,,,,GSBD,2017-11-02
CST Buyer Company,First Lien,Diversified,,,N/A,6.25%,,2023-03-01,20600000,20070000,20070000,,,,,GSBD,2017-11-02
CST Buyer Company,First Lien,Diversified,,,N/A,6.25%,,2023-03-01,1800000,50000,50000,,,,,GSBD,2017-11-02
DBRS Ltd.,First Lien,Financial Services,,,N/A,5.25%,,2022-03-04,11700000,11620000,11620000,,,,,GSBD,2017-11-02
DiscoverOrg LLC,First Lien,Software,,,N/A,4.50%,,2023-08-25,8000000,7960000,7960000,,,,,GSBD,2017-11-02
FWR Holding Corp.,First Lien,Hotels & Leisure,,,N/A,6.00%,,2023-08-21,9100000,8880000,8880000,,,,,GSBD,2017-11-02
FWR Holding Corp.,First Lien,Hotels & Leisure,,,N/A,6.00%,,2023-08-21,1180000,290000,290000,,,,,GSBD,2017-11-02
FWR Holding Corp.,First Lien,Hotels & Leisure,,,N/A,6.00%,,2019-08-21,2940000,70000,70000,,,,,GSBD,2017-11-02
GK Holdings Inc.,First Lien,Software,,,N/A,6.00%,,2021-01-20,17500000,17430000,17430000,,,,,GSBD,2017-11-02
HC Group Holdings III Inc.,First Lien,Healthcare Services,,,N/A,5.00%,,2022-04-07,8820000,8790000,8790000,,,,,GSBD,2017-11-02
Help/Systems LLC,First Lien,Software,,,N/A,4.50%,,2021-10-08,17770000,17320000,17320000,,,,,GSBD,2017-11-02
Hygiena Borrower LLC,First Lien,Pharmaceuticals & Biotechnology,,,N/A,4.75%,,2022-08-26,15920000,15780000,15780000,,,,,GSBD,2017-11-02
Hygiena Borrower LLC,First Lien,Pharmaceuticals & Biotechnology,,,N/A,4.75%,,2022-08-26,1670000,20000,20000,,,,,GSBD,2017-11-02
Jill Acquisition LLC,First Lien,Apparel & Textiles,,,N/A,5.00%,,2022-05-08,14040000,13950000,13950000,,,,,GSBD,2017-11-02
KMG Chemicals Inc.,First Lien,Chemicals,,,N/A,4.25%,,2024-06-15,6850000,6810000,6810000,,,,,GSBD,2017-11-02
Lattice Semiconductor Corp.,First Lien,Technology Hardware,,,N/A,4.25%,,2021-03-10,10770000,10630000,10630000,,,,,GSBD,2017-11-02
Liquidnet Holdings Inc.,First Lien,Financial Services,,,N/A,4.25%,,2024-07-15,9880000,9780000,9780000,,,,,GSBD,2017-11-02
Loar Group Inc.,First Lien,Aerospace & Defense,,,N/A,4.75%,,2022-01-12,14130000,13810000,13810000,,,,,GSBD,2017-11-02
MB Aerospace Holdings Inc.,First Lien,Aerospace & Defense,,,N/A,5.50%,,2022-12-15,15730000,15600000,15600000,,,,,GSBD,2017-11-02
Netsmart Technologies Inc.,First Lien,Healthcare Technology,,,N/A,4.50%,,2023-04-19,18790000,18740000,18740000,,,,,GSBD,2017-11-02
Affordable Care Holding Corp.,First Lien,Healthcare Services,,,N/A,4.75%,,2022-10-22,4950000,4860000,4860000,,,,,GSBD,2017-11-02
Ansira Partners Inc.,First Lien,Media & Entertainment,,,N/A,6.50%,,2022-12-20,8730000,8640000,8640000,,,,,GSBD,2017-11-02
ASC Acquisition Holdings LLC,First Lien,Transportation & Logistics,,,N/A,7.50%,,2021-12-15,11250000,11140000,11140000,,,,,GSBD,2017-11-02
ATX Networks Corp.,First Lien,Technology Hardware,,,N/A,6.00%,,2021-06-11,16770000,16600000,16600000,,,,,GSBD,2017-11-02
Badger Sportswear Inc.,First Lien,Apparel & Textiles,,,N/A,4.50%,,2023-09-11,14960000,14860000,14860000,,,,,GSBD,2017-11-02
ConvergeOne Holdings Corp.,First Lien,Technology Hardware,,,N/A,5.38%,,2020-06-17,17400000,17260000,17260000,,,,,GSBD,2017-11-02
Crowne Group LLC,First Lien,Automotive,,,N/A,9.25%,,2021-05-26,16870000,16720000,16720000,,,,,GSBD,2017-11-02
DBRS Ltd.,First Lien,Financial Services,,,N/A,5.25%,,2022-03-04,11790000,11700000,11700000,,,,,GSBD,2017-11-02
DiscoverOrg LLC,First Lien,Software,,,N/A,4.25%,,2020-06-02,7150000,7120000,7120000,,,,,GSBD,2017-11-02
Edgewood Partners Insurance Center,First Lien,Insurance,,,N/A,6.00%,,2023-03-16,15880000,15590000,15590000,,,,,GSBD,2017-11-02
Explorer Holdings Inc.,First Lien,Healthcare Technology,,,N/A,5.00%,,2023-05-02,9950000,9850000,9850000,,,,,GSBD,2017-11-02
GK Holdings Inc.,First Lien,Software,,,N/A,5.50%,,2021-01-20,17640000,17560000,17560000,,,,,GSBD,2017-11-02
HC Group Holdings III Inc.,First Lien,Healthcare Services,,,N/A,5.00%,,2022-04-07,8890000,8850000,8850000,,,,,GSBD,2017-11-02
Help/Systems LLC,First Lien,Software,,,N/A,5.25%,,2021-10-08,17950000,17410000,17410000,,,,,GSBD,2017-11-02
Imagine! Print Solutions Inc.,First Lien,Industrial Services,,,N/A,6.00%,,2022-03-30,4960000,4910000,4910000,,,,,GSBD,2017-11-02
Jill Acquisition LLC,First Lien,Apparel & Textiles,,,N/A,5.00%,,2022-05-08,15810000,15700000,15700000,,,,,GSBD,2017-11-02
Lattice Semiconductor Corp.,First Lien,Technology Hardware,,,N/A,4.25%,,2021-03-10,11990000,11800000,11800000,,,,,GSBD,2017-11-02
Liquidnet Holdings Inc.,First Lien,Financial Services,,,N/A,6.75%,,2019-05-22,24620000,24340000,24340000,,,,,GSBD,2017-11-02
Loar Group Inc.,First Lien,Aerospace & Defense,,,N/A,4.75%,,2022-01-12,9930000,9680000,9680000,,,,,GSBD,2017-11-02
MB Aerospace Holdings Inc.,First Lien,Aerospace & Defense,,,N/A,5.50%,,2022-12-15,15850000,15710000,15710000,,,,,GSBD,2017-11-02
Mister Car Wash Inc.,First Lien,Automotive,,,N/A,4.25%,,2021-08-20,6650000,6600000,6600000,,,,,GSBD,2017-11-02
Mister Car Wash Inc.,First Lien,Automotive,,,N/A,4.25%,,2021-08-20,1330000,,,,,,,GSBD,2017-11-02
Netsmart Technologies Inc.,First Lien,Healthcare Technology,,,N/A,4.50%,,2023-04-19,18940000,18880000,18880000,,,,,GSBD,2017-11-02
Oasis Outsourcing Holdings Inc.,First Lien,Financial Services,,,N/A,4.75%,,2021-12-27,3980000,3970000,3970000,,,,,GSBD,2017-11-02
PGX Holdings Inc.,First Lien,Business Services,,,N/A,5.25%,,2020-09-29,13580000,13510000,13510000,,,,,GSBD,2017-11-02
Affordable Care Holding Corp.,First Lien,Healthcare Services,,,N/A,4.75%,,2022-10-22,4950,4864,4864,,,,,GSBD,2017-11-02
Ansira Partners Inc.,First Lien,Media & Entertainment,,,N/A,6.50%,,2022-12-20,8727,8640,8640,,,,,GSBD,2017-11-02
Ansira Partners Inc.,First Lien,Media & Entertainment,,,N/A,6.50%,,2022-12-20,1273,,,,,,,GSBD,2017-11-02
ASC Acquisition Holdings LLC,First Lien,Transportation & Logistics,,,N/A,7.50%,,2021-12-15,11250,11138,11138,,,,,GSBD,2017-11-02
ATX Networks Corp.,First Lien,Technology Hardware,,,N/A,6.00%,,2021-06-11,16767,16607,16607,,,,,GSBD,2017-11-02
Badger Sportswear Inc.,First Lien,Apparel & Textiles,,,N/A,4.50%,,2023-09-11,14963,14861,14861,,,,,GSBD,2017-11-02
ConvergeOne Holdings Corp.,First Lien,Technology Hardware,,,N/A,5.38%,,2020-06-17,17401,17261,17261,,,,,GSBD,2017-11-02
Crowne Group LLC,First Lien,Automotive,,,N/A,9.25%,,2021-05-26,16873,16717,16717,,,,,GSBD,2017-11-02
DBRS Ltd.,First Lien,Financial Services,,,N/A,5.25%,,2022-03-04,11790,11697,11697,,,,,GSBD,2017-11-02
DiscoverOrg LLC,First Lien,Software,,,N/A,4.25%,,2020-06-02,7147,7121,7121,,,,,GSBD,2017-11-02
Edgewood Partners Insurance Center,First Lien,Insurance,,,N/A,6.00%,,2023-03-16,15880,15589,15589,,,,,GSBD,2017-11-02
Explorer Holdings Inc.,First Lien,Healthcare Technology,,,N/A,5.00%,,2023-05-02,9950,9855,9855,,,,,GSBD,2017-11-02
GK Holdings Inc.,First Lien,Software,,,N/A,5.50%,,2021-01-20,17640,17555,17555,,,,,GSBD,2017-11-02
HC Group Holdings III Inc.,First Lien,Healthcare Services,,,N/A,5.00%,,2022-04-07,8888,8852,8852,,,,,GSBD,2017-11-02
Help/Systems LLC,First Lien,Software,,,N/A,5.25%,,2021-10-08,17955,17407,17407,,,,,GSBD,2017-11-02
Imagine! Print Solutions Inc.,First Lien,Industrial Services,,,N/A,6.00%,,2022-03-30,4965,4909,4909,,,,,GSBD,2017-11-02
Jill Acquisition LLC,First Lien,Apparel & Textiles,,,N/A,5.00%,,2022-05-08,15805,15700,15700,,,,,GSBD,2017-11-02
Lattice Semiconductor Corp.,First Lien,Technology Hardware,,,N/A,4.25%,,2021-03-10,11986,11803,11803,,,,,GSBD,2017-11-02
Liquidnet Holdings Inc.,First Lien,Financial Services,,,N/A,6.75%,,2019-05-22,24618,24340,24340,,,,,GSBD,2017-11-02
Loar Group Inc.,First Lien,Aerospace & Defense,,,N/A,4.75%,,2022-01-12,9925,9684,9684,,,,,GSBD,2017-11-02
MB Aerospace Holdings Inc.,First Lien,Aerospace & Defense,,,N/A,5.50%,,2022-12-15,15849,15708,15708,,,,,GSBD,2017-11-02
Mister Car Wash Inc.,First Lien,Automotive,,,N/A,4.25%,,2021-08-20,6650,6600,6600,,,,,GSBD,2017-11-02
Mister Car Wash Inc.,First Lien,Automotive,,,N/A,4.25%,,2021-08-20,1333,,,,,,,GSBD,2017-11-02
Netsmart Technologies Inc.,First Lien,Healthcare Technology,,,N/A,4.50%,,2023-04-19,18937,18878,18878,,,,,GSBD,2017-11-02
Oasis Outsourcing Holdings Inc.,First Lien,Financial Services,,,N/A,4.75%,,2021-12-27,3979,3970,3970,,,,,GSBD,2017-11-02
PGX Holdings Inc.,First Lien,Business Services,,,N/A,5.25%,,2020-09-29,13578,13510,13510,,,,,GSBD,2017-11-02
Playcore Wisconsin Inc.,First Lien,Hotels & Leisure,,,N/A,4.25%,,2020-05-29,18000,17820,17820,,,,,GSBD,2017-11-02
Artesyn Embedded Technologies Inc.,First Lien,Technology Hardware,9.75%,,N/A,9.75%,,2020-10-15,20000,20000,20000,,,,,GSBD,2017-11-02
Continuum Managed Services LLC,First Lien,Software,,,N/A,8.75%,,2023-06-08,21606,21034,21034,,,,,GSBD,2017-11-02
Continuum Managed Services LLC,First Lien,Software,,,N/A,8.75%,,2023-06-08,1800,1800,-46,,,,,GSBD,2017-11-02
Continuum Managed Services LLC,First Lien,Software,,,N/A,8.75%,,2022-06-08,2220,2220,-57,,,,,GSBD,2017-11-02
Dade Paper & Bag LLC,First Lien,Transportation & Logistics,,,N/A,7.50%,,2024-06-10,11072,10858,10858,,,,,GSBD,2017-11-02
Elemica Inc.,First Lien,Software,,,N/A,8.00%,,2021-07-07,41969,41120,41120,,,,,GSBD,2017-11-02
Elemica Inc.,First Lien,Software,,,N/A,8.00%,,2021-07-07,6000,6000,-119,,,,,GSBD,2017-11-02
Heligear Acquisition Co.,First Lien,Aerospace & Defense,10.25%,,N/A,10.25%,,2019-10-15,17500,17352,17352,,,,,GSBD,2017-11-02
Infinity Sales Group,First Lien,Media & Entertainment,,,N/A,10.50%,,2018-11-21,29273,29096,29096,,,,,GSBD,2017-11-02
Iracore International Holdings Inc.,First Lien,Energy & Utilities,,,N/A,9.00%,,2021-04-12,3389,3389,3389,,,,,GSBD,2017-11-02
Kawa Solar Holdings Ltd.,First Lien,Construction & Engineering,,8.00%,N/A,8.00%,,2018-07-02,10483,10372,10372,,,,,GSBD,2017-11-02
Kawa Solar Holdings Ltd.,First Lien,Construction & Engineering,,,,,,,1126,,,,,,,GSBD,2017-11-02
Legacy Buyer Corp.,First Lien,Healthcare Services,,,N/A,8.00%,,2019-10-24,24689,24445,24445,,,,,GSBD,2017-11-02
Legacy Buyer Corp.,First Lien,Healthcare Services,,,N/A,8.00%,,2019-10-24,2500,2500,-25,,,,,GSBD,2017-11-02
Madison-Kipp Corp.,First Lien,Manufacturing,,,N/A,9.00%,,2020-05-26,33540,33135,33135,,,,,GSBD,2017-11-02
Netvoyage Corp.,First Lien,Software,,,N/A,9.50%,,2022-03-24,7849,7704,7704,,,,,GSBD,2017-11-02
Netvoyage Corp.,First Lien,Software,,,N/A,9.50%,,2022-03-24,654,654,-12,,,,,GSBD,2017-11-02
SF Home Décor LLC,First Lien,Consumer Products,,,N/A,9.50%,,2022-07-13,21133,20518,20518,,,,,GSBD,2017-11-02
The Merit Distribution Group LLC,First Lien,Transportation & Logistics,,,N/A,11.25%,,2021-04-08,24250,23777,23777,,,,,GSBD,2017-11-02
US Med Acquisition Inc.,First Lien,Medical Devices & Equipment,,,N/A,9.00%,,2021-08-13,30341,29905,29905,,,,,GSBD,2017-11-02
Vexos Inc.,First Lien,Technology Hardware,,,N/A,9.50%,,2019-10-09,37797,37426,37426,,,,,GSBD,2017-11-02
Xactly Corp.,First Lien,Software,,,N/A,7.25%,,2022-07-29,19800,19415,19415,,,,,GSBD,2017-11-02
Xactly Corp.,First Lien,Software,,,N/A,7.25%,,2022-07-29,1697,1697,-33,,,,,GSBD,2017-11-02
Yasso Inc.,First Lien,Food & Beverage,,,N/A,7.75%,,2022-03-23,9055,8889,8889,,,,,GSBD,2017-11-02
Artesyn Embedded Technologies Inc.,First Lien,Technology Hardware,9.75%,,N/A,,,,20000,20000,20000,,,,,GSBD,2017-11-02
Data Driven Delivery Systems LLC,First Lien,Healthcare Technology,7.00%,,N/A,7.00%,,2019-05-30,,69619,67609,,,,,GSBD,2017-11-02
Dispensing Dynamics International,First Lien,Construction & Engineering,12.50%,,N/A,,,2018-01-01,,24000,24359,,,,,GSBD,2017-11-02
Elemica Inc.,First Lien,Software,8.00%,,N/A,8.00%,,2021-07-07,,42288,41308,,,,,GSBD,2017-11-02
Heligear Acquisition Co.,First Lien,Aerospace & Defense,10.25%,,N/A,,,2019-10-15,,17500,17289,,,,,GSBD,2017-11-02
Infinity Sales Group,First Lien,Media & Entertainment,10.50%,,N/A,10.50%,,2018-11-21,,30803,30518,,,,,GSBD,2017-11-02
Iracore International Holdings Inc.,First Lien,Energy & Utilities,9.50%,,N/A,,,2018-06-01,,24250,21321,,,,,GSBD,2017-11-02
Kawa Solar Holdings Ltd.,First Lien,Construction & Engineering,8.20%,3.50%,N/A,,,2018-07-02,,12767,12727,,,,,GSBD,2017-11-02
Legacy Buyer Corp.,First Lien,Healthcare Services,8.00%,,N/A,8.00%,,2019-10-24,,27470,27120,,,,,GSBD,2017-11-02
Madison-Kipp Corp.,First Lien,Manufacturing,9.00%,,N/A,9.00%,,2020-05-26,,36696,36153,,,,,GSBD,2017-11-02
Perfect Commerce LLC,First Lien,Software,8.50%,,N/A,8.50%,,2020-06-30,,37418,36740,,,,,GSBD,2017-11-02
The Merit Distribution Group LLC,First Lien,Transportation & Logistics,11.25%,,N/A,11.25%,,2021-04-08,,30000,29329,,,,,GSBD,2017-11-02
US Med Acquisition Inc.,First Lien,Medical Devices & Equipment,9.00%,,N/A,9.00%,,2021-08-13,,30574,30069,,,,,GSBD,2017-11-02
Vexos Inc.,First Lien,Technology Hardware,9.50%,,N/A,9.50%,,2019-10-09,,38922,38433,,,,,GSBD,2017-11-02
Associations Inc.,First Lien,Real Estate,7.00%,,N/A,7.00%,,2019-12-23,,58136,57324,,,,,GSBD,2017-11-02
Avenue Stores LLC,First Lien,Retail,8.00%,,N/A,8.00%,,2019-09-19,,30000,29546,,,,,GSBD,2017-11-02
Bolttech Mannings Inc.,First Lien,Industrial Services,7.75%,,N/A,7.75%,,2018-12-21,,36346,35967,,,,,GSBD,2017-11-02
Integrated Practice Solutions Inc.,First Lien,Software,9.10%,,N/A,9.10%,,2020-08-03,,25781,25240,,,,,GSBD,2017-11-02
Mervin Manufacturing Inc.,First Lien,Hotels & Leisure,7.50%,,N/A,7.50%,,2019-10-10,,11165,11024,,,,,GSBD,2017-11-02
NTS Communications Inc.,First Lien,Telecommunications,9.00%,1.25%,N/A,9.00%,,2019-06-06,,52776,48725,,,,,GSBD,2017-11-02
Pro-Pet LLC,First Lien,Consumer Products,7.25%,,N/A,7.25%,,2019-11-21,,31600,31104,,,,,GSBD,2017-11-02
Reddy Ice Corp.,First Lien,Food & Beverage,,,N/A,9.50%,,2019-11-01,13500,13168,13168,,,,,GSBD,2017-11-02
Securus Technologies Holdings Inc.,First Lien,Telecommunications,,,N/A,7.75%,,2021-04-30,20000,19853,19853,,,,,GSBD,2017-11-02
SW Holdings LLC,First Lien,Media & Entertainment,,,N/A,8.75%,,2021-12-30,14265,14029,14029,,,,,GSBD,2017-11-02
Washington Inventory Service,First Lien,Business Services,,,N/A,8.00%,,2019-06-20,24800,24949,24949,,,,,GSBD,2017-11-02
CB-HDT Holdings Inc.,Unsecured Debt,Aerospace & Defense,,12.00%,,,,2019-12-15,3115,3115,3115,,,,,GSBD,2017-11-02
CB-HDT Holdings Inc.,Preferred Equity,Aerospace & Defense,,,,,,,,,1108333,10186,10186,,,GSBD,2017-11-02
Kawa Solar Holdings Ltd.,Preferred Equity,Construction & Engineering,,,N/A,,,,,50000,750,750,,,,GSBD,2017-11-02
NTS Communications Inc.,Preferred Equity,Telecommunications,,,,,,,,,263,187,187,,,GSBD,2017-11-02
CB-HDT Holdings Inc.,Common Equity,Aerospace & Defense,,,,,,,,,453383,2393,2393,,,GSBD,2017-11-02
Kawa Solar Holdings Ltd.,Common Equity,Construction & Engineering,,,,,,,,,1399556,,,,,GSBD,2017-11-02
NTS Communications Inc.,Common Equity,Telecommunications,,,,,,,,,595215,3,3,,,GSBD,2017-11-02
Prairie Provident Resources Inc.,Common Equity,Oil & Gas,,,,,,,,,3579989,9237,9237,,,GSBD,2017-11-02
Senior Credit Fund LLC,Other,Other,,,,,,,,,77592,77592,77592,,,GSBD,2017-11-02
Goldman Sachs Financial Square Government Fund,Money Market Fund,Other,0.45%,,N/A,,,,,1,1,1,,,,GSBD,2017-11-02
Artesyn Embedded Technologies Inc.,First Lien,Software,0.75%,,,,2017-09-30,,,,,,,,,GSBD,2017-11-02
Associations Inc.,First Lien,Financial Services,0.09%,,,,2017-09-30,,,,,,,,,GSBD,2017-11-02
Avenue Stores LLC,First Lien,Retail,,,,,2017-09-30,,,,,,,,,GSBD,2017-11-02
Bolttech Mannings Inc.,First Lien,Insurance,,,,,2017-09-30,,,,,,,,,GSBD,2017-11-02
CB-HDT Holdings Inc.,First Lien,Industrial Services,0.81%,,,,2017-09-30,,,,,,,,,GSBD,2017-11-02
Conergy Asia Holdings Ltd.,First Lien,Energy & Utilities,,,,,2017-09-30,,,,,,,,,GSBD,2017-11-02
Data Driven Delivery Systems LLC,First Lien,Software,,,,,,,,,,,,,,GSBD,2017-11-02
DiscoverOrg LLC,First Lien,Software,0.38%,,,,2017-09-30,,,,,,,,,GSBD,2017-11-02
Dispensing Dynamics International,First Lien,Industrial Services,,,,,,,,,,,,,,GSBD,2017-11-02
DiversiTech Corp.,First Lien,Industrial Services,,,,,,,,,,,,,,GSBD,2017-11-02
DuBois Chemicals Inc.,First Lien,Industrial Services,,,,,2017-09-30,,,,,,,,,GSBD,2017-11-02
Continuum Managed Services LLC,First Lien,Software,,,,,,,,,,,,,,GSBD,2017-11-02
Legacy Buyer Corp.,First Lien,Industrial Services,,,,,,,,,,,,,,GSBD,2017-11-02
Elemica Inc.,First Lien,Software,,,,,,,,,,,,,,GSBD,2017-11-02
Netvoyage Corp.,First Lien,Software,,,,,,,,,,,,,,GSBD,2017-11-02
Continuum Managed Services LLC,First Lien,Software,,,,,,,,,,,,,,GSBD,2017-11-02
Xactly Corp.,First Lien,Software,,,,,,,,,,,,,,GSBD,2017-11-02
DiscoverOrg LLC,Second Lien,Software,,,N/A,9.00%,,2022-02-10,8000,7858,8000,,,7858,,GSBD,2017-11-02
GK Holdings Inc.,Second Lien,Software,,,N/A,9.50%,,2022-01-20,6000,5904,6000,,,5904,,GSBD,2017-11-02
Goldman Sachs Financial Square Government Fund,Money Market Fund,Other,0.45%,,,,,,,1941599,1942,1942,,,1942,GSBD,2017-11-02
Hunter Defense Technologies Inc.,First Lien,Aerospace & Defense,,,,,,,249,,,,,,,GSBD,2017-11-02
Kawa Solar Holdings Ltd.,First Lien,Energy & Utilities,,,,,,,14,,,,,,,GSBD,2017-11-02
DiscoverOrg LLC,First Lien,Software,,,,,,,0,,,,,,,GSBD,2017-11-02
Iracore International Holdings Inc.,First Lien,Manufacturing,,,,,,,0,,,,,,,GSBD,2017-11-02
P2 Upstream Acquisition Co,First Lien,Energy & Utilities,,,,,,,0,,,,,,,GSBD,2017-11-02
Washington Inventory Service,First Lien,Retail,,,,,,,0,,,,,,,GSBD,2017-11-02
Other net,Other,Diversified,,,,,,,1,,,,,,,GSBD,2017-11-02
A.M. Castle LLC,First Lien,Industrial Services,,,,,,,0,,,,,,,GSBD,2017-11-02
A.M. Castle,,Other,,,,,,,,,,,,,,GSBD,2017-11-02
Senior Credit Fund LLC,First Lien,Industrial Services,,,,,,,0,94342,94342,,,,,GSBD,2017-11-02
Goldman Sachs Financial Square Government Fund - Institutional Shares,Money Market Fund,Investment Vehicles,0.91%,,,,,,,3,3,,,,,GSBD,2017-11-02
A.M. Castle & Co.,First Lien,Industrial Services,8.5%,,LIBOR,7.25%,2014-07-01,2019-07-01,40000000,39500000,39500000,1.8,39500000,40000000,0,GSBD,2017-11-02
A.M. Castle & Co.,Second Lien,Industrial Services,11.0%,,LIBOR,9.75%,2014-07-01,2020-01-01,20000000,19500000,19500000,0.9,19500000,20000000,0,GSBD,2017-11-02
A.M. Castle & Co.,Subordinated Debt,Industrial Services,12.5%,,LIBOR,11.25%,2014-07-01,2021-01-01,10000000,9500000,9500000,0.4,9500000,10000000,0,GSBD,2017-11-02
AB&C Holdings LLC,First Lien,Manufacturing,8.5%,,LIBOR,7.25%,2015-03-01,2020-03-01,15000000,14800000,14800000,0.7,14800000,15000000,0,GSBD,2017-11-02
AB&C Holdings LLC,Second Lien,Manufacturing,11.0%,,LIBOR,9.75%,2015-03-01,2021-03-01,7500000,7300000,7300000,0.3,7300000,7500000,0,GSBD,2017-11-02
AB&C Holdings LLC,Subordinated Debt,Manufacturing,12.5%,,LIBOR,11.25%,2015-03-01,2022-03-01,5000000,4800000,4800000,0.2,4800000,5000000,0,GSBD,2017-11-02
AB&C Holdings LLC,Common Equity,Manufacturing,,,,,,,,1000000,1000000,0.0,1000000,,,GSBD,2017-11-02
AB&C Holdings LLC,Preferred Equity,Manufacturing,7.0%,,LIBOR,5.75%,2015-03-01,2025-03-01,5000000,4900000,4900000,0.2,4900000,5000000,0,GSBD,2017-11-02
AB&C Holdings LLC,Other,Manufacturing,10.0%,1.5%,LIBOR,8.75%,2015-03-01,2020-03-01,10000000,9700000,9700000,0.4,9700000,10000000,0,GSBD,2017-11-02
AB&C Holdings LLC,Subordinated Debt,Manufacturing,10.5%,,LIBOR,9.25%,2015-03-01,2023-03-01,5000000,4850000,4850000,0.2,4850000,5000000,0,GSBD,2017-11-02
ACME Corp.,First Lien,Software,8.75%,,SOFR,5.5%,2016-01-15,2021-01-15,25000000,24500000,24500000,1.1,24500000,25000000,0,GSBD,2017-11-02
ACME Corp.,Second Lien,Software,11.5%,,SOFR,8.25%,2016-01-15,2022-01-15,12500000,12000000,12000000,0.5,12000000,12500000,0,GSBD,2017-11-02
ACME Corp.,Common Equity,Software,,,,,,,,2000000,2000000,0.1,2000000,,,GSBD,2017-11-02
ACME Corp.,Preferred Equity,Software,7.5%,,SOFR,4.25%,2016-01-15,2026-01-15,7500000,7300000,7300000,0.3,7300000,7500000,0,GSBD,2017-11-02
ACME Corp.,Other,Software,10.5%,1.75%,SOFR,7.25%,2016-01-15,2021-01-15,15000000,14500000,14500000,0.6,14500000,15000000,0,GSBD,2017-11-02
ACME Corp.,Subordinated Debt,Software,11.0%,,SOFR,7.75%,2016-01-15,2023-01-15,7500000,7200000,7200000,0.3,7200000,7500000,0,GSBD,2017-11-02
Advanced Auto Parts Inc.,First Lien,Automotive,8.0%,,LIBOR,6.75%,2017-02-01,2022-02-01,30000000,29500000,29500000,1.3,29500000,30000000,0,GSBD,2017-11-02
Advanced Auto Parts Inc.,Second Lien,Automotive,11.0%,,LIBOR,9.75%,2017-02-01,2023-02-01,15000000,14500000,14500000,0.6,14500000,15000000,0,GSBD,2017-11-02
Advanced Auto Parts Inc.,Common Equity,Automotive,,,,,,,,1500000,1500000,0.1,1500000,,,GSBD,2017-11-02
Advanced Auto Parts Inc.,Preferred Equity,Automotive,7.0%,,LIBOR,5.75%,2017-02-01,2027-02-01,5000000,4800000,4800000,0.2,4800000,5000000,0,GSBD,2017-11-02
Advanced Auto Parts Inc.,Other,Automotive,10.0%,1.5%,LIBOR,8.75%,2017-02-01,2022-02-01,10000000,9700000,9700000,0.4,9700000,10000000,0,GSBD,2017-11-02
Advanced Auto Parts Inc.,Subordinated Debt,Automotive,10.5%,,LIBOR,9.25%,2017-02-01,2024-02-01,5000000,4800000,4800000,0.2,4800000,5000000,0,GSBD,2017-11-02
Aegion Corp.,First Lien,Industrial Services,8.5%,,SOFR,5.25%,2017-05-01,2022-05-01,40000000,39000000,39000000,1.7,39000000,40000000,0,GSBD,2017-11-02
Aegion Corp.,Second Lien,Industrial Services,11.5%,,SOFR,8.25%,2017-05-01,2023-05-01,20000000,19000000,19000000,0.8,19000000,20000000,0,GSBD,2017-11-02
Aegion Corp.,Common Equity,Industrial Services,,,,,,,,2500000,2500000,0.1,2500000,,,GSBD,2017-11-02
Aegion Corp.,Preferred Equity,Industrial Services,7.0%,,SOFR,3.75%,2017-05-01,2027-05-01,7500000,7200000,7200000,0.3,7200000,7500000,0,GSBD,2017-11-02
Aegion Corp.,Other,Industrial Services,10.0%,1.5%,SOFR,6.75%,2017-05-01,2022-05-01,10000000,9700000,9700000,0.4,9700000,10000000,0,GSBD,2017-11-02
Aegion Corp.,Subordinated Debt,Industrial Services,10.5%,,SOFR,7.25%,2017-05-01,2024-05-01,5000000,4800000,4800000,0.2,4800000,5000000,0,GSBD,2017-11-02
Aeterna Zentaris Inc.,First Lien,Pharmaceuticals & Biotechnology,9.0%,,LIBOR,7.75%,2015-08-01,2020-08-01,15000000,14500000,14500000,0.6,14500000,15000000,0,GSBD,2017-11-02
Aeterna Zentaris Inc.,Second Lien,Pharmaceuticals & Biotechnology,12.0%,,LIBOR,10.75%,2015-08-01,2021-08-01,7500000,7000000,7000000,0.3,7000000,7500000,0,GSBD,2017-11-02
Aeterna Zentaris Inc.,Common Equity,Pharmaceuticals & Biotechnology,,,,,,,,1000000,1000000,0.0,1000000,,,GSBD,2017-11-02
Aeterna Zentaris Inc.,Preferred Equity,Pharmaceuticals & Biotechnology,8.0%,,LIBOR,6.75%,2015-08-01,2025-08-01,5000000,4800000,4800000,0.2,4800000,5000000,0,GSBD,2017-11-02
Aeterna Zentaris Inc.,Other,Pharmaceuticals & Biotechnology,11.0%,1.5%,LIBOR,9.75%,2015-08-01,2020-08-01,5000000,4800000,4800000,0.2,4800000,5000000,0,GSBD,2017-11-02
Aeterna Zentaris Inc.,Subordinated Debt,Pharmaceuticals & Biotechnology,11.5%,,LIBOR,10.25%,2015-08-01,2022-08-01,2500000,2300000,2300000,0.1,2300000,2500000,0,GSBD,2017-11-02
Affinity Gaming LLC,First Lien,Hotels & Leisure,8.5%,,SOFR,5.25%,2017-07-01,2022-07-01,50000000,49000000,49000000,2.1,49000000,50000000,0,GSBD,2017-11-02
Affinity Gaming LLC,Second Lien,Hotels & Leisure,11.5%,,SOFR,8.25%,2017-07-01,2023-07-01,25000000,24000000,24000000,1.0,24000000,25000000,0,GSBD,2017-11-02
Affinity Gaming LLC,Common Equity,Hotels & Leisure,,,,,,,,3000000,3000000,0.1,3000000,,,GSBD,2017-11-02
Affinity Gaming LLC,Preferred Equity,Hotels & Leisure,7.0%,,SOFR,3.75%,2017-07-01,2027-07-01,10000000,9700000,9700000,0.4,9700000,10000000,0,GSBD,2017-11-02
Affinity Gaming LLC,Other,Hotels & Leisure,10.0%,1.5%,SOFR,6.75%,2017-07-01,2022-07-01,15000000,14500000,14500000,0.6,14500000,15000000,0,GSBD,2017-11-02
Affinity Gaming LLC,Subordinated Debt,Hotels & Leisure,10.5%,,SOFR,7.25%,2017-07-01,2024-07-01,7500000,7200000,7200000,0.3,7200000,7500000,0,GSBD,2017-11-02
AgroFresh Solutions Inc.,First Lien,Agriculture,8.5%,,SOFR,5.25%,2017-09-01,2022-09-01,20000000,19500000,19500000,0.8,19500000,20000000,0,GSBD,2017-11-02
AgroFresh Solutions Inc.,Second Lien,Agriculture,11.5%,,SOFR,8.25%,2017-09-01,2023-09-01,10000000,9500000,9500000,0.4,9500000,10000000,0,GSBD,2017-11-02
AgroFresh Solutions Inc.,Common Equity,Agriculture,,,,,,,,1000000,1000000,0.0,1000000,,,GSBD,2017-11-02
AgroFresh Solutions Inc.,Preferred Equity,Agriculture,7.0%,,SOFR,3.75%,2017-09-01,2027-09-01,5000000,4800000,4800000,0.2,4800000,5000000,0,GSBD,2017-11-02
AgroFresh Solutions Inc.,Other,Other,,,,,,,,,,,,,,GSBD,2017-11-02
Interest and other debt expenses,Other,Other,4.88,,,,,,,,,,,,,GSBD,2017-11-02
Management fees,Other,Other,4.37,,,,,,,,,,,,,GSBD,2017-11-02
Incentive fees,Other,Other,4.62,,,,,,,,,,,,,GSBD,2017-11-02
Professional fees,Other,Other,0.51,,,,,,,,,,,,,GSBD,2017-11-02
Administration,Other,Other,,0.22,,,,,,,,,,,,GSBD,2017-11-02
Directors' fees,Other,Other,0.18,,,,,,,,,,,,,GSBD,2017-11-02
Other expenses,Other,Other,0.30,,,,,,,,,,,,,GSBD,2017-11-02
Total expenses,Other,Other,15.08,,,,,,,,,,,,,GSBD,2017-11-02
Administration custodian and transfer agent fees,Other,Other,,,,,,,,,,,,,,GSBD,2017-11-02
Senior Secured Loans,First Lien,Other,,,,,,,,,,,,,,GSBD,2017-11-02
First Lien Senior Secured,First Lien,Other,,,,,,,,,,,,,,GSBD,2017-11-02
ACME Holdings Inc.,First Lien,Software,8.5%,,SOFR,4.75%,2021-03-10,2026-03-10,10000000,9800000,10100000,3.5,9800000,,,GSBD,2017-11-02
BETA Industries LLC,First Lien,Manufacturing,9.0%,,SOFR,5.25%,2022-01-20,2027-01-20,5000000,4900000,5050000,1.8,4900000,,,GSBD,2017-11-02
GAMMA Services Corp.,First Lien,Healthcare Services,8.75%,,SOFR,5.0%,2021-07-15,2026-07-15,7500000,7350000,7400000,2.6,7350000,,,GSBD,2017-11-02
DELTA Technologies LP,First Lien,Software,9.25%,,SOFR,5.5%,2022-05-01,2027-05-01,12000000,11800000,12100000,4.2,11800000,,,GSBD,2017-11-02
EPSILON Group Inc.,First Lien,Consumer Products,8.5%,,SOFR,4.75%,2021-11-30,2026-11-30,6000000,5900000,6050000,2.1,5900000,,,GSBD,2017-11-02
ZETA Solutions LLC,First Lien,Software,9.5%,,SOFR,5.75%,2022-08-10,2027-08-10,8000000,7850000,8100000,2.8,7850000,,,GSBD,2017-11-02
ETA Enterprises Corp.,First Lien,Manufacturing,8.75%,,SOFR,5.0%,2021-04-25,2026-04-25,4000000,3950000,4050000,1.4,3950000,,,GSBD,2017-11-02
THETA Innovations LP,First Lien,Software,9.0%,,SOFR,5.25%,2022-02-18,2027-02-18,9000000,8800000,9100000,3.1,8800000,,,GSBD,2017-11-02
IOTA Holdings Inc.,First Lien,Healthcare Services,8.5%,,SOFR,4.75%,2021-09-01,2026-09-01,5500000,5400000,5550000,1.9,5400000,,,GSBD,2017-11-02
KAPPA Manufacturing LLC,First Lien,Manufacturing,9.25%,,SOFR,5.5%,2022-06-15,2027-06-15,7000000,6850000,7050000,2.4,6850000,,,GSBD,2017-11-02
LAMBDA Services Corp.,First Lien,Software,8.75%,,SOFR,5.0%,2021-12-01,2026-12-01,3000000,2950000,3050000,1.1,2950000,,,GSBD,2017-11-02
MU Technologies LP,First Lien,Software,9.5%,,SOFR,5.75%,2022-09-20,2027-09-20,11000000,10800000,11100000,3.8,10800000,,,GSBD,2017-11-02
NU Group Inc.,First Lien,Consumer Products,8.5%,,SOFR,4.75%,2021-05-10,2026-05-10,4500000,4400000,4550000,1.6,4400000,,,GSBD,2017-11-02
XI Holdings LLC,First Lien,Healthcare Services,9.0%,,SOFR,5.25%,2022-03-05,2027-03-05,6500000,6350000,6550000,2.3,6350000,,,GSBD,2017-11-02
OMICRON Manufacturing Corp.,First Lien,Manufacturing,8.75%,,SOFR,5.0%,2021-08-20,2026-08-20,3500000,3450000,3550000,1.2,3450000,,,GSBD,2017-11-02
PI Solutions LP,First Lien,Software,9.25%,,SOFR,5.5%,2022-07-01,2027-07-01,8500000,8300000,8550000,3.0,8300000,,,GSBD,2017-11-02
RHO Technologies Inc.,First Lien,Software,9.5%,,SOFR,5.75%,2021-02-15,2026-02-15,10500000,10300000,10600000,3.7,10300000,,,GSBD,2017-11-02
SIGMA Group LLC,First Lien,Consumer Products,8.5%,,SOFR,4.75%,2022-04-10,2027-04-10,5000000,4900000,5050000,1.7,4900000,,,GSBD,2017-11-02
TAU Holdings Corp.,First Lien,Healthcare Services,9.0%,,SOFR,5.25%,2021-06-25,2026-06-25,7000000,6850000,7050000,2.5,6850000,,,GSBD,2017-11-02
UPSILON Manufacturing LP,First Lien,Manufacturing,8.75%,,SOFR,5.0%,2022-01-05,2027-01-05,4000000,3950000,4050000,1.4,3950000,,,GSBD,2017-11-02
PHI Solutions Inc.,First Lien,Software,9.25%,,SOFR,5.5%,2021-10-15,2026-10-15,9500000,9300000,9550000,3.3,9300000,,,GSBD,2017-11-02
CHI Technologies LLC,First Lien,Software,9.5%,,SOFR,5.75%,2022-03-20,2027-03-20,11500000,11300000,11600000,4.0,11300000,,,GSBD,2017-11-02
PSI Group Corp.,First Lien,Consumer Products,8.5%,,SOFR,4.75%,2021-07-01,2026-07-01,5500000,5400000,5550000,1.9,5400000,,,GSBD,2017-11-02
OMEGA Holdings LP,First Lien,Healthcare Services,9.0%,,SOFR,5.25%,2022-05-15,2027-05-15,6000000,5850000,6050000,2.1,5850000,,,GSBD,2017-11-02
Second Lien,Second Lien,Other,,,,,,,,,,,,,,GSBD,2017-11-02
ALPHA Partners Inc.,Second Lien,Software,10.5%,,SOFR,7.0%,2021-04-01,2026-04-01,8000000,7800000,8100000,2.8,7800000,,,GSBD,2017-11-02
BETA Group LLC,Second Lien,Manufacturing,11.0%,,SOFR,7.5%,2022-02-10,2027-02-10,4000000,3900000,4050000,1.4,3900000,,,GSBD,2017-11-02
GAMMA Corp.,Second Lien,Healthcare Services,10.75%,,SOFR,7.25%,2021-09-15,2026-09-15,6000000,5850000,6100000,2.1,5850000,,,GSBD,2017-11-02
DELTA Holdings LP,Second Lien,Software,11.25%,,SOFR,7.75%,2022-06-01,2027-06-01,10000000,9800000,10200000,3.5,9800000,,,GSBD,2017-11-02
EPSILON Services Inc.,Second Lien,Consumer Products,10.5%,,SOFR,7.0%,2021-11-20,2026-11-20,5000000,4900000,5100000,1.8,4900000,,,GSBD,2017-11-02
ZETA Solutions LLC,Second Lien,Software,11.5%,,SOFR,8.0%,2022-08-05,2027-08-05,7000000,6800000,7100000,2.5,6800000,,,GSBD,2017-11-02
ETA Enterprises Corp.,Second Lien,Manufacturing,10.75%,,SOFR,7.25%,2021-03-25,2026-03-25,3000000,2950000,3050000,1.1,2950000,,,GSBD,2017-11-02
THETA Innovations LP,Second Lien,Software,11.0%,,SOFR,7.5%,2022-01-18,2027-01-18,9000000,8800000,9100000,3.2,8800000,,,GSBD,2017-11-02
IOTA Holdings Inc.,Second Lien,Healthcare Services,10.5%,,SOFR,7.0%,2021-07-10,2026-07-10,4500000,4400000,4550000,1.6,4400000,,,GSBD,2017-11-02
KAPPA Manufacturing LLC,Second Lien,Manufacturing,11.25%,,SOFR,7.75%,2022-05-01,2027-05-01,6000000,5850000,6100000,2.1,5850000,,,GSBD,2017-11-02
LAMBDA Services Corp.,Second Lien,Software,10.75%,,SOFR,7.25%,2021-10-01,2026-10-01,2500000,2450000,2550000,0.9,2450000,,,GSBD,2017-11-02
MU Technologies LP,Second Lien,Software,11.5%,,SOFR,8.0%,2022-03-15,2027-03-15,10000000,9800000,10100000,3.5,9800000,,,GSBD,2017-11-02
NU Group Inc.,Second Lien,Consumer Products,10.5%,,SOFR,7.0%,2021-06-05,2026-06-05,4000000,3900000,4050000,1.4,3900000,,,GSBD,2017-11-02
XI Holdings LLC,Second Lien,Healthcare Services,11.0%,,SOFR,7.5%,2022-04-20,2027-04-20,5500000,5350000,5550000,1.9,5350000,,,GSBD,2017-11-02
OMICRON Manufacturing Corp.,Second Lien,Manufacturing,10.75%,,SOFR,7.25%,2021-08-10,2026-08-10,3500000,3450000,3550000,1.2,3450000,,,GSBD,2017-11-02
PI Solutions LP,Second Lien,Software,11.25%,,SOFR,7.75%,2022-07-15,2027-07-15,8000000,7800000,8100000,2.8,7800000,,,GSBD,2017-11-02
RHO Technologies Inc.,Second Lien,Software,11.5%,,SOFR,8.0%,2021-02-01,2026-02-01,11000000,10800000,11100000,3.9,10800000,,,GSBD,2017-11-02
SIGMA Group LLC,Second Lien,Consumer Products,10.5%,,SOFR,7.0%,2022-03-01,2027-03-01,4500000,4400000,4550000,1.6,4400000,,,GSBD,2017-11-02
TAU Holdings Corp.,Second Lien,Healthcare Services,11.0%,,SOFR,7.5%,2021-05-20,2026-05-20,6500000,6350000,6550000,2.3,6350000,,,GSBD,2017-11-02
UPSILON Manufacturing LP,Second Lien,Manufacturing,10.75%,,SOFR,7.25%,2022-01-10,2027-01-10,3000000,2950000,3050000,1.1,2950000,,,GSBD,2017-11-02
PHI Solutions Inc.,Second Lien,Software,11.25%,,SOFR,7.75%,2021-09-01,2026-09-01,9000000,8800000,9100000,3.2,8800000,,,GSBD,2017-11-02
CHI Technologies LLC,Second Lien,Software,11.5%,,SOFR,8.0%,2022-02-20,2027-02-20,11500000,11000000,11500000,4.1,11000000,,,GSBD,2017-11-02
OMEGA Services Corp.,First Lien,Healthcare Services,9.0%,,SOFR,5.5%,2023-01-10,2028-01-10,15000000,14800000,15100000,5.4,14800000,,,GSBD,2017-11-02
ALPHA Industries Inc.,First Lien,Manufacturing,9.5%,,SOFR,6.0%,2022-07-15,2027-07-15,10000000,9900000,10050000,3.6,9900000,,,GSBD,2017-11-02
BETA Software LLC,First Lien,Software,10.0%,,SOFR,6.5%,2021-11-01,2026-11-01,20000000,19500000,20200000,7.2,19500000,,,GSBD,2017-11-02
GAMMA Holdings LP,Second Lien,Consumer Products,10.25%,,SOFR,6.75%,2023-03-20,2028-03-20,7500000,7300000,7600000,2.7,7300000,,,GSBD,2017-11-02
DELTA Enterprises Corp.,First Lien,Software,9.75%,,SOFR,6.25%,2022-09-01,2027-09-01,12000000,11800000,12100000,4.3,11800000,,,GSBD,2017-11-02
EPSILON Healthcare LLC,Second Lien,Healthcare Services,11.0%,,SOFR,7.5%,2021-08-10,2026-08-10,5000000,4850000,5100000,1.8,4850000,,,GSBD,2017-11-02
ZETA Manufacturing Inc.,First Lien,Manufacturing,9.25%,,SOFR,5.75%,2023-02-01,2028-02-01,8000000,7900000,8100000,2.9,7900000,,,GSBD,2017-11-02
THETA Solutions LP,Second Lien,Software,11.75%,,SOFR,8.25%,2022-04-05,2027-04-05,6000000,5800000,6100000,2.2,5800000,,,GSBD,2017-11-02
IOTA Services LLC,First Lien,Consumer Products,8.75%,,SOFR,5.25%,2023-05-15,2028-05-15,18000000,17700000,18200000,6.5,17700000,,,GSBD,2017-11-02
KAPPA Holdings Corp.,Second Lien,Software,10.5%,,SOFR,7.0%,2021-12-01,2026-12-01,9500000,9200000,9600000,3.4,9200000,,,GSBD,2017-11-02
LAMBDA Manufacturing LP,First Lien,Manufacturing,9.0%,,SOFR,5.5%,2022-10-20,2027-10-20,13000000,12800000,13100000,4.7,12800000,,,GSBD,2017-11-02
MU Healthcare Inc.,Second Lien,Healthcare Services,11.25%,,SOFR,7.75%,2023-01-25,2028-01-25,4000000,3850000,4100000,1.5,3850000,,,GSBD,2017-11-02
NU Software LLC,First Lien,Software,9.75%,,SOFR,6.25%,2022-06-10,2027-06-10,22000000,21500000,22300000,8.0,21500000,,,GSBD,2017-11-02
XI Consumer Goods Corp.,Second Lien,Consumer Products,10.75%,,SOFR,7.25%,2021-09-15,2026-09-15,7000000,6800000,7100000,2.5,6800000,,,GSBD,2017-11-02
OMICRON Technologies LLC,First Lien,Software,9.25%,,SOFR,5.75%,2023-04-01,2028-04-01,16000000,15700000,16200000,5.8,15700000,,,GSBD,2017-11-02
PI Manufacturing Inc.,Second Lien,Manufacturing,11.0%,,SOFR,7.5%,2022-03-10,2027-03-10,3500000,3350000,3600000,1.3,3350000,,,GSBD,2017-11-02
RHO Healthcare LP,First Lien,Healthcare Services,8.5%,,SOFR,5.0%,2023-06-01,2028-06-01,19000000,18700000,19300000,6.9,18700000,,,GSBD,2017-11-02
SIGMA Group LLC,First Lien,Consumer Products,9.5%,,SOFR,6.0%,2022-08-20,2027-08-20,10000000,9800000,10100000,3.6,9800000,,,GSBD,2017-11-02
TAU Holdings Corp.,First Lien,Healthcare Services,9.0%,,SOFR,5.5%,2021-10-01,2026-10-01,15000000,14700000,15200000,5.4,14700000,,,GSBD,2017-11-02
UPSILON Manufacturing LP,First Lien,Manufacturing,9.75%,,SOFR,6.25%,2022-01-15,2027-01-15,11000000,10800000,11100000,4.0,10800000,,,GSBD,2017-11-02
PHI Solutions Inc.,First Lien,Software,10.0%,,SOFR,6.5%,2021-05-20,2026-05-20,21000000,20500000,21300000,7.6,20500000,,,GSBD,2017-11-02
CHI Technologies LLC,First Lien,Software,9.25%,,SOFR,5.75%,2022-02-25,2027-02-25,17000000,16700000,17200000,6.1,16700000,,,GSBD,2017-11-02
OMEGA Services Corp.,Second Lien,Healthcare Services,11.5%,,SOFR,8.0%,2023-01-10,2028-01-10,5500000,5300000,5600000,2.0,5300000,,,GSBD,2017-11-02
ALPHA Industries Inc.,Second Lien,Manufacturing,10.5%,,SOFR,7.0%,2022-07-15,2027-07-15,4500000,4350000,4600000,1.6,4350000,,,GSBD,2017-11-02
BETA Software LLC,Second Lien,Software,11.75%,,SOFR,8.25%,2021-11-01,2026-11-01,8000000,7700000,8100000,2.9,7700000,,,GSBD,2017-11-02
GAMMA Holdings LP,First Lien,Consumer Products,8.75%,,SOFR,5.25%,2023-03-20,2028-03-20,14000000,13700000,14200000,5.1,13700000,,,GSBD,2017-11-02
DELTA Enterprises Corp.,Second Lien,Software,10.25%,,SOFR,6.75%,2022-09-01,2027-09-01,6500000,6300000,6600000,2.4,6300000,,,GSBD,2017-11-02
EPSILON Healthcare LLC,First Lien,Healthcare Services,9.0%,,SOFR,5.5%,2021-08-10,2026-08-10,17000000,16700000,17300000,6.2,16700000,,,GSBD,2017-11-02
ZETA Manufacturing Inc.,Second Lien,Manufacturing,11.25%,,SOFR,7.75%,2023-02-01,2028-02-01,3000000,2850000,3100000,1.1,2850000,,,GSBD,2017-11-02
THETA Solutions LP,First Lien,Software,9.5%,,SOFR,6.0%,2022-04-05,2027-04-05,23000000,22500000,23400000,8.3,22500000,,,GSBD,2017-11-02
IOTA Services LLC,Second Lien,Consumer Products,10.75%,,SOFR,7.25%,2023-05-15,2028-05-15,7500000,7300000,7600000,2.7,7300000,,,GSBD,2017-11-02
KAPPA Holdings Corp.,First Lien,Software,9.0%,,SOFR,5.5%,2021-12-01,2026-12-01,18000000,17700000,18300000,6.6,17700000,,,GSBD,2017-11-02
LAMBDA Manufacturing LP,Second Lien,Manufacturing,11.0%,,SOFR,7.5%,2022-10-20,2027-10-20,4000000,3800000,4100000,1.5,3800000,,,GSBD,2017-11-02
MU Healthcare Inc.,First Lien,Healthcare Services,8.5%,,SOFR,5.0%,2023-01-25,2028-01-25,19000000,18700000,19300000,6.9,18700000,,,GSBD,2017-11-02
NU Software LLC,Second Lien,Software,11.5%,,SOFR,8.0%,2022-06-10,2027-06-10,7000000,6700000,7100000,2.5,6700000,,,GSBD,2017-11-02
XI Consumer Goods Corp.,First Lien,Consumer Products,9.25%,,SOFR,5.75%,2021-09-15,2026-09-15,13000000,12800000,13100000,4.7,12800000,,,GSBD,2017-11-02
OMICRON Technologies LLC,Second Lien,Software,10.5%,,SOFR,7.0%,2023-04-01,2028-04-01,5000000,4800000,5100000,1.8,4800000,,,GSBD,2017-11-02
PI Manufacturing Inc.,First Lien,Manufacturing,9.0%,,SOFR,5.5%,2022-03-10,2027-03-10,12000000,11800000,12100000,4.3,11800000,,,GSBD,2017-11-02
RHO Healthcare LLC,Second Lien,Healthcare Services,11.75%,,SOFR,8.25%,2023-06-01,2028-06-01,4500000,4300000,4600000,1.6,4300000,,,GSBD,2017-11-02
SIGMA Group LLC,Common Equity,Consumer Products,,,,,,2022-03-01,,,,1000000,1000000,0.4,1000000,GSBD,2017-11-02
TAU Holdings Corp.,Common Equity,Healthcare Services,,,,,,2021-05-20,,,,2000000,2000000,0.7,2000000,GSBD,2017-11-02
UPSILON Manufacturing LP,Common Equity,Manufacturing,,,,,,2022-01-10,,,,1500000,1500000,0.5,1500000,GSBD,2017-11-02
PHI Solutions Inc.,Common Equity,Software,,,,n/,,,,,,,,,,GSBD,2017-11-02
PHI Solutions Inc.,Common Equity,Software,,,,,,,,,,,,,,GSBD,2017-11-02
Aperture Health LLC,First Lien,Healthcare Services,10.5%,,SOFR,6.75%,2023-02-10,2028-02-10,15000000,14800000,15100000,5.2,14800000,,,GSBD,2017-11-02
Apex Technology Group Inc.,Second Lien,Software,12.0%,,SOFR,8.0%,2023-07-20,2029-07-20,10000000,9900000,10200000,3.5,9900000,,,GSBD,2017-11-02
Banyan Tree Holdings LLC,Common Equity,Consumer Products,,,,,,2022-08-15,,,,500000,500000,0.2,500000,GSBD,2017-11-02
Canyon Creek Manufacturing Corp.,First Lien,Manufacturing,9.75%,,SOFR,5.75%,2023-04-01,2028-04-01,20000000,19800000,20100000,6.9,19800000,,,GSBD,2017-11-02
Delta Energy Partners LP,Common Equity,Energy & Utilities,,,,,,2021-11-01,,,,3000000,3000000,1.0,3000000,GSBD,2017-11-02
Echo Systems Inc.,Second Lien,Software,11.0%,,SOFR,7.0%,2023-09-05,2029-09-05,8000000,7900000,8100000,2.8,7900000,,,GSBD,2017-11-02
Fidelity Pharmaceuticals LLC,First Lien,Healthcare Services,10.0%,,SOFR,6.0%,2023-05-18,2028-05-18,12000000,11900000,12050000,4.1,11900000,,,GSBD,2017-11-02
Gateway Logistics Corp.,Common Equity,Industrial Services,,,,,,2022-07-01,,,,1000000,1000000,0.3,1000000,GSBD,2017-11-02
Horizon Software Solutions Inc.,First Lien,Software,11.5%,,SOFR,7.5%,2023-03-22,2028-03-22,7000000,6950000,7100000,2.4,6950000,,,GSBD,2017-11-02
Ironclad Industries LLC,Second Lien,Manufacturing,12.5%,,SOFR,8.5%,2023-08-10,2029-08-10,6000000,5900000,6100000,2.1,5900000,,,GSBD,2017-11-02
Juno Medical Group Inc.,Common Equity,Healthcare Services,,,,,,2022-04-20,,,,2500000,2500000,0.9,2500000,GSBD,2017-11-02
Keystone Capital Partners LP,Common Equity,Financial Services,,,,,,2021-12-15,,,,4000000,4000000,1.4,4000000,GSBD,2017-11-02
Liberty Retail Holdings LLC,First Lien,Consumer Products,9.0%,,SOFR,5.0%,2023-06-01,2028-06-01,9000000,8900000,9100000,3.1,8900000,,,GSBD,2017-11-02
Meridian Communications Corp.,Second Lien,Software,10.75%,,SOFR,6.75%,2023-07-01,2029-07-01,5000000,4950000,5050000,1.7,4950000,,,GSBD,2017-11-02
North Star Energy LLC,Common Equity,Energy & Utilities,,,,,,2022-09-01,,,,1500000,1500000,0.5,1500000,GSBD,2017-11-02
Oceanview Hospitality Group Inc.,First Lien,Business Services,10.25%,,SOFR,6.25%,2023-04-15,2028-04-15,11000000,10900000,11100000,3.8,10900000,,,GSBD,2017-11-02
Pinnacle Automotive LLC,Second Lien,Automotive,11.25%,,SOFR,7.25%,2023-08-20,2029-08-20,7500000,7400000,7600000,2.6,7400000,,,GSBD,2017-11-02
Quantum Computing Corp.,Common Equity,Software,,,,,,2021-10-01,,,,6000000,6000000,2.1,6000000,GSBD,2017-11-02
Riverbend Healthcare LLC,First Lien,Healthcare Services,9.5%,,SOFR,5.5%,2023-05-01,2028-05-01,13000000,12900000,13100000,4.5,12900000,,,GSBD,2017-11-02
Summit Industrial Solutions Inc.,Second Lien,Manufacturing,12.75%,,SOFR,8.75%,2023-09-10,2029-09-10,9500000,9400000,9600000,3.3,9400000,,,GSBD,2017-11-02
Terra Firma Real Estate LP,Common Equity,Real Estate,,,,,,2022-05-10,,,,3500000,3500000,1.2,3500000,GSBD,2017-11-02
Unity Software Inc.,First Lien,Software,10.0%,,SOFR,6.0%,2023-02-20,2028-02-20,8500000,8450000,8600000,2.9,8450000,,,GSBD,2017-11-02
Vanguard Aerospace LLC,Second Lien,Aerospace & Defense,11.75%,,SOFR,7.75%,2023-07-15,2029-07-15,6500000,6400000,6600000,2.3,6400000,,,GSBD,2017-11-02
Westwood Entertainment Group Inc.,Common Equity,Media & Entertainment,,,,,,2022-01-05,,,,1200000,1200000,0.4,1200000,GSBD,2017-11-02
Xenon Pharmaceuticals LLC,First Lien,Healthcare Services,10.5%,,SOFR,6.5%,2023-06-10,2028-06-10,14000000,13900000,14100000,4.8,13900000,,,GSBD,2017-11-02
Zenith Logistics Corp.,Second Lien,Industrial Services,12.0%,,SOFR,8.0%,2023-08-01,2029-08-01,5500000,5400000,5600000,1.9,5400000,,,GSBD,2017-11-02
A.M. Castle LLC,First Lien,Industrial Services,9.5%,,SOFR,5.5%,2021-04-01,2026-04-01,15000000,14800000,15100000,4.5,14800000,,,GSBD,2017-11-02
ABRA Auto Body & Glass LLC,First Lien,Automotive,9.0%,,SOFR,5.0%,2022-03-10,2027-03-10,10000000,9900000,10100000,3.4,9900000,,,GSBD,2017-11-02
Access Physical Therapy LLC,First Lien,Healthcare Services,10.0%,,SOFR,6.0%,2023-01-20,2028-01-20,7500000,7450000,7600000,2.6,7450000,,,GSBD,2017-11-02
Acosta Inc.,Second Lien,Business Services,11.5%,,SOFR,7.5%,2022-07-01,2028-07-01,20000000,19800000,20200000,6.8,19800000,,,GSBD,2017-11-02
Advantage Solutions Inc.,First Lien,Business Services,8.75%,,SOFR,4.75%,2023-05-15,2028-05-15,12000000,11900000,12100000,4.1,11900000,,,GSBD,2017-11-02
Aleris International Inc.,First Lien,Industrial Services,9.25%,,SOFR,5.25%,2021-09-01,2026-09-01,18000000,17800000,18200000,6.1,17800000,,,GSBD,2017-11-02
Alliant Insurance Services Inc.,First Lien,Financial Services,9.75%,,SOFR,5.75%,2023-02-28,2028-02-28,25000000,24800000,25200000,8.5,24800000,,,GSBD,2017-11-02
Altice USA Inc.,First Lien,Telecommunications,8.5%,,SOFR,4.5%,2022-01-10,2027-01-10,30000000,29700000,30300000,10.2,29700000,,,GSBD,2017-11-02
Amcor plc,First Lien,Packaging,8.0%,,SOFR,4.0%,2020-11-01,2025-11-01,5000000,4950000,5050000,1.7,4950000,,,GSBD,2017-11-02
American Airlines Group Inc.,First Lien,Airlines,7.5%,,SOFR,3.5%,2021-06-15,2026-06-15,10000000,9900000,10100000,3.4,9900000,,,GSBD,2017-11-02
American Axle & Manufacturing Holdings Inc.,First Lien,Automotive,9.0%,,SOFR,5.0%,2022-04-05,2027-04-05,15000000,14850000,15150000,5.1,14850000,,,GSBD,2017-11-02
American International Group Inc.,First Lien,Insurance,7.0%,,SOFR,3.0%,2020-08-20,2025-08-20,20000000,19800000,20200000,6.8,19800000,,,GSBD,2017-11-02
Amgen Inc.,First Lien,Pharmaceuticals & Biotechnology,6.5%,,SOFR,2.5%,2019-12-01,2024-12-01,25000000,24750000,25250000,8.5,24750000,,,GSBD,2017-11-02
Anaplan Inc.,First Lien,Software,10.5%,,SOFR,6.5%,2023-03-25,2028-03-25,13000000,12900000,13100000,4.4,12900000,,,GSBD,2017-11-02
Anthem Inc.,First Lien,Healthcare Services,7.0%,,SOFR,3.0%,2021-02-10,2026-02-10,18000000,17820000,18180000,6.1,17820000,,,GSBD,2017-11-02
Aon plc,First Lien,Insurance,7.25%,,SOFR,3.25%,2020-09-15,2025-09-15,22000000,21780000,22220000,7.5,21780000,,,GSBD,2017-11-02
Applied Materials Inc.,First Lien,Technology Hardware,7.75%,,SOFR,3.75%,2022-05-01,2027-05-01,16000000,15840000,16160000,5.4,15840000,,,GSBD,2017-11-02
Arconic Corp.,First Lien,Manufacturing,9.0%,,SOFR,5.0%,2021-07-01,2026-07-01,14000000,13860000,14140000,4.8,13860000,,,GSBD,2017-11-02
Arrow Electronics Inc.,First Lien,Software,8.5%,,SOFR,4.5%,2022-08-15,2027-08-15,11000000,10890000,11110000,3.7,10890000,,,GSBD,2017-11-02
Assurant Inc.,First Lien,Insurance,8.0%,,SOFR,4.0%,2020-10-01,2025-10-01,19000000,18810000,19190000,6.5,18810000,,,GSBD,2017-11-02
AT&T Inc.,First Lien,Telecommunications,6.0%,,SOFR,2.0%,2019-05-01,2024-05-01,35000000,34650000,35350000,11.9,34650000,,,GSBD,2017-11-02
Autoliv Inc.,First Lien,Automotive,8.75%,,SOFR,4.75%,2022-06-20,2027-06-20,13000000,12870000,13130000,4.4,12870000,,,GSBD,2017-11-02
AvalonBay Communities Inc.,First Lien,Real Estate,7.0%,,SOFR,3.0%,2021-03-01,2026-03-01,22000000,21780000,22220000,7.5,21780000,,,GSBD,2017-11-02
Axalta Coating Systems Ltd.,First Lien,Chemicals,9.5%,,SOFR,5.5%,2023-04-10,2028-04-10,16000000,15840000,16160000,5.4,15840000,,,GSBD,2017-11-02
B. Braun Medical Inc.,First Lien,Healthcare Services,8.5%,,SOFR,4.5%,2022-09-01,2027-09-01,10000000,9900000,10100000,3.4,9900000,,,GSBD,2017-11-02
Ball Corp.,First Lien,Packaging,7.5%,,SOFR,3.5%,2020-07-15,2025-07-15,28000000,27720000,28280000,9.5,27720000,,,GSBD,2017-11-02
Bank of America Corp.,First Lien,Financial Services,5.5%,,SOFR,1.5%,2019-01-01,2024-01-01,40000000,39600000,40400000,13.6,39600000,,,GSBD,2017-11-02
Baxter International Inc.,First Lien,Healthcare Services,7.0%,,SOFR,3.0%,2021-04-20,2026-04-20,17000000,16830000,17170000,5.8,16830000,,,GSBD,2017-11-02
Becton Dickinson and Company,First Lien,Healthcare Services,6.75%,,SOFR,2.75%,2020-06-01,2025-06-01,23000000,22770000,23230000,7.8,22770000,,,GSBD,2017-11-02
Berkshire Hathaway Inc.,First Lien,Diversified,5.0%,,SOFR,1.0%,2018-01-01,2023-01-01,50000000,49500000,50500000,17.1,49500000,,,GSBD,2017-11-02
Best Buy Co Inc.,First Lien,Retail,8.0%,,SOFR,4.0%,2022-02-15,2027-02-15,12000000,11880000,12120000,4.1,11880000,,,GSBD,2017-11-02
Biogen Inc.,First Lien,Pharmaceuticals & Biotechnology,9.0%,,SOFR,5.0%,2023-06-01,2028-06-01,15000000,14850000,15150000,5.1,14850000,,,GSBD,2017-11-02
Black Knight Inc.,First Lien,Software,10.0%,,SOFR,6.0%,2022-10-10,2027-10-10,9000000,8910000,9090000,3.1,8910000,,,GSBD,2017-11-02
Blackstone Inc.,First Lien,Financial Services,6.0%,,SOFR,2.0%,2019-03-01,2024-03-01,30000000,29700000,30300000,10.2,29700000,,,GSBD,2017-11-02
Boeing Co,First Lien,Aerospace & Defense,7.0%,,SOFR,3.0%,2021-08-01,2026-08-01,25000000,24750000,25250000,8.5,24750000,,,GSBD,2017-11-02
Booking Holdings Inc.,First Lien,Hotels & Leisure,8.5%,,SOFR,4.5%,2023-07-01,2028-07-01,18000000,17820000,18180000,6.1,17820000,,,GSBD,2017-11-02
BorgWarner Inc.,First Lien,Automotive,9.0%,,SOFR,5.0%,2022-04-15,2027-04-15,14000000,13860000,14140000,4.8,13860000,,,GSBD,2017-11-02
Boston Scientific Corp.,First Lien,Healthcare Services,7.75%,,SOFR,3.75%,2021-05-10,2026-05-10,20000000,19800000,20200000,6.8,19800000,,,GSBD,2017-11-02
Broadridge Financial Solutions Inc.,First Lien,Financial Services,9.25%,,SOFR,5.25%,2023-08-01,2028-08-01,11000000,10890000,11110000,3.7,10890000,,,GSBD,2017-11-02
Brown-Forman Corp.,First Lien,Food & Beverage,6.5%,,SOFR,2.5%,2020-03-01,2025-03-01,15000000,14850000,15150000,5.1,14850000,,,GSBD,2017-11-02
C.H. Robinson Worldwide Inc.,First Lien,Transportation & Logistics,8.5%,,SOFR,4.5%,2022-09-15,2027-09-15,10000000,9900000,10100000,3.4,9900000,,,GSBD,2017-11-02
Cadence Design Systems Inc.,First Lien,Software,10.0%,,SOFR,6.0%,2023-01-05,2028-01-05,13000000,12870000,13130000,4.4,12870000,,,GSBD,2017-11-02
Campbell Soup Co,First Lien,Food & Beverage,7.0%,,SOFR,3.0%,2021-07-20,2026-07-20,16000000,15840000,16160000,5.4,15840000,,,GSBD,2017-11-02
Capital One Financial Corp.,First Lien,Financial Services,5.75%,,SOFR,1.75%,2019-02-01,2024-02-01,35000000,34650000,35350000,11.9,34650000,,,GSBD,2017-11-02
Cardinal Health Inc.,First Lien,Healthcare Services,7.25%,,SOFR,3.25%,2020-08-10,2025-08-10,20000000,19800000,20200000,6.8,19800000,,,GSBD,2017-11-02
Carvana Co,First Lien,Automotive,11.5%,,SOFR,7.5%,2023-03-20,2028-03-20,25000000,24750000,25250000,8.5,24750000,,,GSBD,2017-11-02
CDW Corp.,First Lien,Software,9.0%,,SOFR,5.0%,2022-11-01,2027-11-01,18000000,17820000,18180000,6.1,17820000,,,GSBD,2017-11-02
Centene Corp.,First Lien,Healthcare Services,6.5%,,SOFR,2.5%,2021-05-15,2026-05-15,22000000,21780000,22220000,7.5,21780000,,,GSBD,2017-11-02
Centurylink Inc.,First Lien,Telecommunications,8.0%,,SOFR,4.0%,2020-01-20,2025-01-20,30000000,29700000,30300000,10.2,29700000,,,GSBD,2017-11-02
Ceridian HCM Holding Inc.,First Lien,Software,9.5%,,SOFR,5.5%,2023-07-10,2028-07-10,15000000,14850000,15150000,5.1,14850000,,,GSBD,2017-11-02
ChampionX Corp.,First Lien,Energy & Utilities,10.5%,,SOFR,6.5%,2022-04-01,2027-04-01,12000000,11880000,12120000,4.1,11880000,,,GSBD,2017-11-02
Charter Communications Inc.,First Lien,Telecommunications,7.5%,,SOFR,3.5%,2019-09-01,2024-09-01,40000000,39600000,40400000,13.7,39600000,,,GSBD,2017-11-02
Chipotle Mexican Grill Inc.,First Lien,Food & Beverage,6.0%,,SOFR,2.0%,2021-02-25,2026-02-25,17000000,16830000,17170000,5.8,16830000,,,GSBD,2017-11-02
Cigna Corp.,First Lien,Healthcare Services,7.75%,,SOFR,3.75%,2020-11-11,2025-11-11,28000000,27720000,28280000,9.5,27720000,,,GSBD,2017-11-02
Cisco Systems Inc.,First Lien,Software,5.5%,,SOFR,1.5%,2018-07-01,2023-07-01,50000000,49500000,50500000,17.1,49500000,,,GSBD,2017-11-02
Citigroup Inc.,First Lien,Financial Services,4.0%,,SOFR,0.0%,2017-01-01,2022-01-01,60000000,59400000,60600000,20.5,59400000,,,GSBD,2017-11-02
Clean Harbors Inc.,First Lien,Environmental Services,10.0%,,SOFR,6.0%,2023-05-01,2028-05-01,14000000,13860000,14140000,4.8,13860000,,,GSBD,2017-11-02
CME Group Inc.,First Lien,Financial Services,6.25%,,SOFR,2.25%,2019-04-10,2024-04-10,20000000,19800000,20200000,6.9,19800000,,,GSBD,2017-11-02
Cognizant Technology Solutions Corp.,First Lien,Software,8.0%,,SOFR,4.0%,2022-08-15,2027-08-15,19000000,18810000,19190000,6.5,18810000,,,GSBD,2017-11-02
Colgate-Palmolive Co,First Lien,Other,5.75%,,SOFR,1.75%,2020-03-01,2025-03-01,23000000,22770000,23230000,7.9,22770000,,,GSBD,2017-11-02
Comcast Corp.,First Lien,Telecommunications,7.0%,,SOFR,3.0%,2018-10-01,2023-10-01,45000000,44550000,45450000,15.3,44550000,,,GSBD,2017-11-02
Community Health Systems Inc.,First Lien,Healthcare Services,12.0%,,SOFR,8.0%,2023-09-01,2028-09-01,11000000,10890000,11110000,3.8,10890000,,,GSBD,2017-11-02
Conagra Brands Inc.,First Lien,Food & Beverage,7.5%,,SOFR,3.5%,2021-06-01,2026-06-01,16000000,15840000,16160000,5.5,15840000,,,GSBD,2017-11-02
Constellation Brands Inc.,First Lien,Food & Beverage,6.75%,,SOFR,2.75%,2019-11-20,2024-11-20,21000000,20790000,21210000,7.2,20790000,,,GSBD,2017-11-02
Copart Inc.,First Lien,Automotive,9.0%,,SOFR,5.0%,2022-07-15,2027-07-15,13000000,12870000,13130000,4.4,12870000,,,GSBD,2017-11-02
Corning Inc.,First Lien,Other,6.0%,,SOFR,2.0%,2020-02-01,2025-02-01,24000000,23760000,24240000,8.2,23760000,,,GSBD,2017-11-02
Costco Wholesale Corp.,First Lien,Retail,5.0%,,SOFR,1.0%,2018-03-01,2023-03-01,30000000,29700000,30300000,10.3,29700000,,,GSBD,2017-11-02
Coterra Energy Inc.,First Lien,Energy & Utilities,11.0%,,SOFR,7.0%,2023-01-10,2028-01-10,10000000,9900000,10100000,3.4,9900000,,,GSBD,2017-11-02
Crown Castle Inc.,First Lien,Real Estate,7.25%,,SOFR,3.25%,2021-09-01,2026-09-01,26000000,25740000,26260000,8.9,25740000,,,GSBD,2017-11-02
CSX Corp.,First Lien,Industrial Services,6.5%,,SOFR,2.5%,2019-06-15,2024-06-15,22000000,21780000,22220000,7.5,21780000,,,GSBD,2017-11-02
CVS Health Corp.,First Lien,Healthcare Services,8.5%,,SOFR,4.5%,2022-01-01,2027-01-01,32000000,31680000,32320000,10.9,31680000,,,GSBD,2017-11-02
D.R. Horton Inc.,First Lien,Construction & Engineering,7.0%,,SOFR,3.0%,2020-07-01,2025-07-01,19000000,18810000,19190000,6.5,18810000,,,GSBD,2017-11-02
Danaher Corp.,First Lien,Industrial Services,5.75%,,SOFR,1.75%,2018-01-01,2023-01-01,25000000,24750000,25250000,8.6,24750000,,,GSBD,2017-11-02
Darden Restaurants Inc.,First Lien,Food & Beverage,6.25%,,SOFR,2.25%,2021-04-01,2026-04-01,18000000,17820000,18180000,6.2,17820000,,,GSBD,2017-11-02
DaVita Inc.,First Lien,Healthcare Services,10.5%,,SOFR,6.5%,2023-02-01,2028-02-01,12000000,11880000,12120000,4.1,11880000,,,GSBD,2017-11-02
Dell Technologies Inc.,First Lien,Software,9.0%,,SOFR,5.0%,2022-05-01,2027-05-01,20000000,19800000,20200000,6.9,19800000,,,GSBD,2017-11-02
Delta Air Lines Inc.,First Lien,Airlines,8.0%,,SOFR,4.0%,2020-09-01,2025-09-01,27000000,26730000,27270000,9.3,26730000,,,GSBD,2017-11-02
Devon Energy Corp.,First Lien,Energy & Utilities,10.0%,,SOFR,6.0%,2023-04-01,2028-04-01,15000000,14850000,15150000,5.1,14850000,,,GSBD,2017-11-02
Dexcom Inc.,First Lien,Healthcare Services,7.5%,,SOFR,3.5%,2021-07-01,2026-07-01,17000000,16830000,17170000,5.8,16830000,,,GSBD,2017-11-02
Diamondback Energy Inc.,First Lien,Energy & Utilities,11.5%,,SOFR,7.5%,2023-06-01,2028-06-01,13000000,12870000,13130000,4.4,12870000,,,GSBD,2017-11-02
Discover Financial Services,First Lien,Financial Services,5.5%,,SOFR,1.5%,2019-01-01,2024-01-01,25000000,24750000,25250000,8.6,24750000,,,GSBD,2017-11-02
Dish Network Corp.,First Lien,Telecommunications,12.5%,,SOFR,8.5%,2023-08-01,2028-08-01,10000000,9900000,10100000,3.4,9900000,,,GSBD,2017-11-02
Dollar General Corp.,First Lien,Retail,6.0%,,SOFR,2.0%,2020-05-01,2025-05-01,20000000,19800000,20200000,6.9,19800000,,,GSBD,2017-11-02
Dollar Tree Inc.,First Lien,Retail,7.0%,,SOFR,3.0%,2021-03-01,2026-03-01,16000000,15840000,16160000,5.5,15840000,,,GSBD,2017-11-02
Domino's Pizza Inc.,First Lien,Food & Beverage,6.5%,,SOFR,2.5%,2019-08-01,2024-08-01,14000000,1386,,,,,,GSBD,2017-11-02
Change in unrealized appreciation,,Other,,,N/A,,,,,6410000,,,,,,GSBD,2017-11-02
Change in unrealized depreciation,,Other,,,N/A,,,,,-4890000,,,,,,GSBD,2017-11-02
Net change in unrealized appreciation (depreciation) on investments,,Other,,,N/A,,,,,1520000,,,,,,GSBD,2017-11-02
ACME Holdings Inc.,First Lien,Manufacturing,8.5%,,LIBOR,4.75%,2016-03-01,2023-03-01,10000000,9800000,9900000,1.5,9800000,,,GSBD,2017-11-02
Beta Solutions LLC,Second Lien,Software,10.25%,,LIBOR,6.25%,2017-01-10,2025-01-10,5000000,4800000,4900000,1.2,4800000,,,GSBD,2017-11-02
Gamma Enterprises Corp.,First Lien,Healthcare Services,9.0%,,SOFR,5.5%,2015-07-20,2024-07-20,7500000,7300000,7400000,1.1,7300000,,,GSBD,2017-11-02
Delta Industries Ltd.,Subordinated Debt,Industrial Services,12.0%,3.0%,N/A,,2016-09-15,2026-09-15,3000000,2900000,2950000,0.8,2900000,,,GSBD,2017-11-02
Epsilon Group Inc.,Common Equity,Software,,,,,,,1000000,1100000,0.5,1000000,,,,GSBD,2017-11-02
Zeta Services LP,First Lien,Business Services,8.75%,,SOFR,5.25%,2016-05-05,2023-05-05,6000000,5900000,5950000,1.3,5900000,,,GSBD,2017-11-02
Theta Innovations LLC,Preferred Equity,Software,,,,,,,2000000,2100000,0.7,2000000,,,,GSBD,2017-11-02
Iota Manufacturing Co,First Lien,Manufacturing,8.0%,,LIBOR,4.5%,2015-11-11,2022-11-11,4000000,3900000,3950000,0.9,3900000,,,GSBD,2017-11-02
Kappa Pharmaceuticals Inc.,First Lien,Healthcare Services,9.5%,,SOFR,5.75%,2017-03-03,2024-03-03,8000000,7800000,7900000,1.4,7800000,,,GSBD,2017-11-02
Lambda Systems Corp.,Second Lien,Software,11.0%,,LIBOR,6.0%,2016-08-01,2024-08-01,3500000,3300000,3400000,0.8,3300000,,,GSBD,2017-11-02
Mu Holdings LLC,Subordinated Debt,Consumer Products,12.5%,2.5%,N/A,,2017-05-18,2027-05-18,2500000,2400000,2450000,0.7,2400000,,,GSBD,2017-11-02
Nu Energy Partners LP,Common Equity,Energy & Utilities,,,,,,,1500000,1600000,0.6,1500000,,,,GSBD,2017-11-02
Xi Communications Inc.,First Lien,Telecommunications,8.25%,,SOFR,4.75%,2015-09-01,2022-09-01,5500000,5400000,5450000,1.0,5400000,,,GSBD,2017-11-02
Omicron Retail Group LLC,First Lien,Retail,9.75%,,LIBOR,5.75%,2017-06-01,2025-06-01,4500000,4300000,4400000,1.0,4300000,,,GSBD,2017-11-02
Pi Financial Services Corp.,Preferred Equity,Financial Services,,,,,,,1800000,1900000,0.6,1800000,,,,GSBD,2017-11-02
Rho Logistics Ltd.,First Lien,Transportation & Logistics,8.0%,,SOFR,4.5%,2015-06-15,2022-06-15,3000000,2900000,2950000,0.8,2900000,,,GSBD,2017-11-02
Crestwood Equity Partners LP,First Lien,Energy & Utilities,8.5%,,SOFR,4.75%,2017-01-15,2024-01-15,10000000,9800000,9900000,2.1,9800000,,,GSBD,2017-11-02
Apex Systems LLC,Second Lien,Software,10.5%,,LIBOR,6.5%,2016-03-01,2023-03-01,7500000,7300000,7400000,1.6,7300000,,,GSBD,2017-11-02
Veridian Dynamics Inc.,Common Equity,Manufacturing,,,,,,,500000,550000,0.1,500000,,,,GSBD,2017-11-02
Solara Medical Devices Corp.,First Lien,Healthcare Services,9.0%,,SOFR,5.25%,2015-11-20,2022-11-20,6000000,5900000,5950000,1.3,5900000,,,GSBD,2017-11-02
Quantum Computing Solutions Ltd.,Preferred Equity,Software,,,,,,,2500000,2600000,0.5,2500000,,,,GSBD,2017-11-02
Blackstone Real Estate Partners LP,First Lien,Real Estate,7.75%,,Prime,3.0%,2016-08-01,2026-08-01,15000000,14500000,14700000,3.0,14500000,,,GSBD,2017-11-02
Gryphon Networks Inc.,First Lien,Telecommunications,8.75%,,SOFR,5.0%,2017-04-01,2024-04-01,8000000,7800000,7900000,1.7,7800000,,,GSBD,2017-11-02
Terraform Labs LLC,Common Equity,Software,,,,,,,3000000,3200000,0.7,3000000,,,,GSBD,2017-11-02
Meridian Automotive Group Inc.,First Lien,Automotive,9.5%,,LIBOR,5.5%,2015-05-01,2023-05-01,5000000,4800000,4900000,1.0,4800000,,,GSBD,2017-11-02
Pinnacle Pharmaceuticals Corp.,First Lien,Healthcare Services,8.0%,,SOFR,4.5%,2017-07-01,2024-07-01,9000000,8800000,8900000,1.9,8800000,,,GSBD,2017-11-02
Zenith Energy Solutions LP,Second Lien,Energy & Utilities,11.0%,,SOFR,7.0%,2016-01-01,2023-01-01,6000000,5800000,5900000,1.3,5800000,,,GSBD,2017-11-02
Innovatech Software Inc.,Preferred Equity,Software,,,,,,,3500000,3600000,0.8,3500000,,,,GSBD,2017-11-02
Sterling Manufacturing LLC,First Lien,Manufacturing,9.25%,,Prime,4.5%,2015-09-15,2025-09-15,4000000,3900000,3950000,0.8,3900000,,,GSBD,2017-11-02
Horizon Retail Holdings Inc.,First Lien,Retail,8.5%,,SOFR,4.75%,2017-08-01,2024-08-01,7000000,6800000,6900000,1.5,6800000,,,GSBD,2017-11-02
Aegis Financial Group Corp.,Common Equity,Financial Services,,,,,,,1000000,1100000,0.2,1000000,,,,GSBD,2017-11-02
Orion Logistics Ltd.,First Lien,Transportation & Logistics,8.0%,,SOFR,4.5%,2015-07-01,2022-07-01,3500000,3400000,3450000,0.7,3400000,,,GSBD,2017-11-02
Nova Pharmaceuticals LLC,First Lien,Healthcare Services,9.75%,,LIBOR,5.75%,2017-09-01,2025-09-01,5500000,5300000,5400000,1.1,5300000,,,GSBD,2017-11-02
Titan Industries Inc.,First Lien,Manufacturing,8.25%,,SOFR,4.75%,2016-04-15,2023-04-15,6500000,6300000,6400000,1.4,6300000,,,GSBD,2017-11-02
Vanguard Software Solutions Corp.,Preferred Equity,Software,,,,,,,2000000,2100000,0.4,2000000,,,,GSBD,2017-11-02
Summit Energy Partners LP,Second Lien,Energy & Utilities,10.75%,,SOFR,6.75%,2016-02-01,2023-02-01,7000000,6800000,6900000,1.5,6800000,,,GSBD,2017-11-02
Equinox Retail Inc.,First Lien,Retail,9.0%,,Prime,4.25%,2015-11-01,2025-11-01,4500000,4400000,4450000,0.9,4400000,,,GSBD,2017-11-02
Phoenix Healthcare Group LLC,First Lien,Healthcare Services,8.75%,,SOFR,5.0%,2017-10-01,2024-10-01,8500000,8300000,8400000,1.8,8300000,,,GSBD,2017-11-02
Atlas Manufacturing Corp.,Common Equity,Manufacturing,,,,,,,750000,800000,0.2,750000,,,,GSBD,2017-11-02
Quantum Transportation Solutions Ltd.,First Lien,Transportation & Logistics,7.5%,,SOFR,4.0%,2015-08-15,2022-08-15,3000000,2900000,2950000,0.6,2900000,,,GSBD,2017-11-02
Cyberdyne Systems Inc.,Preferred Equity,Software,,,,,,,4000000,4100000,0.9,4000000,,,,GSBD,2017-11-02
Apex Energy Partners LP,First Lien,Energy & Utilities,9.5%,,LIBOR,5.5%,2016-06-01,2026-06-01,12000000,11500000,11700000,2.5,11500000,,,GSBD,2017-11-02
Stark Industries LLC,First Lien,Manufacturing,8.0%,,SOFR,4.5%,2017-11-01,2024-11-01,9500000,9300000,9400000,2.0,9300000,,,GSBD,2017-11-02
Visionary Software Corp.,Common Equity,Software,,,,,,,1500000,1600000,0.3,1500000,,,,GSBD,2017-11-02
Omni Retail Group Inc.,First Lien,Retail,9.25%,,Prime,4.5%,2015-10-01,2025-10-01,5000000,4900000,4950000,1.0,4900000,,,GSBD,2017-11-02
Genesis Healthcare Solutions LLC,First Lien,Healthcare Services,8.5%,,SOFR,4.75%,2017-05-15,2024-05-15,7500000,7300000,7400000,1.6,7300000,,,GSBD,2017-11-02
Cybernetic Technologies Ltd.,Second Lien,Software,11.25%,,SOFR,7.25%,2016-03-01,2023-03-01,6500000,6300000,6400000,1.4,6300000,,,GSBD,2017-11-02
Pioneer Financial Services Corp.,Preferred Equity,Financial Services,,,,,,,2200000,2300000,0.5,2200000,,,,GSBD,2017-11-02
Ironclad Logistics Inc.,First Lien,Transportation & Logistics,8.0%,,SOFR,4.5%,2015-06-15,2022-06-15,4000000,3900000,3950000,0.8,3900000,,,GSBD,2017-11-02
Quantum Pharmaceuticals LLC,First Lien,Healthcare Services,9.75%,,LIBOR,5.75%,2017-06-01,2025-06-01,6000000,5800000,5900000,1.3,5800000,,,GSBD,2017-11-02
Apex Manufacturing Corp.,First Lien,Manufacturing,8.25%,,SOFR,4.75%,2016-04-01,2023-04-01,7000000,6800000,6900000,1.5,6800000,,,GSBD,2017-11-02
Zenith Software Solutions Ltd.,Preferred Equity,Software,,,,,,,3000000,3100000,0.7,3000000,,,,GSBD,2017-11-02
Meridian Energy Partners LP,First Lien,Energy & Utilities,9.5%,,Prime,4.75%,2016-07-01,2026-07-01,10000000,9600000,9700000,2.1,9600000,,,GSBD,2017-11-02
Horizon Industries Inc.,First Lien,Manufacturing,8.5%,,SOFR,5.0%,2017-07-01,2024-07-01,8000000,7800000,7900000,1.7,7800000,,,GSBD,2017-11-02
Aegis Systems LLC,Common Equity,Software,,,,,,,1200000,1300000,0.3,1200000,,,,GSBD,2017-11-02
Orion Retail Group Corp.,First Lien,Retail,9.0%,,LIBOR,5.0%,2015-09-15,2025-09-15,4000000,3900000,3950000,0.8,3900000,,,GSBD,2017-11-02
Nova Logistics Ltd.,First Lien,Transportation & Logistics,7.75%,,SOFR,4.25%,2017-08-01,2024-08-01,6000000,5800000,5900000,1.3,5800000,,,GSBD,2017-11-02
Pinnacle Pharmaceuticals LLC,First Lien,Healthcare Services,9.25%,,Prime,4.5%,2015-11-01,2025-11-01,5500000,5300000,5400000,1.1,5300000,,,GSBD,2017-11-02
Zenith Industries Inc.,First Lien,Manufacturing,8.0%,,SOFR,4.5%,2017-09-01,2024-09-01,9000000,8800000,8900000,1.9,8800000,,,GSBD,2017-11-02
Vanguard Energy Partners LP,Second Lien,Energy & Utilities,10.5%,,SOFR,6.5%,2016-01-01,2023-01-01,7500000,7300000,7400000,1.6,7300000,,,GSBD,2017-11-02
Sterling Software Solutions Corp.,Preferred Equity,Software,,,,,,,3500000,3600000,0.8,3500000,,,,GSBD,2017-11-02
Crestwood Retail Group LLC,First Lien,Retail,9.5%,,LIBOR,5.5%,2016-02-01,2026-02-01,4500000,4300000,4400000,0.9,4300000,,,GSBD,2017-11-02
Apex Healthcare Solutions Inc.,First Lien,Healthcare Services,8.75%,,SOFR,5.0%,2017-05-01,2024-05-01,8500000,8300000,8400000,1.8,8300000,,,GSBD,2017-11-02
Gryphon Manufacturing Corp.,Common Equity,Manufacturing,,,,,,,800000,850000,0.2,800000,,,,GSBD,2017-11-02
Terraform Transportation Ltd.,First Lien,Transportation & Logistics,8.0%,,SOFR,4.5%,2015-07-01,,,,,,,,,GSBD,2017-11-02
Apex Healthcare Solutions Inc.,First Lien,Other,,,,,,,,,,,,,,GSBD,2017-11-02
Douglas Holdings Inc.,First Lien,Manufacturing,8.5%,,SOFR,5.0%,2017-01-01,2027-01-01,10000000,9800000,9900000,2.1,9800000,,,GSBD,2017-11-02
Kar Wash Holdings LLC,Second Lien,Automotive,10.0%,,SOFR,6.0%,2018-03-15,2028-03-15,5000000,4800000,4900000,1.0,4800000,,,GSBD,2017-11-02
Innovate Software Solutions Inc.,Preferred Equity,Software,,,,,,,2000000,2100000,0.4,2000000,,,,GSBD,2017-11-02
Global Energy Partners LP,First Lien,Energy & Utilities,9.0%,,SOFR,5.25%,2016-11-01,2026-11-01,15000000,14500000,14700000,3.0,14500000,,,GSBD,2017-11-02
MediCare Providers Group LLC,First Lien,Healthcare Services,8.25%,,SOFR,4.75%,2017-09-10,2027-09-10,7000000,6800000,6900000,1.5,6800000,,,GSBD,2017-11-02
Tech Innovations Corp.,Common Equity,Software,,,,,,,1500000,1600000,0.3,1500000,,,,GSBD,2017-11-02
AgriBusiness Solutions Ltd.,First Lien,Agriculture,9.75%,,LIBOR,5.75%,2015-04-01,2025-04-01,3000000,2900000,2950000,0.6,2900000,,,GSBD,2017-11-02
Logistics Network Inc.,First Lien,Transportation & Logistics,8.5%,,SOFR,5.0%,2019-01-01,2029-01-01,6000000,5900000,5950000,1.3,5900000,,,GSBD,2017-11-02
Financial Services Group LLC,Preferred Equity,Financial Services,,,,,,,3000000,3100000,0.7,3000000,,,,GSBD,2017-11-02
BioPharma Research Inc.,First Lien,Pharmaceuticals & Biotechnology,8.0%,,SOFR,4.5%,2018-08-01,2028-08-01,9000000,8800000,8900000,1.9,8800000,,,GSBD,2017-11-02
Construction Materials Corp.,Common Equity,Industrial Services,,,,,,,1000000,1100000,0.2,1000000,,,,GSBD,2017-11-02
Retail Dynamics LLC,First Lien,Retail,10.5%,,SOFR,6.5%,2016-06-01,2026-06-01,4000000,3800000,3900000,0.8,3800000,,,GSBD,2017-11-02
Advanced Manufacturing Solutions Inc.,First Lien,Manufacturing,8.75%,,SOFR,5.0%,2019-11-01,2029-11-01,12000000,11800000,11900000,2.5,11800000,,,GSBD,2017-11-02
Cyber Security Experts LLC,Preferred Equity,Software,,,,,,,2500000,2600000,0.5,2500000,,,,GSBD,2017-11-02
Renewable Energy Corp.,First Lien,Energy & Utilities,8.0%,,SOFR,4.5%,2017-07-01,2027-07-01,8000000,7900000,7950000,1.7,7900000,,,GSBD,2017-11-02
Healthcare Innovations Group LLC,First Lien,Healthcare Services,9.0%,,SOFR,5.25%,2018-04-01,2028-04-01,5500000,5400000,5450000,1.2,5400000,,,GSBD,2017-11-02
Automotive Parts Inc.,Common Equity,Automotive,,,,,,,900000,950000,0.2,900000,,,,GSBD,2017-11-02
Global Logistics Solutions Ltd.,First Lien,Transportation & Logistics,9.25%,,LIBOR,5.5%,2015-10-01,2025-10-01,3500000,3400000,3450000,0.7,3400000,,,GSBD,2017-11-02
Software Development Corp.,First Lien,Software,8.5%,,SOFR,5.0%,2019-03-01,2029-03-01,7500000,7400000,7450000,1.6,7400000,,,GSBD,2017-11-02
Biotech Research LLC,Preferred Equity,Pharmaceuticals & Biotechnology,,,,,,,1800000,1900000,0.4,1800000,,,,GSBD,2017-11-02
Industrial Manufacturing Group Inc.,First Lien,Manufacturing,8.0%,,SOFR,4.5%,2017-12-01,2027-12-01,10000000,9800000,9900000,2.1,9800000,,,GSBD,2017-11-02
Consumer Goods Inc.,Common Equity,Other,,,,,,,1200000,1300000,0.3,1200000,,,,GSBD,2017-11-02
Retail Operations LLC,First Lien,Retail,10.0%,,SOFR,6.0%,2016-08-01,2026-08-01,4200000,4100000,4150000,0.9,4100000,,,GSBD,2017-11-02
Energy Exploration Corp.,First Lien,Energy & Utilities,8.25%,,SOFR,4.75%,2019-05-01,2029-05-01,9500000,9400000,9450000,2.0,9400000,,,GSBD,2017-11-02
Medical Devices Inc.,First Lien,Healthcare Services,9.0%,,SOFR,5.25%,2018-10-01,2028-10-01,6500000,6400000,6450000,1.4,6400000,,,GSBD,2017-11-02
Technology Solutions LLC,Preferred Equity,Software,,,,,,,2200000,2300000,0.5,2200000,,,,GSBD,2017-11-02
Aerospace Manufacturing Corp.,First Lien,Aerospace & Defense,8.0%,,SOFR,4.5%,2017-02-01,2027-02-01,11000000,10800000,10900000,2.3,10800000,,,GSBD,2017-11-02
Pharmaceuticals Inc.,Common Equity,Healthcare Services,,,,,,,1300000,1400000,0.3,1300000,,,,GSBD,2017-11-02
Logistics and Supply Chain Ltd.,First Lien,Transportation & Logistics,9.5%,,LIBOR,5.75%,2015-08-01,2025-08-01,3200000,3100000,3150000,0.7,3100000,,,GSBD,2017-11-02
Software Innovations LLC,First Lien,Software,8.5%,,SOFR,5.0%,2019-07-01,2029-07-01,7000000,6900000,6950000,1.5,6900000,,,GSBD,2017-11-02
Biotechnology Research Inc.,Preferred Equity,Pharmaceuticals & Biotechnology,,,,,,,1700000,1800000,0.4,1700000,,,,GSBD,2017-11-02
Advanced Materials Corp.,First Lien,Other,8.0%,,SOFR,4.5%,2018-01-01,2028-01-01,13000000,12800000,12900000,2.7,12800000,,,GSBD,2017-11-02
Consumer Products LLC,Common Equity,Consumer Products,,,,,,,1100000,1200000,0.2,1100000,,,,GSBD,2017-11-02
Retail Chain Inc.,First Lien,Retail,10.5%,,SOFR,6.5%,2016-10-01,2026-10-01,4300000,4200000,4250000,0.9,4200000,,,GSBD,2017-11-02
Energy Services Corp.,First Lien,Energy & Utilities,8.25%,,SOFR,4.75%,2019-09-01,2029-09-01,9000000,8900000,8950000,1.9,8900000,,,GSBD,2017-11-02
Medical Technology LLC,First Lien,Healthcare Services,9.0%,,SOFR,5.25%,2018-12-01,2028-12-01,6000000,5900000,5950000,1.3,5900000,,,GSBD,2017-11-02
Software Solutions Inc.,Preferred Equity,Software,,,,,,,2400000,2500000,0.5,2400000,,,,GSBD,2017-11-02
Aerospace Components Corp.,First Lien,Aerospace & Defense,8.0%,,SOFR,4.5%,2017-03-01,2027-03-01,10500000,10300000,10400000,2.2,10300000,,,GSBD,2017-11-02
Pharmaceutical Research LLC,Common Equity,Healthcare Services,,,,,,,1400000,1500000,0.3,1400000,,,,GSBD,2017-11-02
Logistics and Distribution Ltd.,First Lien,Transportation & Logistics,9.25%,,LIBOR,5.5%,2015-11-01,2025-11-01,3300000,3200000,3250000,0.7,3200000,,,GSBD,2017-11-02
Software Development LLC,First Lien,Software,8.5%,,SOFR,5.0%,2019-11-01,2029-11-01,7200000,7100000,7150000,1.5,7100000,,,GSBD,2017-11-02
Biotech Innovations Inc.,Preferred Equity,Pharmaceuticals & Biotechnology,,,,,,,1900000,2000000,0.4,1900000,,,,GSBD,2017-11-02
Advanced Polymers Corp.,First Lien,Other,8.0%,,SOFR,4.5%,2018-02-01,2028-02-01,12500000,12300000,12400000,2.6,12300000,,,GSBD,2017-11-02
Consumer Services LLC,Common Equity,Business Services,,,,,,,1000000,1100000,0.2,1000000,,,,GSBD,2017-11-02
Retail Solutions Inc.,First Lien,Retail,10.0%,,SOFR,6.0%,2016-12-01,2026-12-01,4100000,4000000,4050000,0.9,4000000,,,GSBD,2017-11-02
Energy Production Corp.,First Lien,Energy & Utilities,8.25%,,SOFR,4.75%,2019-10-01,2029-10-01,9200000,9100000,9150000,2.0,9100000,,,GSBD,2017-11-02
Medical Devices LLC,First Lien,Healthcare Services,9.0%,,SOFR,5.25%,2018-11-01,2028-11-01,6200000,6100000,6150000,1.3,6100000,,,GSBD,2017-11-02
Technology Innovations LLC,Preferred Equity,Software,,,,,,,2300,,,,,,,GSBD,2017-11-02
A.M. Castle & Co LLC,First Lien,Industrial Services,8.5%,,SOFR,5.0%,2017-02-01,2022-02-01,15000000,14800000,14900000,1.5,14800000,,,GSBD,2017-11-02
ACCM LLC,First Lien,Healthcare Services,8.5%,,SOFR,5.0%,2017-02-01,2022-02-01,15000000,14800000,14900000,1.5,14800000,,,GSBD,2017-11-02
ACCM LLC,Second Lien,Healthcare Services,11.0%,,SOFR,7.5%,2017-02-01,2023-02-01,5000000,4900000,4950000,0.5,4900000,,,GSBD,2017-11-02
ACCM LLC,Subordinated Debt,Healthcare Services,12.0%,,SOFR,8.5%,2017-02-01,2024-02-01,5000000,4800000,4850000,0.5,4800000,,,GSBD,2017-11-02
ACCM LLC,Common Equity,Healthcare Services,,,,,,,1000000,1100000,0.1,1000000,,,,GSBD,2017-11-02
ACCM LLC,Preferred Equity,Healthcare Services,,,,,,,2000000,2100000,0.2,2000000,,,,GSBD,2017-11-02
ACCM LLC,Other,Healthcare Services,,2.0%,N/A,,2017-02-01,2025-02-01,3000000,2900000,2950000,0.3,2900000,,,GSBD,2017-11-02
ACCM LLC,First Lien,Healthcare Services,8.5%,,SOFR,5.0%,2017-02-01,2022-02-01,15000000,14800000,14900000,1.5,14800000,,,GSBD,2017-11-02
ACCM LLC,First Lien,Healthcare Services,8.5%,,N/A,,,,,,,,,,,GSBD,2017-11-02
ACCM LLC,First Lien,Healthcare Services,8.5%,,SOFR,5.0%,,,,,,,,,,GSBD,2017-11-02
ACCM LLC,First Lien,Healthcare Services,8.5%,,SOFR,5.0%,2017-01-01,2022-01-01,5000000,4950000,5000000,2.5,4950000,,,GSBD,2017-11-02
ACCM LLC,First Lien,Healthcare Services,8.5%,,SOFR,5.0%,2017-01-01,2022-01-01,5000,4950,5000,2.5,,,,GSBD,2017-11-02
ACCM LLC,First Lien,Healthcare Services,8.5%,,SOFR,5.0%,,,,,,,,,,GSBD,2017-11-02
ACCM LLC,,Other,,,,,,,,,,,,,,GSBD,2017-11-02
ACCM LLC,First Lien,Healthcare Services,8.5%,,SOFR,5.0%,2017-01-01,,,,,,,,,GSBD,2017-11-02
ACCM LLC,Other,Other,,,,,,,,,,,,,,GSBD,2017-11-02
