company_name,investment_type,industry,cash_rate,pik_rate,reference_rate,spread,floor_rate,acquisition_date,maturity_date,principal_amount,amortized_cost,fair_value,percent_of_net_assets,cost,commitment_limit,undrawn_commitment,rate_cap,shares,data_quality_flags,ticker,filing_date
AEgis Technologies 1,First Lien,Aerospace & Defense,10.08%,,SOFR,4.75%,,,2025-10-31,14585,14541,14532,1.47%,14541,,,,,,NCDL,2024-08-07
AEgis Technologies 2,First Lien,Aerospace & Defense,10.08%,,SOFR,4.75%,,,2025-10-31,3030,3004,3019,0.31%,3004,,,,,,NCDL,2024-08-07
Arotech,First Lien,Aerospace & Defense,11.68%,,SOFR,6.25%,,,2026-10-22,15043,14418,15040,1.52%,14418,,,,,,NCDL,2024-08-07
Arotech,First Lien,Aerospace & Defense,11.69%,,SOFR,6.25%,,,2026-10-22,732,703,732,0.07%,703,,,,,,NCDL,2024-08-07
Loc Performance Products,First Lien,Aerospace & Defense,10.69%,,SOFR,5.25%,,,2026-12-22,6520,6474,6374,0.65%,6474,,,,,,NCDL,2024-08-07
Precision Aviation Group,First Lien,Aerospace & Defense,10.83%,,SOFR,5.5%,,,2029-12-21,14964,14683,14879,1.51%,14683,4162,,,,,NCDL,2024-08-07
Precision Aviation Group,First Lien,Aerospace & Defense,10.83%,,SOFR,5.75%,,,2029-12-21,4961,753,771,0.08%,753,,,,,,NCDL,2024-08-07
Turbine Engine Specialist Inc.,First Lien,Aerospace & Defense,14.94%,,SOFR,9.5%,,,2029-03-01,2543,2486,2536,0.26%,2486,,,,,,NCDL,2024-08-07
Valkyrie,First Lien,Aerospace & Defense,10.5%,1%,,,,,2027-11-17,2851,2812,2783,0.28%,2812,,,,,,NCDL,2024-08-07
Covercraft,First Lien,Automotive,10%,0.75%,,,,,2028-02-20,7506,7411,6791,0.69%,7411,0,,,,,NCDL,2024-08-07
High Bar Brands,First Lien,Automotive,9%,4%,,,,,2030-06-19,2088,2040,2059,0.21%,2040,596,,,,,NCDL,2024-08-07
High Bar Brands,First Lien,Automotive,9%,4%,,,,,2030-06-19,596,-7,-8,0%,-7,,,,,,NCDL,2024-08-07
JEGS Automotive,First Lien,Automotive,11.47%,,SOFR,6%,,,2027-12-22,3988,3963,2650,0.27%,3963,,,,,,NCDL,2024-08-07
OEP Glass Purchaser,First Lien,Automotive,10.48%,,SOFR,5%,,,2028-04-18,12563,12478,12563,1.27%,12478,,,,,,NCDL,2024-08-07
Randys Holdings Inc.,First Lien,Automotive,11.56%,,SOFR,6.25%,,,2028-11-01,11081,10906,10952,1.11%,10906,,,,,,NCDL,2024-08-07
Randys Holdings,Delayed Draw,Automotive,11.56%,,SOFR,6.25%,,,2028-11-01,3749,689,645,0.07%,689,,,,,,NCDL,2024-08-07
S&S Truck Parts 1,First Lien,Automotive,10.48%,,SOFR,4.75%,,,2029-03-01,6823,6773,6752,0.68%,6773,,,,,,NCDL,2024-08-07
S&S Truck Parts 2,First Lien,Automotive,10.48%,,SOFR,4.75%,,,2029-03-01,1153,1145,1141,0.12%,1145,,,,,,NCDL,2024-08-07
S&S Truck Parts (Delayed Draw) 1,First Lien,Automotive,10.5%,,SOFR,4.75%,,,2029-03-01,98,98,97,0.01%,98,,,,,type_hint_delayed_draw_from_name,NCDL,2024-08-07
S&S Truck Parts (Delayed Draw) 2,First Lien,Automotive,10.48%,,SOFR,4.75%,,,2029-03-01,1716,1716,1698,0.17%,1716,,,,,type_hint_delayed_draw_from_name,NCDL,2024-08-07
S&S Truck Parts,First Lien,Automotive,10.35%,,SOFR,5%,,,2029-03-01,20134,19935,19925,2.02%,19935,,,,,,NCDL,2024-08-07
Coding Solutions Acquisitions,First Lien,Insurance,10.84%,,SOFR,5.5%,,,2028-05-11,6399,6354,6353,0.64%,6354,,,,,,NCDL,2024-08-07
Coding Solutions Acquisitions,First Lien,Insurance,10.84%,,SOFR,5.5%,,,2028-05-11,1956,1956,1942,0.2%,1956,,,,,,NCDL,2024-08-07
Long Term Care Group,First Lien,Insurance,10.21%,2.38%,SOFR,4.62%,,,2027-09-08,7055,7020,6220,0.63%,7020,,,,,,NCDL,2024-08-07
Patriot Growth Insurance Service,First Lien,Insurance,10.48%,,SOFR,5%,,,2028-10-16,7136,7084,7040,0.71%,7084,,,,,type_hint_delayed_draw_from_name,NCDL,2024-08-07
Risk Strategies,First Lien,Insurance,10.98%,,SOFR,5.5%,,,2029-11-01,14794,14794,14617,1.48%,14794,,,,,,NCDL,2024-08-07
Vensure Employer Services,First Lien,Insurance,10.08%,,SOFR,4.75%,,,2027-03-26,14581,14561,14543,1.47%,14561,,,,,,NCDL,2024-08-07
World Insurance Associates,First Lien,Insurance,11.33%,,SOFR,6%,,,2028-04-03,14806,14796,14767,1.5%,14796,,,,,,NCDL,2024-08-07
Bakeovations Intermediate LLC,First Lien,Food & Beverage,11.08%,,SOFR,5.75%,,,2029-09-25,17196,16892,16977,1.72%,16892,,,,,,NCDL,2024-08-07
Bakeovations Intermediate LLC,First Lien,Food & Beverage,11.08%,,SOFR,5.75%,,,2029-09-25,2034,2016,2009,0.2%,2016,,,,,,NCDL,2024-08-07
Bardstown PPC Holdings LLC,First Lien,Food & Beverage,13.08%,,SOFR,7.75%,,,2027-08-28,9300,9171,9199,0.93%,9171,,,,,,NCDL,2024-08-07
Death Wish Coffee,First Lien,Food & Beverage,10.43%,,SOFR,5%,,,2027-09-28,9750,9696,9750,0.99%,9696,,,,,,NCDL,2024-08-07
Dessert Holdings 1,First Lien,Food & Beverage,12.71%,,SOFR,7.25%,,,2029-06-10,9000,8885,8123,0.82%,8885,,,,,,NCDL,2024-08-07
Dessert Holdings 2,First Lien,Food & Beverage,9.46%,,SOFR,4%,,,2028-06-09,5559,5415,5410,0.55%,5415,,,,,,NCDL,2024-08-07
Fresh Edge (Incremental) 1,First Lien,Food & Beverage,9.76%,5.13%,SOFR,4.5%,,,2029-04-03,790,773,773,0.08%,773,,,,,,NCDL,2024-08-07
Fresh Edge (Incremental) 2,First Lien,Food & Beverage,9.76%,5.13%,SOFR,4.5%,,,2029-04-03,934,913,915,0.09%,913,,,,,,NCDL,2024-08-07
Handgards LLC,First Lien,Food & Beverage,10.83%,,SOFR,5.5%,,,2031-04-10,30000,29707,29722,3.02%,29707,,,,,,NCDL,2024-08-07
KSLB Holdings LLC,First Lien,Food & Beverage,9.93%,,SOFR,4.5%,,,2025-07-30,2843,2833,2749,0.28%,2833,,,,,,NCDL,2024-08-07
Palmetto Acquisitionco Inc.,First Lien,Food & Beverage,11.08%,,SOFR,5.75%,,,2029-09-18,13248,13038,13037,1.32%,13038,,,,,,NCDL,2024-08-07
Palmetto Acquisitionco,Delayed Draw,Food & Beverage,11.08%,,SOFR,5.75%,,,2029-09-18,4834,1772,1711,0.17%,1772,,,,,,NCDL,2024-08-07
Rise Baking,First Lien,Food & Beverage,11.69%,,SOFR,6.25%,,,2027-08-13,14625,14500,14747,1.5%,14500,,,,,,NCDL,2024-08-07
Rise Baking,First Lien,Food & Beverage,10.94%,,SOFR,5.5%,,,2027-08-13,4432,4414,4381,0.44%,4414,,,,,,NCDL,2024-08-07
Rise Baking,First Lien,Food & Beverage,10.94%,,SOFR,5.5%,,,2027-08-13,10846,10793,10722,1.09%,10793,,,,,,NCDL,2024-08-07
Summit Hill Foods,First Lien,Food & Beverage,11.35%,,SOFR,6%,,,2029-11-29,9377,9248,9341,0.95%,9248,,,,,,NCDL,2024-08-07
Sunny Sky Products,First Lien,Food & Beverage,10.83%,,SOFR,5.5%,,,2028-12-23,7058,6994,6994,0.71%,6994,1773,,,,,NCDL,2024-08-07
Sunny Sky Products,First Lien,Food & Beverage,10.83%,,SOFR,5.5%,,,2028-12-23,1773,0,-16,0%,0,,,,,,NCDL,2024-08-07
Watermill Express,First Lien,Food & Beverage,11.22%,,SOFR,5.75%,,,2029-07-05,3178,3178,3170,0.32%,3178,,,,,type_hint_delayed_draw_from_name,NCDL,2024-08-07
Watermill Express,First Lien,Food & Beverage,11.23%,,SOFR,5.75%,,,2029-07-05,6343,6284,6327,0.64%,6284,,,,,,NCDL,2024-08-07
Watermill Express LLC,First Lien,Food & Beverage,11.23%,,SOFR,5.75%,,,2029-07-05,3238,3221,3230,0.33%,3221,,,,,,NCDL,2024-08-07
Watermill Express,Delayed Draw,Food & Beverage,11.23%,,SOFR,5.75%,,,,313,313,312,0.03%,313,,,,,,NCDL,2024-08-07
Crete Mechanical Group,First Lien,Industrials,10.08%,,SOFR,4.75%,,,2028-05-19,4798,4766,4818,0.49%,4766,,,,,,NCDL,2024-08-07
Crete Mechanical Group (Delayed Draw) 1,First Lien,Industrials,10.08%,,SOFR,4.75%,,,2028-05-19,2831,2797,2842,0.29%,2797,,,,,type_hint_delayed_draw_from_name,NCDL,2024-08-07
Crete Mechanical Group (Delayed Draw) 2,First Lien,Industrials,10.32%,,SOFR,4.75%,,,2028-05-19,7114,7114,7142,0.72%,7114,,,,,type_hint_delayed_draw_from_name,NCDL,2024-08-07
EFC Holdings LLC,First Lien,Industrials,11%,2.5%,,,,,2028-05-01,3207,3132,3204,0.32%,3132,,,,,,NCDL,2024-08-07
E-Technologies,First Lien,Industrials,10.84%,,SOFR,5.5%,,,2030-04-09,7313,7242,7246,0.73%,7242,,,,,,NCDL,2024-08-07
Firstcall Mechanical Group,First Lien,Industrials,10.09%,,SOFR,4.75%,,,2030-06-27,10000,9900,9900,1%,9900,20000,,,,,NCDL,2024-08-07
Firstcall Mechanical Group,First Lien,Industrials,10.09%,,SOFR,4.75%,,,2030-06-27,20000,-25,-199,-0.02%,-25,,,,,,NCDL,2024-08-07
Heartland Home Services,First Lien,Industrials,11.34%,,SOFR,6%,,,2026-12-15,6434,6401,6170,0.63%,6401,,,,,,NCDL,2024-08-07
Heartland Home Services (Delayed Draw) 1,First Lien,Industrials,11.34%,,SOFR,6%,,,2026-12-15,5579,5564,5350,0.54%,5564,,,,,type_hint_delayed_draw_from_name,NCDL,2024-08-07
Heartland Home Services (Delayed Draw) 2,First Lien,Industrials,11.43%,,SOFR,6%,,,2026-12-15,2558,2558,2453,0.25%,2558,,,,,type_hint_delayed_draw_from_name,NCDL,2024-08-07
Hyperion,First Lien,Industrials,10.11%,,SOFR,4.5%,,,2028-08-30,2641,2638,2579,0.26%,2638,,,,,,NCDL,2024-08-07
MSHC Inc.,First Lien,Industrials,9.59%,,SOFR,4%,,,2027-10-29,7959,7978,7969,0.81%,7978,,,,,,NCDL,2024-08-07
Ovation Holdings Inc.,First Lien,Industrials,11.73%,,SOFR,6.25%,,,2029-02-05,7995,7852,7987,0.81%,7852,,,,,,NCDL,2024-08-07
Ovation Holdings,Delayed Draw,Industrials,11.73%,,SOFR,6.25%,,,,1891,1529,1546,0.16%,1529,,,,,,NCDL,2024-08-07
PT Intermediate Holdings III LLC,First Lien,Industrials,8.58%,,SOFR,3.25%,,,2030-04-09,12035,11996,12014,1.22%,11996,1238,,,,,NCDL,2024-08-07
PT Intermediate Holdings III,Delayed Draw,Industrials,8.58%,,SOFR,3.25%,,,,1238,-1,-2,0%,-1,,,,,,NCDL,2024-08-07
Rhino Tool House 1,First Lien,Industrials,10.73%,,SOFR,5.25%,,,2029-04-04,8013,7875,8025,0.81%,7875,,,,,,NCDL,2024-08-07
Rhino Tool House 2,First Lien,Industrials,10.73%,,SOFR,5.25%,,,2029-04-04,748,741,749,0.08%,741,,,,,,NCDL,2024-08-07
Rhino Tool House,First Lien,Industrials,10.72%,,SOFR,5.25%,,,2029-04-04,1876,1834,1843,0.19%,1834,,,,,,NCDL,2024-08-07
Ascensus Specialties,First Lien,Chemicals & Materials,9.69%,,SOFR,4.35%,,,2028-06-30,9681,9554,8246,0.84%,9554,,,,,,NCDL,2024-08-07
Boulder Scientific Company LLC,First Lien,Chemicals & Materials,10.49%,,SOFR,5%,,,2025-12-28,2052,2061,1968,0.2%,2061,,,,,,NCDL,2024-08-07
Chroma Color Corp.,First Lien,Chemicals & Materials,11.33%,,SOFR,6%,,,2029-04-23,6282,6176,6234,0.63%,6176,,,,,,NCDL,2024-08-07
Chroma Color Corp.,First Lien,Chemicals & Materials,11.33%,,SOFR,6%,,,2029-04-21,1379,-11,-10,0%,-11,,,,,,NCDL,2024-08-07
Spartech,First Lien,Chemicals & Materials,10.06%,,SOFR,4.75%,,,2028-05-06,14693,14633,11433,1.16%,14633,,,,,,NCDL,2024-08-07
Allstar Holdings,First Lien,Industrials,10%,3%,,,,,2030-04-26,2146,2091,2089,0.21%,2091,7373,,,,,NCDL,2024-08-07
Allstar Holdings (Delayed Draw) 1,First Lien,Industrials,10%,3%,,,,,2030-04-26,4087,2850,2794,0.28%,2850,,,,,type_hint_delayed_draw_from_name,NCDL,2024-08-07
Allstar Holdings (Delayed Draw) 2,First Lien,Industrials,10%,3%,,,,,2030-04-26,6188,-82,-165,-0.02%,-82,,,,,type_hint_delayed_draw_from_name,NCDL,2024-08-07
Erie Construction,First Lien,Industrials,10.31%,,SOFR,4.75%,,,2027-07-30,9878,9820,9816,1%,9820,,,,,,NCDL,2024-08-07
Gannett Fleming,First Lien,Industrials,11.65%,,SOFR,6.25%,,,2028-12-20,9850,9692,9905,1%,9692,,,,,,NCDL,2024-08-07
ICE USA Infrastructure,First Lien,Industrials,11.08%,,SOFR,5.75%,,,2030-03-15,6605,6541,6541,0.66%,6541,,,,,,NCDL,2024-08-07
MEI Rigging & Crating,First Lien,Industrials,10.34%,,SOFR,5%,,,2029-06-29,11374,11173,11376,1.16%,11173,,,,,,NCDL,2024-08-07
MEI Rigging & Crating,First Lien,Industrials,10.34%,,SOFR,5%,,,2029-06-30,1814,-8,0,0%,-8,,,,,,NCDL,2024-08-07
RMA Companies (Delayed Draw) 1,First Lien,Industrials,11.19%,,SOFR,5.75%,,,2027-12-30,4605,4597,4578,0.46%,4597,,,,,type_hint_delayed_draw_from_name,NCDL,2024-08-07
RMA Companies (Delayed Draw) 2,First Lien,Industrials,11.19%,,SOFR,5.75%,,,2027-12-30,3134,338,327,0.03%,338,,,,,type_hint_delayed_draw_from_name,NCDL,2024-08-07
Royal Holdco Corp.,First Lien,Industrials,11.19%,,SOFR,5.75%,,,2027-12-30,3102,3063,3084,0.31%,3063,,,,,,NCDL,2024-08-07
Sciens Building Solutions LLC,First Lien,Industrials,11.19%,,SOFR,5.75%,,,2027-12-15,9267,9149,9238,0.95%,9149,0,,,,,NCDL,2024-08-07
Sciens Building Solutions,Delayed Draw,Industrials,11.15%,,SOFR,5.75%,,,2027-12-15,4894,4865,4879,0.49%,4865,,,,,,NCDL,2024-08-07
Tencate,First Lien,Industrials,9.33%,,SOFR,4%,,,2031-02-21,7034,7002,7075,0.72%,7002,1540,,,,,NCDL,2024-08-07
Tencate,First Lien,Industrials,9.33%,,SOFR,4%,,,2031-02-21,1540,0,9,0%,0,,,,,fair_value_suspicious_vs_size,NCDL,2024-08-07
WSB Engineering Holdings Inc.,First Lien,Industrials,11.1%,,SOFR,6%,,,2029-08-31,6487,6400,6399,0.65%,6400,,,,,,NCDL,2024-08-07
WSB Engineering Holdings Inc.,First Lien,Industrials,11.08%,,SOFR,6%,,,2029-08-31,4342,3007,2976,0.3%,3007,,,,,,NCDL,2024-08-07
Halo Buyer Inc.,First Lien,Consumer & Retail,9.94%,,SOFR,4.5%,,,2025-06-30,5637,5619,5043,0.51%,5619,,,,,,NCDL,2024-08-07
SmartSign 1,First Lien,Consumer & Retail,10.94%,,SOFR,5.5%,,,2028-09-07,9825,9753,9825,0.99%,9753,,,,,,NCDL,2024-08-07
SmartSign 2,First Lien,Consumer & Retail,11.18%,,SOFR,5.75%,,,2028-09-07,5000,4915,5000,0.51%,4915,,,,,,NCDL,2024-08-07
Arcadia Consumer Health,First Lien,Consumer & Retail,9.93%,,SOFR,4.5%,,,2027-09-10,12540,12468,12490,1.27%,12468,,,,,,NCDL,2024-08-07
Arcadia Consumer Health,First Lien,Consumer & Retail,11.18%,,SOFR,5.75%,,,2027-09-10,1926,1896,1945,0.2%,1896,,,,,,NCDL,2024-08-07
Elevation Labs,First Lien,Consumer & Retail,11%,,SOFR,5.75%,,,2028-06-30,6755,6707,6725,0.68%,6707,2188,,,,,NCDL,2024-08-07
Elevation Labs,First Lien,Consumer & Retail,11.18%,,SOFR,5.75%,,,2028-06-30,3123,914,922,0.09%,914,,,,,,NCDL,2024-08-07
FoodScience,First Lien,Consumer & Retail,11.08%,,SOFR,5.5%,,,2027-03-01,14549,14439,14018,1.42%,14439,,,,,,NCDL,2024-08-07
Market Performance Group,First Lien,Consumer & Retail,10.58%,,SOFR,5.25%,,,2030-01-08,12588,12471,12714,1.29%,12471,3086,,,,,NCDL,2024-08-07
Market Performance Group,First Lien,Consumer & Retail,10.58%,,SOFR,5.25%,,,2030-01-08,3086,0,31,0%,0,,,,,fair_value_suspicious_vs_size,NCDL,2024-08-07
Protective Industrial Products,First Lien,Consumer & Retail,9.46%,,SOFR,4%,,,2027-12-29,9099,9081,9076,0.92%,9081,,,,,,NCDL,2024-08-07
Ultima Health Holdings LLC,First Lien,Consumer & Retail,11%,,,,,,2029-03-12,1747,1721,1751,0.18%,1721,,,,,,NCDL,2024-08-07
B2B Packaging,First Lien,Containers & Packaging,12.31%,,SOFR,6.75%,,,2026-10-07,14621,14597,14058,1.43%,14597,,,,,,NCDL,2024-08-07
B2B Packaging,First Lien,Containers & Packaging,12.33%,,SOFR,6.75%,,,2026-10-07,116,114,111,0.01%,114,,,,,,NCDL,2024-08-07
Five Star Packing,First Lien,Containers & Packaging,9.58%,,SOFR,4.25%,,,2029-05-05,7538,7452,6996,0.71%,7452,,,,,,NCDL,2024-08-07
Good2Grow 1,First Lien,Containers & Packaging,10%,,SOFR,4.5%,,,2027-12-01,9265,9207,9134,0.93%,9207,,,,,,NCDL,2024-08-07
Good2Grow 2,First Lien,Containers & Packaging,11%,,SOFR,5.5%,,,2027-12-01,6330,6249,6393,0.65%,6249,,,,,,NCDL,2024-08-07
Good2Grow,First Lien,Containers & Packaging,10.25%,,SOFR,4.75%,,,2027-12-01,14338,14200,14240,1.44%,14200,,,,,,NCDL,2024-08-07
Oliver Packaging,First Lien,Containers & Packaging,10%,1%,,,,,2029-01-06,2510,2475,2349,0.24%,2475,,,,,,NCDL,2024-08-07
Online Labels Group,First Lien,Containers & Packaging,10.58%,,SOFR,5.25%,,,2029-12-19,3312,3281,3312,0.34%,3281,807,,,,,NCDL,2024-08-07
Online Labels Group (Delayed Draw) 1,First Lien,Containers & Packaging,10.58%,,SOFR,5.25%,,,2029-12-19,403,0,0,0%,0,,,,,type_hint_delayed_draw_from_name,NCDL,2024-08-07
Online Labels Group (Delayed Draw) 2,First Lien,Containers & Packaging,10.58%,,SOFR,5.25%,,,2029-12-19,403,0,0,0%,0,,,,,type_hint_delayed_draw_from_name,NCDL,2024-08-07
Proampac,First Lien,Containers & Packaging,9.32%,,SOFR,4%,,,2028-09-15,4503,4503,4519,0.46%,4503,,,,,,NCDL,2024-08-07
Specialized Packaging Group 1,First Lien,Containers & Packaging,11.04%,,SOFR,5.5%,,,2025-12-17,2968,2956,2931,0.3%,2956,,,,,,NCDL,2024-08-07
Specialized Packaging Group 2,First Lien,Containers & Packaging,11.04%,,SOFR,5.5%,,,2025-12-17,7238,7206,7148,0.72%,7206,,,,,,NCDL,2024-08-07
Specialized Packaging Group (Incremental) 1,First Lien,Containers & Packaging,11.79%,,SOFR,6.25%,,,2025-12-17,4387,4345,4377,0.44%,4345,,,,,,NCDL,2024-08-07
Specialized Packaging Group (Incremental) 2,First Lien,Containers & Packaging,11.79%,,SOFR,6.25%,,,2025-12-17,6860,6786,6844,0.69%,6786,,,,,,NCDL,2024-08-07
Specialized Packaging Group (Incremental) 3,First Lien,Containers & Packaging,11.17%,,SOFR,5.75%,,,2025-12-17,3307,3276,3271,0.33%,3276,,,,,,NCDL,2024-08-07
Insulation Technology Group,First Lien,Energy,10.84%,,SOFR,5.5%,,,2030-06-25,22466,22242,22246,2.26%,22242,5912,,,,,NCDL,2024-08-07
Insulation Technology Group,First Lien,Energy,10.84%,,SOFR,5.5%,,,2030-06-25,5912,0,-58,-0.01%,0,,,,,,NCDL,2024-08-07
MGM Transformer Company,First Lien,Energy,10.8%,,SOFR,6%,,,2029-10-31,23494,23332,23275,2.36%,23332,0,,,,,NCDL,2024-08-07
MGM Transformer Company,First Lien,Energy,10.85%,,SOFR,5.5%,,,2029-10-31,6388,6374,6328,0.64%,6374,,,,,,NCDL,2024-08-07
National Power,First Lien,Energy,11.1%,,SOFR,6%,,,2029-10-22,5646,5568,5624,0.57%,5568,3051,,,,,NCDL,2024-08-07
National Power,First Lien,Energy,11.1%,,SOFR,6%,,,2029-10-20,3051,-7,-12,0%,-7,,,,,,NCDL,2024-08-07
Contract Land Staff,First Lien,Environmental Services,10.33%,,SOFR,5%,,,2030-03-27,7545,7471,7472,0.76%,7471,3025,,,,,NCDL,2024-08-07
Contract Land Staff,First Lien,Environmental Services,10.33%,,SOFR,5%,,,2030-03-27,3025,-7,-29,0%,-7,,,,,,NCDL,2024-08-07
Impact Environmental Group,First Lien,Environmental Services,10.43%,,SOFR,5%,,,2029-03-23,6742,6625,6741,0.68%,6625,3928,,,,,NCDL,2024-08-07
Impact Environmental Group,First Lien,Environmental Services,10.43%,,SOFR,5%,,,2029-03-23,3150,3135,3149,0.32%,3135,,,,,,NCDL,2024-08-07
Impact Environmental Group,First Lien,Environmental Services,10.43%,,SOFR,5%,,,2029-03-23,6808,2851,2880,0.29%,2851,,,,,type_hint_delayed_draw_from_name,NCDL,2024-08-07
Impact Environmental Group,First Lien,Environmental Services,10.43%,,SOFR,5%,,,2029-03-23,1727,1697,1727,0.18%,1697,,,,,,NCDL,2024-08-07
Nutrition 101 Buyer LLC,First Lien,Environmental Services,10.68%,,SOFR,5.25%,,,2028-08-31,6614,6568,6343,0.64%,6568,,,,,,NCDL,2024-08-07
Orion Group FM Holdings LLC,First Lien,Environmental Services,11.51%,,SOFR,6.25%,,,2029-07-03,8507,8392,8396,0.85%,8392,,,,,,NCDL,2024-08-07
Orion Group FM Holdings,Delayed Draw,,11.58%,,SOFR,6.25%,,,,6429,4744,4673,0.47%,4744,,,,,,NCDL,2024-08-07
The Facilities Group 1,First Lien,Environmental Services,11.18%,,SOFR,5.75%,,,2027-11-30,4847,4819,4787,0.49%,4819,,,,,,NCDL,2024-08-07
The Facilities Group 2,First Lien,Environmental Services,11.17%,,SOFR,5.75%,,,2027-11-30,9001,8924,8889,0.9%,8924,,,,,,NCDL,2024-08-07
The Facilities Group (Delayed Draw) 1,First Lien,Environmental Services,11.18%,,SOFR,5.75%,,,2027-11-30,4927,4927,4866,0.49%,4927,,,,,type_hint_delayed_draw_from_name,NCDL,2024-08-07
The Facilities Group (Delayed Draw) 2,First Lien,Environmental Services,11.19%,,SOFR,5.75%,,,2027-11-30,5028,167,105,0.01%,167,,,,,cost_suspicious_vs_size|fair_value_suspicious_vs_size|type_hint_delayed_draw_from_name,NCDL,2024-08-07
Affinity Hospice,First Lien,Healthcare,10.18%,,SOFR,4.75%,,,2027-12-17,7832,7782,6907,0.7%,7782,,,,,,NCDL,2024-08-07
Anne Arundel 1,First Lien,Healthcare,,12.75%,,,,,2026-10-16,3282,3257,245,0.02%,3257,,,,,,NCDL,2024-08-07
Anne Arundel 2,First Lien,Healthcare,,11%,,,,,2026-04-16,1972,1961,660,0.07%,1961,,,,,,NCDL,2024-08-07
Anne Arundel 3,First Lien,Healthcare,8.08%,4.25%,SOFR,2.75%,,,2026-01-15,516,516,516,0.05%,516,,,,,,NCDL,2024-08-07
Anne Arundel,First Lien,Healthcare,,11%,,,,,2026-04-16,2396,2024,435,0.04%,2024,,,,,,NCDL,2024-08-07
Forefront Dermatology,First Lien,Healthcare,9.58%,,SOFR,4.25%,,,2029-03-30,3298,3256,3204,0.32%,3256,,,,,,NCDL,2024-08-07
Genesee Scientific,First Lien,Healthcare,11.19%,,SOFR,5.75%,,,2027-09-30,5928,5896,5526,0.56%,5896,,,,,,NCDL,2024-08-07
Genesee Scientific,First Lien,Healthcare,11.09%,,SOFR,5.75%,,,2027-09-30,1552,1552,1447,0.15%,1552,,,,,,NCDL,2024-08-07
GHR Healthcare,First Lien,Healthcare,10.44%,,SOFR,5%,,,2027-12-09,6369,6330,6096,0.62%,6330,2595,,,,,NCDL,2024-08-07
GHR Healthcare,First Lien,Healthcare,10.44%,,SOFR,5%,,,2027-12-09,1992,1992,1907,0.19%,1992,,,,,,NCDL,2024-08-07
GHR Healthcare (Delayed Draw) (Incremental) 1,First Lien,Healthcare,10.44%,,SOFR,5%,,,2027-12-09,1946,0,-83,-0.01%,0,,,,,type_hint_delayed_draw_from_name,NCDL,2024-08-07
GHR Healthcare (Delayed Draw) (Incremental) 2,First Lien,Healthcare,10.44%,,SOFR,5%,,,2027-12-09,648,0,-28,0%,0,,,,,type_hint_delayed_draw_from_name,NCDL,2024-08-07
GHR Healthcare (Incremental) 1,First Lien,Healthcare,10.48%,,SOFR,5%,,,2027-12-09,4958,4887,4745,0.48%,4887,,,,,,NCDL,2024-08-07
GHR Healthcare (Incremental) 2,First Lien,Healthcare,10.44%,,SOFR,5%,,,2027-12-09,8088,8010,7741,0.78%,8010,,,,,,NCDL,2024-08-07
GHR Healthcare (Incremental) 3,First Lien,Healthcare,10.44%,,SOFR,5%,,,2027-12-09,3761,3724,3599,0.36%,3724,,,,,,NCDL,2024-08-07
Health Management Associates,First Lien,Healthcare,11.7%,,SOFR,6.25%,,,2029-03-30,8264,8123,8242,0.84%,8123,754,,,,,NCDL,2024-08-07
Health Management Associates,First Lien,Healthcare,11.7%,,SOFR,6.25%,,,2029-03-30,1497,714,738,0.07%,714,,,,,,NCDL,2024-08-07
Heartland Veterinary Partners LLC,First Lien,Healthcare,7.5%,7%,,,,,2027-12-10,3600,0,-58,-0.01%,0,,,,,,NCDL,2024-08-07
Heartland Veterinary Partners LLC,First Lien,Healthcare,7.5%,7%,,,,,2027-12-10,9667,9667,9511,0.96%,9667,,,,,,NCDL,2024-08-07
Heartland Veterinary Partners LLC,First Lien,Healthcare,7.5%,7%,,,,,2027-12-10,1933,1910,1902,0.19%,1910,,,,,,NCDL,2024-08-07
HemaSource Inc.,First Lien,Healthcare,8.5%,5%,,,,,2030-02-28,5292,5162,5217,0.53%,5162,,,,,,NCDL,2024-08-07
InfuCare RX,First Lien,Healthcare,9.93%,,SOFR,4.5%,,,2028-01-04,9248,9190,9248,0.94%,9190,,,,,,NCDL,2024-08-07
MDC Intermediate Holdings II LLC,First Lien,Healthcare,10%,2.25%,,,,,2030-02-07,1769,1734,1713,0.17%,1734,,,,,,NCDL,2024-08-07
MDC Intermediate Holdings II,Delayed Draw,Healthcare,10%,2.25%,,,,,2030-02-07,726,465,448,0.05%,465,,,,,,NCDL,2024-08-07
Midwest Eye Consultants,First Lien,Healthcare,9.94%,,SOFR,4.5%,,,2027-08-20,8975,8926,8965,0.91%,8926,,,,,,NCDL,2024-08-07
Prompt Care,First Lien,Healthcare,11.44%,,SOFR,6%,,,2027-09-01,2875,1437,1425,0.14%,1437,,,,,type_hint_delayed_draw_from_name,NCDL,2024-08-07
PromptCare,First Lien,Healthcare,11.44%,,SOFR,6%,,,2027-09-01,8162,8099,8127,0.82%,8099,,,,,,NCDL,2024-08-07
PromptCare,First Lien,Healthcare,11.4%,,SOFR,6%,,,2027-09-01,1271,1267,1266,0.13%,1267,,,,,,NCDL,2024-08-07
Quorum Health Resources LLC,First Lien,Healthcare,10.79%,,SOFR,5.75%,,,2027-05-28,7640,7595,7429,0.75%,7595,,,,,,NCDL,2024-08-07
Quorum Health Resources,Delayed Draw,Healthcare,10.68%,,SOFR,6.25%,,,2027-05-28,3231,3225,3142,0.32%,3225,,,,,,NCDL,2024-08-07
Quorum Health Resources LLC,First Lien,Healthcare,10.69%,,SOFR,5.25%,,,2027-05-28,3231,3190,3142,0.32%,3190,,,,,,NCDL,2024-08-07
Sandlot Buyer LLC,First Lien,Healthcare,11.36%,,SOFR,6%,,,2028-09-19,7833,7650,7794,0.79%,7650,,,,,,NCDL,2024-08-07
Sandlot Buyer LLC,First Lien,Healthcare,11.27%,,SOFR,6%,,,2028-09-19,9866,9689,9816,1%,9689,,,,,,NCDL,2024-08-07
SCP Eye Care Holdco LLC,First Lien,Healthcare,10.94%,,SOFR,5.75%,,,2029-10-05,7436,7375,7292,0.74%,7375,,,,,,NCDL,2024-08-07
SCP Eye Care Holdco,Delayed Draw,,10.93%,,SOFR,5.75%,,,,2435,1550,1503,0.15%,1550,,,,,,NCDL,2024-08-07
SM Wellness Holdings Inc.,First Lien,Healthcare,10.09%,,SOFR,4.5%,,,2028-04-17,14590,14511,14328,1.45%,14511,,,,,,NCDL,2024-08-07
Smile Brands,First Lien,Healthcare,,14.91%,SOFR,9.5%,,,2028-04-12,10721,10661,9143,0.93%,10661,,,,,,NCDL,2024-08-07
Southern Veterinary Partners,First Lien,Healthcare,9.09%,,SOFR,3.75%,,,2027-10-05,4772,4766,4788,0.49%,4766,,,,,,NCDL,2024-08-07
Team Services Group,First Lien,Healthcare,10.58%,,SOFR,5%,,,2027-12-20,6633,6602,6603,0.67%,6602,,,,,,NCDL,2024-08-07
Thorne HealthTech,First Lien,Healthcare,10.83%,,SOFR,5.5%,,,2030-10-16,10599,10501,10619,1.08%,10501,,,,,,NCDL,2024-08-07
TIDI Products,First Lien,Healthcare,10.84%,,SOFR,5.5%,,,2029-12-19,15445,15303,15548,1.58%,15303,4085,,,,,NCDL,2024-08-07
TIDI Products,First Lien,Healthcare,10.84%,,SOFR,5.5%,,,2029-12-19,4085,0,27,0%,0,,,,,fair_value_suspicious_vs_size,NCDL,2024-08-07
US Fertility,First Lien,Healthcare,,13.75%,,,,,2028-06-21,12831,12554,12661,1.28%,12554,,,,,,NCDL,2024-08-07
VMG Health,First Lien,Healthcare,10.33%,,SOFR,5%,,,2030-04-16,15932,15776,15783,1.61%,15776,,,,,,NCDL,2024-08-07
Wellspring Pharmaceutical,First Lien,Healthcare,11.11%,,SOFR,5.75%,,,2028-08-22,3361,3311,3344,0.34%,3311,,,,,,NCDL,2024-08-07
Wellspring Pharmaceutical,First Lien,Healthcare,11.11%,,SOFR,5.75%,,,2028-08-22,1563,1554,1555,0.16%,1554,,,,,,NCDL,2024-08-07
Wellspring Pharmaceutical,First Lien,Healthcare,11.33%,,SOFR,6%,,,2028-08-22,3756,-14,12,0%,-14,,,,,fair_value_suspicious_vs_size|type_hint_delayed_draw_from_name,NCDL,2024-08-07
Wellspring Pharmaceutical,First Lien,Healthcare,11.33%,,SOFR,6%,,,2028-08-22,1240,1219,1244,0.13%,1219,,,,,,NCDL,2024-08-07
Young Innovations,First Lien,Healthcare,11.08%,,SOFR,5.75%,,,2029-12-03,16469,16320,16316,1.66%,16320,3448,,,,,NCDL,2024-08-07
Young Innovations,First Lien,Healthcare,11.08%,,SOFR,5.75%,,,2029-12-01,3448,0,-32,0%,0,,,,,,NCDL,2024-08-07
Acclaim MidCo LLC,First Lien,Software & Technology,11.33%,,SOFR,6%,,,2029-06-13,7981,7840,7954,0.81%,7840,,,,,,NCDL,2024-08-07
Acclaim MidCo,Delayed Draw,,11.33%,,SOFR,6%,,,,3225,-13,-11,0%,-13,,,,,,NCDL,2024-08-07
Ahead Data Blue LLC,First Lien,Software & Technology,9.58%,,SOFR,4.25%,,,2031-02-01,5118,5071,5141,0.52%,5071,,,,,,NCDL,2024-08-07
Ahead Data Blue LLC,First Lien,Software & Technology,9.08%,,SOFR,3.75%,,,2031-02-01,4870,4858,4892,0.5%,4858,,,,,,NCDL,2024-08-07
Argano LLC,First Lien,Software & Technology,12.23%,,SOFR,6.25%,,,2026-06-10,5605,5579,5605,0.57%,5579,,,,,,NCDL,2024-08-07
Argano,Delayed Draw,Software & Technology,12.23%,,SOFR,6.25%,,,2026-06-10,2482,2482,2482,0.25%,2482,,,,,,NCDL,2024-08-07
Argano,Delayed Draw,Software & Technology,12.23%,,SOFR,6.25%,,,2026-06-10,1696,1673,1696,0.17%,1673,,,,,,NCDL,2024-08-07
Diligent Corp.,First Lien,Software & Technology,10.34%,,SOFR,5%,,,2030-08-02,3830,-19,-17,0%,-19,,,,,,NCDL,2024-08-07
Diligent Corp.,First Lien,Software & Technology,10.34%,,SOFR,5%,,,2030-08-02,3830,3811,3813,0.39%,3811,,,,,,NCDL,2024-08-07
Diligent Corp.,First Lien,Software & Technology,10.34%,,SOFR,5%,,,2030-08-02,22340,22229,22241,2.25%,22229,,,,,,NCDL,2024-08-07
Eliassen Group LLC,First Lien,Software & Technology,11.08%,,SOFR,5.75%,,,2028-04-14,12008,11925,12008,1.22%,11925,,,,,,NCDL,2024-08-07
Eliassen Group LLC,First Lien,Software & Technology,11.08%,,SOFR,5.75%,,,2028-04-14,864,863,864,0.09%,863,,,,,,NCDL,2024-08-07
Evergreen Services Group II,First Lien,Software & Technology,11.08%,,SOFR,5.75%,,,2030-10-04,16075,15850,16282,1.64%,15850,0,,,,,NCDL,2024-08-07
Evergreen Services Group II,First Lien,Software & Technology,11.08%,,SOFR,6%,,,2030-10-04,12993,12965,13160,1.33%,12965,,,,,,NCDL,2024-08-07
Exterro,First Lien,Software & Technology,11%,,SOFR,5.5%,,,2027-06-01,9474,9474,9531,0.97%,9474,,,,,,NCDL,2024-08-07
Fineline Merger,First Lien,Software & Technology,14.35%,,SOFR,8.75%,,,2028-08-22,2453,2430,2453,0.25%,2430,,,,,,NCDL,2024-08-07
Go Engineer,First Lien,Software & Technology,10.86%,,SOFR,5.38%,,,2027-12-21,11513,11439,11513,1.17%,11439,,,,,,NCDL,2024-08-07
Go Engineer,First Lien,Software & Technology,10.86%,,SOFR,5.38%,,,2027-12-21,3136,3116,3136,0.32%,3116,,,,,,NCDL,2024-08-07
Infobase Acquisition Inc.,First Lien,Software & Technology,11.01%,,SOFR,5.5%,,,2028-06-14,4309,4278,4309,0.44%,4278,,,,,,NCDL,2024-08-07
ITSavvy LLC,First Lien,Software & Technology,10.75%,,SOFR,5.25%,,,2028-08-08,7754,7699,7754,0.79%,7699,,,,,,NCDL,2024-08-07
ITSavvy LLC,First Lien,Software & Technology,10.73%,,SOFR,5.25%,,,2028-08-08,417,256,259,0.03%,256,,,,,,NCDL,2024-08-07
North Haven CS Acquisition Inc.,First Lien,Software & Technology,10.97%,,SOFR,5.5%,,,2025-01-23,5752,5752,5774,0.59%,5752,,,,,,NCDL,2024-08-07
North Haven CS Acquisition Inc.,First Lien,Software & Technology,10.97%,,SOFR,5.5%,,,2027-01-22,22299,22100,22384,2.27%,22100,,,,,,NCDL,2024-08-07
Prosci Inc.,First Lien,Software & Technology,9.69%,,SOFR,4.25%,,,2026-10-21,4733,4709,4733,0.48%,4709,,,,,,NCDL,2024-08-07
Quickbase,First Lien,Software & Technology,9.33%,,SOFR,4%,,,2028-10-02,6337,6309,6306,0.64%,6309,,,,,,NCDL,2024-08-07
Revalize (Delayed Draw) 1,First Lien,Software & Technology,11.23%,,SOFR,5.75%,,,2027-04-15,4221,4213,3956,0.4%,4213,,,,,type_hint_delayed_draw_from_name,NCDL,2024-08-07
Revalize (Delayed Draw) 2,First Lien,Software & Technology,11.23%,,SOFR,5.75%,,,2027-04-15,1084,1078,1016,0.1%,1078,,,,,type_hint_delayed_draw_from_name,NCDL,2024-08-07
Revalize (Delayed Draw) 3,First Lien,Software & Technology,11.23%,,SOFR,5.75%,,,2027-04-15,244,243,229,0.02%,243,,,,,type_hint_delayed_draw_from_name,NCDL,2024-08-07
SmartWave,First Lien,Software & Technology,11.48%,,SOFR,6%,,,2026-11-05,8917,8861,6720,0.68%,8861,,,,,,NCDL,2024-08-07
Solve Industrial Motion Group 1,First Lien,Software & Technology,5%,8%,,,,,2028-06-30,1868,1844,1744,0.18%,1844,,,,,,NCDL,2024-08-07
Solve Industrial Motion Group 2,First Lien,Software & Technology,5%,8%,,,,,2028-06-30,801,789,760,0.08%,789,,,,,,NCDL,2024-08-07
Solve Industrial Motion Group,First Lien,Software & Technology,5%,8%,,,,,2028-06-30,2140,2140,1998,0.2%,2140,,,,,,NCDL,2024-08-07
Velosio,First Lien,Software & Technology,10.56%,,SOFR,5.25%,,,2030-03-01,6232,6173,6172,0.63%,6173,1284,,,,,NCDL,2024-08-07
Velosio,First Lien,Software & Technology,10.56%,,SOFR,5.25%,,,2030-03-01,1284,0,-12,0%,0,,,,,,NCDL,2024-08-07
Tinuiti,First Lien,Media & Entertainment,10.68%,,SOFR,5.25%,,,2026-12-10,2933,2916,2844,0.29%,2916,,,,,,NCDL,2024-08-07
Tinuiti,First Lien,Media & Entertainment,10.68%,,SOFR,5.25%,,,2026-12-10,1917,1916,1859,0.19%,1916,,,,,,NCDL,2024-08-07
Tinuiti,First Lien,Media & Entertainment,10.68%,,SOFR,5.25%,,,2026-12-10,9813,9813,9517,0.96%,9813,,,,,type_hint_delayed_draw_from_name,NCDL,2024-08-07
Wpromote,First Lien,Media & Entertainment,11.18%,,SOFR,5.75%,,,2028-10-23,4357,4289,4362,0.44%,4289,588,,,,,NCDL,2024-08-07
Wpromote,First Lien,Media & Entertainment,11.18%,,SOFR,5.75%,,,2028-10-21,588,-3,1,0%,-3,,,,,,NCDL,2024-08-07
BroadcastMed Holdco LLC,First Lien,Media & Entertainment,10%,3.75%,,,,,2027-11-12,3615,3563,3456,0.35%,3563,,,,,,NCDL,2024-08-07
Corporate Visions 1,First Lien,Media & Entertainment,9.93%,,SOFR,4.5%,,,2027-08-12,2525,2500,2308,0.23%,2500,,,,,type_hint_corporate_from_name,NCDL,2024-08-07
Corporate Visions 2,First Lien,Media & Entertainment,9.93%,,SOFR,4.5%,,,2027-08-12,2872,2856,2625,0.27%,2856,,,,,type_hint_corporate_from_name,NCDL,2024-08-07
Spectrio II,First Lien,Media & Entertainment,11.35%,,SOFR,6%,,,2026-12-09,8204,8169,7539,0.75%,8169,,,,,,NCDL,2024-08-07
Spectrio II (Delayed Draw) 1,First Lien,Media & Entertainment,11.35%,,SOFR,6%,,,2026-12-09,2915,2897,2678,0.27%,2897,,,,,type_hint_delayed_draw_from_name,NCDL,2024-08-07
Spectrio II (Delayed Draw) 2,First Lien,Media & Entertainment,11.35%,,SOFR,6%,,,2026-12-09,444,443,406,0.04%,443,,,,,type_hint_delayed_draw_from_name,NCDL,2024-08-07
Syndigo,First Lien,Consumer & Retail,9.96%,,SOFR,4.5%,,,2027-12-15,5805,5818,5772,0.59%,5818,,,,,,NCDL,2024-08-07
ALKU Intermediate Holdings LLC,First Lien,Business Services,11.59%,,SOFR,6.25%,,,2029-05-23,4496,4418,4538,0.46%,4418,,,,,,NCDL,2024-08-07
Apex Companies Holdings LLC,First Lien,Business Services,10%,2.5%,,,,,2029-01-31,4014,3936,4004,0.41%,3936,,,,,,NCDL,2024-08-07
Apex Companies Holdings,Delayed Draw,Business Services,10%,2.5%,,,,,,1085,72,80,0.01%,72,,,,,,NCDL,2024-08-07
Aramsco,First Lien,Business Services,10.08%,,SOFR,4.75%,,,2030-10-10,1699,1699,1705,0.17%,1699,297,,,,,NCDL,2024-08-07
Aramsco,First Lien,Business Services,10.08%,,SOFR,4.75%,,,2030-10-10,297,0,1,0%,0,,,,,,NCDL,2024-08-07
ARMstrong,First Lien,Business Services,11.68%,,SOFR,6.25%,,,2029-10-08,11390,11233,11343,1.15%,11233,3587,,,,,NCDL,2024-08-07
ARMstrong,First Lien,Business Services,11.65%,,SOFR,6.25%,,,2029-10-06,3847,234,244,0.02%,234,,,,,,NCDL,2024-08-07
Bounteous 1,First Lien,Business Services,10.2%,,SOFR,4.75%,,,2027-08-02,5320,5289,5320,0.54%,5289,,,,,,NCDL,2024-08-07
Bounteous 2,First Lien,Business Services,10.2%,,SOFR,4.75%,,,2027-08-02,2177,2165,2177,0.22%,2165,,,,,,NCDL,2024-08-07
Bounteous (Delayed Draw) 1,First Lien,Business Services,10.2%,,SOFR,4.75%,,,2027-08-02,2753,2739,2753,0.28%,2739,,,,,type_hint_delayed_draw_from_name,NCDL,2024-08-07
Bounteous (Delayed Draw) 2,First Lien,Business Services,10.2%,,SOFR,5%,,,2027-08-02,3558,3558,3558,0.36%,3558,,,,,type_hint_delayed_draw_from_name,NCDL,2024-08-07
Bullhorn Inc.,First Lien,Business Services,10.34%,,SOFR,5.5%,,,2029-10-01,13671,13593,13721,1.39%,13593,,,,,,NCDL,2024-08-07
BusinesSolver,First Lien,Business Services,10.93%,,SOFR,5.5%,,,2027-12-01,7702,7653,7702,0.78%,7653,873,,,,,NCDL,2024-08-07
BusinesSolver,First Lien,Business Services,10.93%,,SOFR,5.5%,,,2027-12-01,1148,272,275,0.03%,272,,,,,,NCDL,2024-08-07
Career Now,First Lien,Business Services,,13%,,,,,2027-03-30,3505,3469,2445,0.25%,3469,,,,,,NCDL,2024-08-07
Cornerstone Advisors of Arizona LLC,First Lien,Business Services,10.83%,,SOFR,5.5%,,,2026-09-24,307,305,307,0.03%,305,,,,,,NCDL,2024-08-07
Cornerstone Advisors of Arizona LLC,First Lien,Business Services,10.83%,,SOFR,5.5%,,,2026-09-24,2283,2273,2283,0.23%,2273,,,,,,NCDL,2024-08-07
Cornerstone Advisors of Arizona LLC,First Lien,Business Services,10.86%,,SOFR,5.5%,,,2026-09-24,209,209,209,0.02%,209,,,,,,NCDL,2024-08-07
Cornerstone Advisors of Arizona LLC,First Lien,Business Services,10.93%,,SOFR,5.5%,,,2026-09-24,3440,3410,3440,0.35%,3410,,,,,,NCDL,2024-08-07
CrossCountry Consulting,First Lien,Business Services,10.08%,,SOFR,4.75%,,,2029-06-01,8133,8007,8093,0.82%,8007,3320,,,,,NCDL,2024-08-07
CrossCountry Consulting,First Lien,Business Services,10.08%,,SOFR,4.75%,,,2029-06-01,3320,-23,-16,0%,-23,,,,,,NCDL,2024-08-07
D&H United Fueling Solutions,First Lien,Business Services,10.74%,,SOFR,5.5%,,,2028-09-15,7453,7340,7273,0.74%,7340,0,,,,,NCDL,2024-08-07
D&H United Fueling Solutions,First Lien,Business Services,10.75%,,SOFR,5.25%,,,2028-09-15,2372,2355,2315,0.23%,2355,,,,,,NCDL,2024-08-07
D&H United Fueling Solutions,First Lien,Business Services,11.25%,,SOFR,5.75%,,,2028-09-15,1563,1557,1551,0.16%,1557,,,,,type_hint_delayed_draw_from_name,NCDL,2024-08-07
D&H United Fueling Solutions,First Lien,Business Services,11.23%,,SOFR,5.75%,,,2028-09-15,3448,3389,3423,0.35%,3389,,,,,,NCDL,2024-08-07
E78 1,First Lien,Business Services,10.94%,,SOFR,5.5%,,,2027-12-01,5571,5537,5530,0.56%,5537,,,,,,NCDL,2024-08-07
E78 2,First Lien,Business Services,10.94%,,SOFR,5.5%,,,2027-12-01,1430,1421,1420,0.14%,1421,,,,,,NCDL,2024-08-07
E78 3,First Lien,Business Services,10.92%,,SOFR,5.5%,,,2027-12-01,15233,0,-113,-0.01%,0,,,,,,NCDL,2024-08-07
E78 (Delayed Draw) 1,First Lien,Business Services,10.94%,,SOFR,5.5%,,,2027-12-01,4189,4163,4158,0.42%,4163,,,,,type_hint_delayed_draw_from_name,NCDL,2024-08-07
E78 (Delayed Draw) 2,First Lien,Business Services,10.92%,,SOFR,5.5%,,,2027-12-01,3539,3133,3107,0.31%,3133,,,,,type_hint_delayed_draw_from_name,NCDL,2024-08-07
Evergreen Services Group,First Lien,Business Services,11.68%,,SOFR,6.25%,,,2029-06-15,11905,11718,11890,1.21%,11718,,,,,,NCDL,2024-08-07
Evergreen Services Group,First Lien,Business Services,11.66%,,SOFR,6.25%,,,2029-06-15,2849,2826,2845,0.29%,2826,,,,,,NCDL,2024-08-07
Gabriel Partners LLC,First Lien,Business Services,11.75%,,SOFR,6.25%,,,2026-09-21,9144,9105,9144,0.93%,9105,,,,,,NCDL,2024-08-07
Gabriel Partners LLC,First Lien,Business Services,11.75%,,SOFR,6.25%,,,2026-09-21,1523,1523,1523,0.15%,1523,,,,,,NCDL,2024-08-07
Gabriel Partners LLC,First Lien,Business Services,11.69%,,SOFR,6.25%,,,2026-09-21,3774,3757,3774,0.38%,3757,,,,,,NCDL,2024-08-07
HireRight,First Lien,Business Services,9.34%,,SOFR,4%,,,2030-09-27,6771,6703,6757,0.69%,6703,,,,,,NCDL,2024-08-07
Image First,First Lien,Business Services,9.58%,,SOFR,4.25%,,,2028-04-27,7648,7633,7668,0.78%,7633,,,,,,NCDL,2024-08-07
Image First,First Lien,Business Services,9.59%,,SOFR,4.25%,,,2028-04-27,142,142,143,0.01%,142,,,,,,NCDL,2024-08-07
Integrated Power Services,First Lien,Business Services,9.96%,,SOFR,4.5%,,,2028-11-22,5765,263,279,0.03%,263,,,,,cost_suspicious_vs_size|fair_value_suspicious_vs_size,NCDL,2024-08-07
Integrated Power Services,First Lien,Business Services,9.96%,,SOFR,4.5%,,,2028-11-22,1397,1394,1397,0.14%,1394,,,,,,NCDL,2024-08-07
Keng Acquisition Inc.,First Lien,Business Services,11.33%,,SOFR,6%,,,2029-08-01,9618,9488,9582,0.97%,9488,,,,,,NCDL,2024-08-07
Keng Acquisition,Delayed Draw,,11.33%,,SOFR,6%,,,,9306,1852,1837,0.19%,1852,,,,,,NCDL,2024-08-07
KRIV Acquisition Inc.,First Lien,Business Services,11.83%,,SOFR,6.5%,,,2029-07-06,10710,10443,10424,1.06%,10443,,,,,,NCDL,2024-08-07
KRIV Acquisition,Delayed Draw,Business Services,11.83%,,SOFR,6.5%,,,,1607,-17,-43,0%,-17,,,,,,NCDL,2024-08-07
Lion Merger Sub Inc.,First Lien,Business Services,11.43%,,SOFR,6%,,,2025-12-17,7304,7277,7165,0.73%,7277,,,,,,NCDL,2024-08-07
Lion Merger Sub Inc.,First Lien,Business Services,11.43%,,SOFR,6%,,,2025-12-17,7279,7229,7141,0.72%,7229,,,,,,NCDL,2024-08-07
LSCS Holdings Inc.,First Lien,Business Services,9.96%,,SOFR,4.5%,,,2028-12-16,14962,14878,14821,1.5%,14878,,,,,,NCDL,2024-08-07
Lynx Franchising LLC,First Lien,Business Services,12.23%,,SOFR,6.75%,,,2026-12-23,9750,9678,9697,0.98%,9678,,,,,,NCDL,2024-08-07
Lynx Franchising LLC,First Lien,Business Services,12.09%,,SOFR,6.75%,,,2026-12-23,6757,6622,6856,0.7%,6622,,,,,,NCDL,2024-08-07
Output Services Group Inc.,First Lien,Business Services,13.75%,,SOFR,8%,,,2028-05-30,155,155,155,0.02%,155,,,,,,NCDL,2024-08-07
Output Services Group Inc.,First Lien,Business Services,12%,,SOFR,6.25%,,,2028-05-30,837,837,837,0.08%,837,,,,,,NCDL,2024-08-07
Phaidon International,First Lien,Business Services,10.94%,,SOFR,5.5%,,,2029-08-22,13635,13532,13468,1.37%,13532,,,,,,NCDL,2024-08-07
Plaze,First Lien,Business Services,12.94%,,SOFR,7.5%,,,2028-07-07,13500,13231,12642,1.28%,13231,,,,,,NCDL,2024-08-07
Press Ganey,First Lien,Business Services,8.84%,,SOFR,3.5%,,,2031-04-30,5855,5797,5801,0.59%,5797,,,,,,NCDL,2024-08-07
Propark Mobility,First Lien,Business Services,11.56%,,SOFR,6.25%,,,2029-01-31,6789,6683,6722,0.68%,6683,11995,,,,,NCDL,2024-08-07
Propark Mobility,First Lien,Business Services,11.58%,,SOFR,6.25%,,,2029-01-31,3118,1274,1291,0.13%,1274,,,,,,NCDL,2024-08-07
Propark Mobility,First Lien,Business Services,11.56%,,SOFR,6.25%,,,2029-01-31,10198,-25,-101,-0.01%,-25,,,,,type_hint_delayed_draw_from_name,NCDL,2024-08-07
Scaled Agile,First Lien,Business Services,10.93%,,SOFR,5.5%,,,2028-12-15,7895,7839,7191,0.73%,7839,,,,,,NCDL,2024-08-07
Scaled Agile,First Lien,Business Services,10.93%,,SOFR,5.5%,,,2028-12-15,388,388,354,0.04%,388,,,,,,NCDL,2024-08-07
Soliant Health,First Lien,Business Services,9.46%,,SOFR,4%,,,2028-03-31,3678,3683,3678,0.37%,3683,,,,,,NCDL,2024-08-07
Soliant Holdings LLC,First Lien,Business Services,9.08%,,SOFR,3.75%,,,2031-06-20,11198,11086,11086,1.12%,11086,,,,,,NCDL,2024-08-07
System One,First Lien,Business Services,9.23%,,SOFR,3.75%,,,2028-03-02,3220,3220,3224,0.33%,3220,,,,,,NCDL,2024-08-07
Technical Safety Services,First Lien,Business Services,10.98%,,SOFR,5.5%,,,2029-06-22,6738,6685,6738,0.68%,6685,1631,,,,,NCDL,2024-08-07
Technical Safety Services,First Lien,Business Services,10.98%,,SOFR,5.5%,,,2029-06-22,6383,4686,4752,0.48%,4686,,,,,,NCDL,2024-08-07
Technical Safety Services,First Lien,Business Services,10.98%,,SOFR,5.5%,,,2029-06-22,1880,1855,1880,0.19%,1855,,,,,,NCDL,2024-08-07
TouchTunes Interactive,First Lien,Business Services,10.09%,,SOFR,4.75%,,,2029-04-02,9850,9787,9872,1%,9787,,,,,,NCDL,2024-08-07
Trilon Group LLC,First Lien,Business Services,10.98%,,SOFR,5.5%,,,2029-05-29,27896,27728,27623,2.8%,27728,,,,,,NCDL,2024-08-07
Trilon Group,Delayed Draw,Business Services,10.98%,,SOFR,5.5%,,,,1875,-9,-18,0%,-9,,,,,,NCDL,2024-08-07
Vistage,First Lien,Business Services,10.08%,,SOFR,4.75%,,,2029-07-13,6965,6932,7017,0.71%,6932,,,,,,NCDL,2024-08-07
Vital Records Control 1,First Lien,Business Services,11.09%,,SOFR,5.5%,,,2027-06-29,4559,4526,4558,0.46%,4526,,,,,,NCDL,2024-08-07
Vital Records Control 2,First Lien,Business Services,11.08%,,SOFR,5.75%,,,2027-06-29,332,329,332,0.03%,329,,,,,,NCDL,2024-08-07
360 Training,First Lien,Consumer & Retail,10.34%,,SOFR,5%,,,2028-08-02,3456,3424,3441,0.35%,3424,3094,,,,,NCDL,2024-08-07
360 Training,First Lien,Consumer & Retail,10.34%,,SOFR,5%,,,2028-08-02,3093,0,-13,0%,0,,,,,,NCDL,2024-08-07
All My Sons,First Lien,Consumer & Retail,10.21%,,SOFR,4.75%,,,2028-10-25,5233,5198,5207,0.53%,5198,,,,,,NCDL,2024-08-07
COP Exterminators Acquisition Inc.,First Lien,Consumer & Retail,9%,,,,,,2030-01-28,855,834,838,0.08%,834,,,,,,NCDL,2024-08-07
COP Exterminators Acquisition,Delayed Draw,Consumer & Retail,9%,4%,,,,,2030-01-28,654,538,533,0.05%,538,,,,,,NCDL,2024-08-07
Excel Fitness,First Lien,Consumer & Retail,10.73%,,SOFR,5.25%,,,2029-04-27,9850,9761,9762,0.99%,9761,2371,,,,,NCDL,2024-08-07
Excel Fitness,First Lien,Consumer & Retail,10.73%,,SOFR,5.25%,,,2029-04-27,2371,-17,0,0%,-17,,,,,,NCDL,2024-08-07
Fairway Lawns,First Lien,Consumer & Retail,8%,5%,,,,,2029-05-17,2800,2739,2732,0.28%,2739,6327,,,,,NCDL,2024-08-07
Fairway Lawns,First Lien,Consumer & Retail,8%,5%,,,,,2029-05-17,6437,6311,6154,0.62%,6311,,,,,,NCDL,2024-08-07
Fairway Lawns,First Lien,Consumer & Retail,8%,5%,,,,,2029-05-17,6201,0,-151,-0.02%,0,,,,,type_hint_delayed_draw_from_name,NCDL,2024-08-07
Legacy Service Partners LLC,First Lien,Consumer & Retail,10.73%,,SOFR,5.25%,,,2029-01-09,10110,9947,10062,1.02%,9947,,,,,,NCDL,2024-08-07
Legacy Service Partners,Delayed Draw,Business Services,10.74%,,SOFR,5.25%,,,,4712,4695,4690,0.48%,4695,,,,,,NCDL,2024-08-07
Liberty Buyer,First Lien,Consumer & Retail,11.12%,,SOFR,5.75%,,,2028-06-15,3909,3881,3909,0.4%,3881,,,,,,NCDL,2024-08-07
Liberty Buyer,First Lien,Consumer & Retail,11%,,SOFR,5.75%,,,2028-06-15,743,294,294,0.03%,294,,,,,,NCDL,2024-08-07
NearU,First Lien,Consumer & Retail,11.51%,,SOFR,6%,,,2028-08-16,8473,8431,7958,0.81%,8431,3034,,,,,NCDL,2024-08-07
NearU (Delayed Draw) 1,First Lien,Consumer & Retail,11.51%,,SOFR,6%,,,2028-08-16,1313,0,-80,-0.01%,0,,,,,type_hint_delayed_draw_from_name,NCDL,2024-08-07
NearU (Delayed Draw) 2,First Lien,Consumer & Retail,11.51%,,SOFR,6%,,,2028-08-16,1427,0,-87,-0.01%,0,,,,,type_hint_delayed_draw_from_name,NCDL,2024-08-07
NearU,First Lien,Consumer & Retail,11.51%,,SOFR,6%,,,2028-08-16,294,0,-18,0%,0,,,,,type_hint_delayed_draw_from_name,NCDL,2024-08-07
NJEye LLC,First Lien,Consumer & Retail,10.17%,,SOFR,4.75%,,,2025-03-14,5312,5310,5308,0.54%,5310,,,,,,NCDL,2024-08-07
NJEye LLC,First Lien,Consumer & Retail,10.17%,,SOFR,4.75%,,,2025-03-14,696,696,696,0.07%,696,,,,,,NCDL,2024-08-07
NJEye LLC,First Lien,Consumer & Retail,9.45%,,SOFR,4.75%,,,2025-03-14,1373,884,883,0.09%,884,,,,,,NCDL,2024-08-07
NJEye LLC,First Lien,Consumer & Retail,10.31%,,SOFR,4.75%,,,2025-03-14,886,886,885,0.09%,886,,,,,,NCDL,2024-08-07
North Haven Spartan US Holdco LLC,First Lien,Consumer & Retail,11.58%,,SOFR,6.25%,,,2026-06-08,2490,2489,2490,0.25%,2489,3260,,,,,NCDL,2024-08-07
North Haven Spartan US Holdco LLC,First Lien,Consumer & Retail,11.58%,,SOFR,6.25%,,,2026-06-08,216,216,216,0.02%,216,,,,,,NCDL,2024-08-07
North Haven Spartan US Holdco LLC,First Lien,Consumer & Retail,11.58%,,SOFR,6.25%,,,2026-06-08,3260,-8,0,0%,-8,,,,,,NCDL,2024-08-07
One World Fitness PFF LLC,First Lien,Consumer & Retail,10.66%,1%,SOFR,5.25%,,,2025-11-26,3876,3877,3719,0.38%,3877,,,,,,NCDL,2024-08-07
Perennial Services Group LLC,First Lien,Consumer & Retail,10.94%,,SOFR,5.5%,,,2029-09-07,6699,6611,6672,0.68%,6611,,,,,,NCDL,2024-08-07
Perennial Services Group,Delayed Draw,Consumer & Retail,10.94%,,SOFR,5.5%,,,,5995,5986,5971,0.61%,5986,,,,,,NCDL,2024-08-07
Repipe Specialists,First Lien,Consumer & Retail,3.33%,9.17%,,,,,2029-03-18,2494,2457,1895,0.19%,2457,0,,,,,NCDL,2024-08-07
Repipe Specialists,First Lien,Consumer & Retail,3.33%,9.17%,,,,,2029-03-18,216,216,164,0.02%,216,,,,,,NCDL,2024-08-07
Wrench Group,First Lien,Consumer & Retail,9.6%,,SOFR,4%,,,2028-10-30,4489,4480,4499,0.46%,4480,,,,,,NCDL,2024-08-07
LMI Renaissance,First Lien,Financial Services,10.84%,,SOFR,5.5%,,,2028-07-18,12193,12083,12208,1.24%,12083,,,,,,NCDL,2024-08-07
BCM One,First Lien,Telecommunications,9.94%,,SOFR,4.5%,,,2027-11-17,5861,5861,5861,0.59%,5861,,,,,,NCDL,2024-08-07
BCM One,First Lien,Telecommunications,9.94%,,SOFR,4.5%,,,2027-11-17,1817,1817,1817,0.18%,1817,,,,,,NCDL,2024-08-07
MBS Holdings Inc.,First Lien,Telecommunications,11.69%,,SOFR,6.25%,,,2027-04-16,1819,1792,1838,0.19%,1792,,,,,,NCDL,2024-08-07
Mobile Communications America Inc.,First Lien,Telecommunications,10.84%,,SOFR,5.5%,,,2029-10-16,18413,18190,18271,1.85%,18190,5671,,,,,NCDL,2024-08-07
Mobile Communications America Inc.,First Lien,Telecommunications,10.83%,,SOFR,6%,,,2029-10-16,5970,259,253,0.03%,259,,,,,cost_suspicious_vs_size|fair_value_suspicious_vs_size,NCDL,2024-08-07
Momentum Telecom II,First Lien,Telecommunications,11.19%,,SOFR,5.75%,,,2027-04-16,10002,9951,9985,1.01%,9951,,,,,,NCDL,2024-08-07
Momentum Telecom II,First Lien,Telecommunications,11.94%,,SOFR,6.5%,,,2027-04-16,1308,1287,1321,0.13%,1287,,,,,,NCDL,2024-08-07
Sapphire Telecom Inc.,First Lien,Telecommunications,10.34%,,SOFR,5%,,,2029-06-27,19139,18948,18948,1.92%,18948,,,,,,NCDL,2024-08-07
Tyto Athene LLC,First Lien,Telecommunications,10.95%,,SOFR,5.5%,,,2028-04-01,7157,7112,6568,0.67%,7112,,,,,,NCDL,2024-08-07
Armstrong Transport Group 1,First Lien,Transportation & Logistics,,17%,,,,,2027-06-30,1017,997,997,0.1%,997,,,,,,NCDL,2024-08-07
Armstrong Transport Group 2,First Lien,Transportation & Logistics,7%,7%,,,,,2027-06-30,7350,7208,7205,0.73%,7208,,,,,,NCDL,2024-08-07
AIT Logistics,First Lien,Transportation & Logistics,10.18%,,SOFR,4.75%,,,2028-04-06,625,624,626,0.06%,624,,,,,,NCDL,2024-08-07
FSK Pallet Holding Corp.,First Lien,Transportation & Logistics,11.48%,,SOFR,6%,,,2026-12-23,9825,9699,9503,0.96%,9699,,,,,,NCDL,2024-08-07
Kenco Group Inc.,First Lien,Transportation & Logistics,10.29%,,SOFR,5%,,,2029-11-15,21994,21824,22199,2.25%,21824,,,,,,NCDL,2024-08-07
Kenco Group,Delayed Draw,Transportation & Logistics,10.29%,,SOFR,5%,,,2029-11-15,3839,-28,36,0%,-28,,,,,fair_value_suspicious_vs_size,NCDL,2024-08-07
Kenco Group,Delayed Draw,Transportation & Logistics,10.29%,,SOFR,5%,,,2029-11-15,4111,-41,38,0%,-41,,,,,fair_value_suspicious_vs_size,NCDL,2024-08-07
Quantix (Incremental) 1,First Lien,Transportation & Logistics,12.2%,,SOFR,6.75%,,,2026-08-03,256,256,247,0.03%,256,,,,,,NCDL,2024-08-07
Quantix (Incremental) 2,First Lien,Transportation & Logistics,12.2%,,SOFR,6.75%,,,2026-08-03,890,888,858,0.09%,888,,,,,,NCDL,2024-08-07
Quantix (Incremental) 3,First Lien,Transportation & Logistics,12.2%,,SOFR,6.75%,,,2026-08-03,180,179,173,0.02%,179,,,,,,NCDL,2024-08-07
Quantix (Incremental) 4,First Lien,Transportation & Logistics,12.2%,,SOFR,6.75%,,,2026-08-03,4345,4333,4187,0.42%,4333,,,,,,NCDL,2024-08-07
Quantix (Incremental) 5,First Lien,Transportation & Logistics,11.9%,,SOFR,6.75%,,,2026-08-03,1352,1342,1303,0.13%,1342,,,,,,NCDL,2024-08-07
SEKO Global Logistics 1,First Lien,Transportation & Logistics,,15.98%,SOFR,5%,,,2027-06-30,5905,5839,381,0.04%,5839,,,,,,NCDL,2024-08-07
SEKO Global Logistics 2,First Lien,Transportation & Logistics,,15.98%,SOFR,5%,,,2027-06-30,4098,4049,264,0.03%,4049,,,,,,NCDL,2024-08-07
SEKO Global Logistics 3,First Lien,Transportation & Logistics,10.48%,,SOFR,5%,,,2026-12-30,1122,1116,806,0.08%,1116,,,,,,NCDL,2024-08-07
SEKO Global Logistics,First Lien,Transportation & Logistics,,15.98%,SOFR,5%,,,2027-06-30,923,923,60,0.01%,923,,,,,,NCDL,2024-08-07
SEKO Global Logistics,First Lien,Transportation & Logistics,10.47%,,SOFR,5%,,,2026-12-30,4473,4473,3212,0.33%,4473,,,,,type_hint_delayed_draw_from_name,NCDL,2024-08-07
SEKO Global Logistics,First Lien,Transportation & Logistics,10.48%,,SOFR,5%,,,2026-12-30,1513,1504,1087,0.11%,1504,,,,,,NCDL,2024-08-07
TI ACQUISITION NC LLC,First Lien,Transportation & Logistics,10.04%,,SOFR,4.75%,,,2027-03-19,2766,2711,2702,0.27%,2711,,,,,,NCDL,2024-08-07
Alternative Logistics Technologies Buyer LLC,First Lien,Transportation & Logistics,10.84%,,SOFR,5.5%,,,2031-02-14,10613,10515,10511,1.07%,10515,3040,,,,,NCDL,2024-08-07
Alternative Logistics Technologies Buyer,Delayed Draw,Transportation & Logistics,10.84%,,SOFR,5.5%,,,2031-02-14,3040,0,-29,0%,0,,,,,,NCDL,2024-08-07
American Student Transportaton Partners Inc.,First Lien,Transportation & Logistics,6%,8.5%,,,,,2029-09-11,2170,2120,2098,0.21%,2120,,,,,,NCDL,2024-08-07
DMC HoldCo LLC,First Lien,Utilities: Electric,11.08%,,SOFR,5.75%,,,2029-07-13,4975,4909,5005,0.51%,4909,,,,,,NCDL,2024-08-07
DMC HoldCo LLC,First Lien,Utilities: Electric,11.08%,,SOFR,5.75%,,,2029-07-13,1671,-4,10,0%,-4,,,,,fair_value_suspicious_vs_size,NCDL,2024-08-07
Pinnacle Supply Partners LLC,First Lien,Utilities: Electric,11.69%,,SOFR,6.25%,,,2030-04-03,6300,6191,6258,0.63%,6191,2242,,,,,NCDL,2024-08-07
Pinnacle Supply Partners,Delayed Draw,Utilities: Electric,11.65%,,SOFR,6.25%,,,,3633,1365,1366,0.14%,1365,,,,,,NCDL,2024-08-07
USA Water,First Lien,Utilities: Water,10.08%,,SOFR,4.75%,,,2031-02-21,7877,7805,7819,0.79%,7805,3037,,,,,NCDL,2024-08-07
USA Water,First Lien,Utilities: Water,10.08%,,SOFR,4.75%,,,2031-02-21,3037,0,-22,0%,0,,,,,,NCDL,2024-08-07
Industrial Service Group,First Lien,Distribution & Wholesale,11.09%,,SOFR,5.75%,,,2028-12-07,6492,6387,6427,0.65%,6387,,,,,,NCDL,2024-08-07
Industrial Service Group,First Lien,Distribution & Wholesale,11.09%,,SOFR,5.75%,,,2028-12-07,3380,3367,3346,0.34%,3367,,,,,,NCDL,2024-08-07
INS Intermediate II LLC,First Lien,Distribution & Wholesale,11.98%,,SOFR,6.5%,,,2029-01-19,7885,7761,7895,0.81%,7761,,,,,,NCDL,2024-08-07
INS Intermediate II,Delayed Draw,Media & Entertainment,11.98%,,SOFR,6.5%,,,,1979,-30,3,0%,-30,,,,,fair_value_suspicious_vs_size,NCDL,2024-08-07
Micronics,First Lien,Distribution & Wholesale,10.81%,,SOFR,5.25%,,,2027-02-17,2450,2409,2406,0.24%,2409,,,,,,NCDL,2024-08-07
TPC Wire & Cable,First Lien,Distribution & Wholesale,11%,,,,,,2028-02-16,2252,2234,2214,0.22%,2234,,,,,,NCDL,2024-08-07
TPC Wire & Cable,First Lien,Distribution & Wholesale,11%,,,,,,2028-02-16,922,921,906,0.09%,921,,,,,,NCDL,2024-08-07
TPC Wire & Cable Corp.,First Lien,Distribution & Wholesale,11%,,,,,,2028-02-16,1717,860,831,0.08%,860,,,,,,NCDL,2024-08-07
BPC Kodiak LLC,Other Equity,Aerospace & Defense,,,,,,,2023-09-01,,1530,1975,0.2%,1530,,,,1530000,,NCDL,2024-08-07
Covercraft 1,Other Equity,Automotive,,,,,,,,,768,181,0.02%,768,,,,768,,NCDL,2024-08-07
High Bar Brands 1,Other Equity,Automotive,,,,,,,,,303,331,0.03%,303,,,,303000,,NCDL,2024-08-07
S&S Truck Parts 3,Other Equity,Automotive,,,,,,,,,378,369,0.04%,378,,,,4,,NCDL,2024-08-07
S&S Truck Parts 4,Other Equity,Automotive,,,,,,,,,290,75,0.01%,290,,,,78543,,NCDL,2024-08-07
S&S Truck Parts 5,Other Equity,Automotive,,,,,,,2024-06-03,,1000,1000,0.1%,1000,,,,1000,,NCDL,2024-08-07
S&S Truck Parts 6,Other Equity,Automotive,,,,,,,2024-06-03,,1,1,0%,1,,,,1000,,NCDL,2024-08-07
Bardstown PPC Holdings LLC,Other Equity,Food & Beverage,,,,,,,,,1860,1933,0.21%,1860,,,,14777,,NCDL,2024-08-07
Fresh Edge - Common,Other Equity,Food & Beverage,,,,,,,,,3,39,0%,3,,,,682,,NCDL,2024-08-07
Fresh Edge - Preferred,Other Equity,Food & Beverage,,,,,,,,,682,694,0.07%,682,,,,682,,NCDL,2024-08-07
Tech24,Other Equity,Food & Beverage,,,,,,,2023-10-05,,954,1030,0.1%,954,3046,,,954,,NCDL,2024-08-07
Crete Mechanical Group 1,Other Equity,Industrials,,,,,,,,,249,715,0.07%,249,,,,24,,NCDL,2024-08-07
EFC Holdings LLC,Other Equity,Industrials,,,,,,,,,60,153,0.02%,60,,,,148,,NCDL,2024-08-07
EFC Holdings LLC,Other Equity,Industrials,,,,,,,,,148,164,0.02%,148,,,,148,,NCDL,2024-08-07
E-Technologies 1,Other Equity,Industrials,,,,,,,2024-05-22,,1000,1000,0.1%,1000,,,,1000000,,NCDL,2024-08-07
Precision Surfacing - Common,Other Equity,Industrials,,,,,,,,,3750,6450,0.64%,3750,,,,3750000,,NCDL,2024-08-07
Erie Construction 1,Other Equity,Industrials,,,,,,,,,166,447,0.05%,166,,,,166,,NCDL,2024-08-07
Gannett Fleming 1,Other Equity,Industrials,,,,,,,,,711,1229,0.13%,711,,,,711481,,NCDL,2024-08-07
Gannett Fleming 2,Other Equity,Industrials,,,,,,,,,531,916,0.09%,531,,,,530629,,NCDL,2024-08-07
FoodScience 1,Other Equity,Consumer & Retail,,,,,,,,,5,0,0%,5,,,,5168,,NCDL,2024-08-07
FoodScience 2,Other Equity,Consumer & Retail,,,,,,,,,98,109,0.01%,98,,,,98,,NCDL,2024-08-07
Ultima Health Holdings LLC,Other Equity,Consumer & Retail,,,,,,,,,170,240,0.02%,170,,,,15,,NCDL,2024-08-07
Oliver Packaging 1,Other Equity,Containers & Packaging,,,,,,,,,1023,438,0.04%,1023,,,,10230,,NCDL,2024-08-07
Specialized Packaging Group,Other Equity,Containers & Packaging,,,,,,,,,148,172,0.02%,148,,,,147708,,NCDL,2024-08-07
AG MDC Holdings Inc.,Other Equity,Healthcare,,,,,,,2023-02-07,,245,196,0.02%,245,,,,245,,NCDL,2024-08-07
Anne Arundel,Other Equity,Healthcare,,,,,,,,,880,0,0%,880,366,,,12175,,NCDL,2024-08-07
Health Management Associates 1,Other Equity,Healthcare,,,,,,,,,400,495,0.05%,400,,,,399904,,NCDL,2024-08-07
REP HS Topco Holdings,Other Equity,Healthcare,,,,,,,2023-08-31,,577,691,0.07%,577,,,,577000,,NCDL,2024-08-07
ITSavvy LLC,Other Equity,Software & Technology,,,,,,,,,522,1477,0.15%,522,,,,522,,NCDL,2024-08-07
Solve Industrial Motion Group,Other Equity,Software & Technology,,,,,,,,,313,116,0.01%,313,,,,313,,NCDL,2024-08-07
BroadcastMed Holdco LLC,Other Equity,Media & Entertainment,,,,,,,,,853,687,0.07%,853,,,,56899,,NCDL,2024-08-07
Apex Companies Holdings LLC,Other Equity,Business Services,,,,,,,,,117,134,0.01%,117,,,,1173,,NCDL,2024-08-07
Career Now 1,Other Equity,Business Services,,,,,,,,,624,0,0%,624,,,,624,,NCDL,2024-08-07
Career Now 2,Other Equity,Business Services,,,,,,,,,22,0,0%,22,,,,222,,NCDL,2024-08-07
E78,Other Equity,Business Services,,,,,,,,,860,845,0.1%,860,15639,,,816,,NCDL,2024-08-07
KRIV Acquisition Inc.,Other Equity,Business Services,,,,,,,,,790,698,0.07%,790,,,,790,,NCDL,2024-08-07
Output Services Group Inc.,Other Equity,Business Services,,,,,,,,,833,900,0.09%,833,,,,47021,,NCDL,2024-08-07
COP Exterminators Investment LLC,Other Equity,Consumer & Retail,,,,,,,2023-07-31,,1117,1215,0.11%,1117,,,,997000,,NCDL,2024-08-07
Legacy Service Partners LLC,Other Equity,Consumer & Retail,,,,,,,,,491,569,0.06%,491,,,,4907,,NCDL,2024-08-07
NearU 1,Other Equity,Consumer & Retail,,,,,,,,,243,152,0.02%,243,,,,2432,,NCDL,2024-08-07
Perennial Services Investors LLC,Other Equity,Consumer & Retail,,,,,,,2023-09-08,,778,1078,0.11%,778,,,,7784,,NCDL,2024-08-07
Repipe Specialists 1,Other Equity,Consumer & Retail,,,,,,,,,253,0,0%,253,,,,253,,NCDL,2024-08-07
LMI Renaissance 1,Other Equity,Financial Services,,,,,,,,,634,1220,0.12%,634,,,,633980,,NCDL,2024-08-07
RoadOne - Common,Other Equity,Transportation & Logistics,,,,,,,,,939,1139,0.12%,939,,,,1173220,,NCDL,2024-08-07
SEKO Global Logistics,Other Equity,Transportation & Logistics,,,,,,,,,332,0,0%,332,,,,671203,,NCDL,2024-08-07
ASTP Holdings Co-Investment LP,Other Equity,Transportation & Logistics,,,,,,,2023-09-11,,101,88,0.01%,101,106,,,101041,,NCDL,2024-08-07
Pinnacle Supply Partners LLC,Other Equity,Utilities: Electric,,,,,,,,,280,302,0.03%,280,,,,279687,,NCDL,2024-08-07
USA Water 1,Other Equity,Utilities: Water,,,,,,,,,478,513,0.05%,478,,,,4781,,NCDL,2024-08-07
BlackRock Liquidity Funds Treasury - T-Fund - Institutional Class,Other Equity,,5.19%,,,,,,,,67654,67654,6.87%,67654,,,,67654000,,NCDL,2024-08-07
First American Government Obligations Fund,Other Equity,Business Services,5.19%,,,,,,,,31,31,0%,31,,,,31000,,NCDL,2024-08-07
Apex Companies,Other,Business Services,,,,,,,,,,,,,1002000,,,,,NCDL,2024-08-07
Chroma Color,Other,Other,,,,,,,,,,,,,1379000,,,,,NCDL,2024-08-07
ClaimLogiq,Other,Other,,,,,,,,,,,,,3225000,,,,,NCDL,2024-08-07
Classic Collision,Other,Other,,,,,,,,,,,,,0,,,,,NCDL,2024-08-07
CMP Ren Partners I-A LP,Other,Other,,,,,,,,,,,,,15000,,,,,NCDL,2024-08-07
Crete,Other,Other,,,,,,,,,,,,,0,,,,,NCDL,2024-08-07
DMC Power,Other,Other,,,,,,,,,,,,,1671000,,,,,NCDL,2024-08-07
Eliassen Group LLC,Other,Software & Technology,,,,,,,2028-04-14,,,,,,0,,,,,NCDL,2024-08-07
Engage,Other,Other,,,,,,,,,,,,,7433000,,,,,NCDL,2024-08-07
Ergotech,Other,Other,,,,,,,,,,,,,1979000,,,,,NCDL,2024-08-07
EyeSouth,Other,Other,,,,,,,,,,,,,885000,,,,,NCDL,2024-08-07
Heartland Veterinary Partners,Other,Healthcare,,,,,,,,,,,,,3600000,,,,,NCDL,2024-08-07
Infobase,Other,Other,,,,,,,,,,,,,0,,,,,NCDL,2024-08-07
Integrated Power Services,Other,Business Services,,,,,,,,,,,,,5487000,,,,,NCDL,2024-08-07
ITSavvy,Other,Software & Technology,,,,,,,,,,,,,158000,,,,,NCDL,2024-08-07
Kenco,Other,Transportation & Logistics,,,,,,,2029-11-15,,,,,,7950000,,,,,NCDL,2024-08-07
Leo Facilities,Other,Other,,,,,,,,,,,,,1671000,,,,,NCDL,2024-08-07
Liberty Group,Other,Other,,,,,,,,,,,,,449000,,,,,NCDL,2024-08-07
MEI Buyer LLC,Other,Other,,,,,,,,,,,,,1814000,,,,,NCDL,2024-08-07
Mosaic Dental,Other,Healthcare,,,,,,,,,,,,,254000,,,,,NCDL,2024-08-07
NJEye LLC,Other,Consumer & Retail,,,,,,,2025-03-14,,,,,,489000,,,,,NCDL,2024-08-07
Palmetto Exterminators,Other,Other,,,,,,,,,,,,,109000,,,,,NCDL,2024-08-07
Prompt Care,Other,Other,,,,,,,,,,,,,1437000,,,,,NCDL,2024-08-07
Randy's Worldwide Automotive,Other,Automotive,,,,,,,,,,,,,3060000,,,,,NCDL,2024-08-07
Riveron,Other,Other,,,,,,,,,,,,,1607000,,,,,NCDL,2024-08-07
RMA Companies,Other,Other,,,,,,,,,,,,,2789000,,,,,NCDL,2024-08-07
RoadOne- Common,Other,Transportation & Logistics,,,,,,,,,,,,,0,,,,,NCDL,2024-08-07
TPC Wire & Cable Corp.,Other,Distribution & Wholesale,,,,,,,2028-02-16,,,,,,857000,,,,,NCDL,2024-08-07
Wellspring,Other,Other,,,,,,,,,,,,,3756000,,,,,NCDL,2024-08-07
WSB / EST,Other,Other,,,,,,,,,,,,,1307000,,,,,NCDL,2024-08-07
