company_name,company_id,investment_type,industry,cash_rate,pik_rate,reference_rate,spread,acquisition_date,maturity_date,principal_amount,amortized_cost,fair_value,percent_of_net_assets,cost,commitment_limit,undrawn_commitment,ticker,filing_date
SOUTH COAST TERMINALS LLC,co_045b96f594df,First Lien,Chemicals,11.43%,,SOFR (M),6.00%,2021-12-13,2026-12-11,14413,14243,14269,,14243,,,CSWC,2024-05-21
SOUTH COAST TERMINALS LLC,co_045b96f594df,First Lien,Chemicals,10.03%,,LIBOR (M),5.25%,2021-12-13,2026-12-11,17839,17560,17839,,17560,,,CSWC,2024-05-21
EMERALD TECHNOLOGIES (U.S.) ACQUISITIONCO INC,co_1c9cabf1eeba,First Lien,Technology Hardware,11.74%,,SOFR (Q),6.25%,2024-03-12,2027-12-29,3496,3460,3216,,3460,,,CSWC,2024-05-21
TRAFERA LLC,co_4f9bb7e2c386,First Lien,Technology Hardware,12.48%,,SOFR (Q),7.00%,2020-09-30,2025-09-30,5675,5645,5590,,5645,,,CSWC,2024-05-21
TRAFERA LLC,co_4f9bb7e2c386,Unsecured Debt,Technology Hardware,,12.00%,N/A,N/A,2022-02-07,2026-03-31,75,75,75,,75,,,CSWC,2024-05-21
INTERMEDIA HOLDINGS INC,co_203f35f0f4ca,First Lien,Telecommunications,11.43%,,SOFR (M),6.00%,2024-03-14,2025-07-21,5231,5209,5178,,5209,,,CSWC,2024-05-21
LOGIX HOLDINGS COMPANY LLC,co_d5e6d74a35eb,First Lien,Telecommunications,13.25%,,Prime (Q),4.75%,2024-03-11,2024-12-22,3555,3551,2755,,3551,,,CSWC,2024-05-21
MERCURY ACQUISITION 2021 LLC,co_a3902379f9b2,First Lien,Telecommunications,13.59%,,SOFR (Q),8.00%,2021-12-06,2026-12-07,12957,12802,11338,,12802,,,CSWC,2024-05-21
MERCURY ACQUISITION 2021 LLC,co_a3902379f9b2,First Lien,Telecommunications,12.75%,,LIBOR (Q),8.00%,2021-12-06,2026-12-07,12344,12150,11949,,12150,,,CSWC,2024-05-21
ISI ENTERPRISES LLC,co_a0f49ff8b27e,First Lien,Software,11.75%,,LIBOR (Q),7.00%,2021-10-01,2026-10-01,5000,4926,5000,,4926,,,CSWC,2024-05-21
ISI ENTERPRISES LLC,co_a0f49ff8b27e,Preferred Equity,Software,,,N/A,N/A,2021-10-01,,,1000,1000,,1000,,,CSWC,2024-05-21
ISLAND PUMP AND TANK LLC,co_84173c4cf777,Revolver,Environmental Services,12.67%,,SOFR (Q),7.50%,2023-03-02,2026-08-03,500,471,471,,471,,,CSWC,2024-05-21
ISLAND PUMP AND TANK LLC,co_84173c4cf777,First Lien,Environmental Services,12.66%,,SOFR (Q),7.50%,2023-03-02,2026-08-03,9000,8823,8823,,8823,,,CSWC,2024-05-21
ISLAND PUMP AND TANK LLC,co_84173c4cf777,First Lien,Environmental Services,11.59%,,SOFR (Q),6.00%,2024-02-23,2026-08-03,12000,11797,12000,,11797,,,CSWC,2024-05-21
ISLAND PUMP AND TANK LLC,co_84173c4cf777,First Lien,Environmental Services,12.59%,,SOFR (Q),7.00%,2024-02-23,2026-08-03,12000,11797,12000,,11797,,,CSWC,2024-05-21
ISLAND PUMP AND TANK LLC,co_84173c4cf777,First Lien,Environmental Services,13.59%,,SOFR (Q),8.00%,2024-02-23,2026-08-03,12000,11796,12000,,11796,,,CSWC,2024-05-21
ISLAND PUMP AND TANK LLC,co_84173c4cf777,Preferred Equity,Environmental Services,,,N/A,N/A,2023-03-02,,,750,750,,750,,,CSWC,2024-05-21
JVMC HOLDINGS CORP,co_8681cf91a0f7,First Lien,Financial Services,11.34%,,LIBOR (M),6.50%,2019-02-28,2024-02-28,6132,6117,6132,,6117,,,CSWC,2024-05-21
KMS INC,co_156ae7c54aa9,First Lien,Business Services,12.44%,,LIBOR (Q),7.25%,2021-10-04,2026-10-02,15800,15681,14299,,15681,,,CSWC,2024-05-21
KMS INC,co_156ae7c54aa9,First Lien,Other,14.70%,,SOFR (Q),9.25%,2021-10-04,2026-10-02,17856,17720,15892,,17720,,,CSWC,2024-05-21
KMS INC,co_156ae7c54aa9,Delayed Draw,Business Services,12.44%,,LIBOR (Q),7.25%,2021-10-04,2026-10-02,2228,2174,2016,,2174,,,CSWC,2024-05-21
SYSTEC CORPORATION,co_9f780ec41626,Revolver,Business Services,12.98%,,SOFR (Q),7.50%,2021-08-13,2025-08-13,2000,1986,1984,,1986,,,CSWC,2024-05-21
SYSTEC CORPORATION,co_9f780ec41626,First Lien,Business Services,12.98%,,SOFR (Q),7.50%,2021-08-13,2025-08-13,8440,8375,8372,,8375,,,CSWC,2024-05-21
US COURTSCRIPT HOLDINGS INC,co_b35785210f2f,First Lien,Business Services,11.59%,,SOFR (Q),6.00%,2022-05-17,2027-05-17,14800,14589,14800,,14589,,,CSWC,2024-05-21
WINTER SERVICES OPERATIONS LLC,co_72e74441b57a,Revolver,Business Services,13.58%,,SOFR (Q),8.00%,2021-11-19,2026-11-19,3556,3447,3449,,3447,,,CSWC,2024-05-21
WINTER SERVICES OPERATIONS LLC,co_72e74441b57a,First Lien,Business Services,12.59%,,SOFR (Q),7.00%,2024-01-16,2026-11-19,15967,15675,15488,,15675,,,CSWC,2024-05-21
WINTER SERVICES OPERATIONS LLC,co_72e74441b57a,First Lien,Business Services,14.59%,,SOFR (Q),9.00%,2024-01-16,2026-11-19,15967,15674,15488,,15674,,,CSWC,2024-05-21
WINTER SERVICES OPERATIONS LLC,co_72e74441b57a,First Lien,Business Services,11.75%,,LIBOR (Q),7.00%,2021-11-19,2026-11-19,20000,19693,20000,,19693,,,CSWC,2024-05-21
WINTER SERVICES OPERATIONS LLC,co_72e74441b57a,Delayed Draw,Business Services,13.59%,,SOFR (Q),8.00%,2021-11-19,2026-11-19,4133,4067,4009,,4067,,,CSWC,2024-05-21
ZENFOLIO INC,co_1eb3d6138814,Revolver,Business Services,14.48%,,SOFR (Q),9.00%,2017-07-17,2026-12-31,2000,197,,,,,,CSWC,2024-05-21
CRAFTY APES LLC,co_5c84eaa8a16c,First Lien,Media & Entertainment,12.07%,,SOFR (Q),7.02%,2021-06-09,2024-11-01,15000,14911,15000,,14911,,,CSWC,2024-05-21
EVEREST TRANSPORTATION SYSTEMS LLC,co_48297d756aa2,First Lien,Transportation & Logistics,12.91%,,SOFR (M),8.00%,2021-11-09,2026-08-26,8566,8498,8566,,8498,,,CSWC,2024-05-21
EXACT BORROWER LLC,co_b27ef4bff474,First Lien,Media & Entertainment,12.24%,,SOFR (Q),7.50%,2022-12-07,2027-08-06,9450,9271,9271,,9271,,,CSWC,2024-05-21
EXACT BORROWER LLC,co_b27ef4bff474,Other Debt,Media & Entertainment,13.574%,,N/A,,2022-12-07,2028-12-06,385,385,385,,385,,,CSWC,2024-05-21
EXACT BORROWER LLC,co_b27ef4bff474,Common Equity,Media & Entertainment,,,N/A,,2022-12-07,,,770,,,,,,CSWC,2024-05-21
FLIP ELECTRONICS LLC,co_7f58a3e4c63f,First Lien,Technology Hardware,12.41%,,SOFR (Q),7.50%,2021-01-04,2026-01-02,31845,31214,31845,,31214,,,CSWC,2024-05-21
LIGHTNING INTERMEDIATE II LLC,co_e8581d4ccd0b,First Lien,Healthcare Services,11.54%,,SOFR (S),6.50%,2022-06-06,2027-06-07,22714,22318,22305,,22318,,,CSWC,2024-05-21
LIGHTNING INTERMEDIATE II LLC,co_e8581d4ccd0b,Common Equity,Medical Devices & Equipment,,,,,,2022-06-06,,600,263,,600,,,CSWC,2024-05-21
LLFLEX LLC,co_93c5c8bf907e,First Lien,Packaging,13.75%,,LIBOR (Q),9.00%,2021-08-16,2026-08-14,10835,10656,10131,,10656,,,CSWC,2024-05-21
MAKO STEEL LP,co_900ac3a50ba4,Revolver,Business Services,11.89%,,LIBOR (S),7.25%,2021-03-15,2026-03-13,943,921,939,,921,,,CSWC,2024-05-21
MAKO STEEL LP,co_900ac3a50ba4,First Lien,Business Services,12.30%,,LIBOR (Q),7.25%,2021-03-15,2026-03-13,7879,7778,7839,,7778,,,CSWC,2024-05-21
MAKO STEEL LP,co_900ac3a50ba4,First Lien,Other,12.98%,,SOFR (Q),7.50%,2021-03-15,2026-03-13,7727,7658,7727,,7658,,,CSWC,2024-05-21
MERCURY ACQUISITION 2021 LLC,co_a3902379f9b2,Second Lien,Telecommunications,15.75%,,LIBOR (Q),11.00%,2021-12-06,2026-12-07,2759,2715,2593,,2715,,,CSWC,2024-05-21
ROSELAND MANAGEMENT LLC,co_395744170f9c,Revolver,Healthcare Services,12.74%,2.00%,SOFR (Q),8.00%,2018-11-09,2024-11-12,575,566,555,,566,,,CSWC,2024-05-21
ROSELAND MANAGEMENT LLC,co_395744170f9c,First Lien,Healthcare Services,12.74%,2.00%,SOFR (Q),8.00%,2018-11-09,2024-11-12,15051,15008,14524,,15008,,,CSWC,2024-05-21
ROSELAND MANAGEMENT LLC,co_395744170f9c,Preferred Equity,Healthcare Services,,,N/A,,2023-03-31,,,202,694,,202,,,CSWC,2024-05-21
ROSELAND MANAGEMENT LLC,co_395744170f9c,Preferred Equity,Healthcare Services,,,N/A,,2022-09-26,,,66,161,,66,,,CSWC,2024-05-21
ROSELAND MANAGEMENT LLC,co_395744170f9c,Preferred Equity,Healthcare Services,,,N/A,,2018-11-09,,,1517,422,,1517,,,CSWC,2024-05-21
SONOBI INC,co_c9d0753251d9,Common Equity,Marketing & Advertising,,,N/A,,2020-09-17,,,500,1749,,500,,,CSWC,2024-05-21
STATINMED LLC,co_d7720669c4fa,First Lien,Healthcare Services,4.78%,9.50%,SOFR (M),9.50%,2022-07-01,2027-07-01,7288,7288,7288,,7288,,,CSWC,2024-05-21
STATinMED LLC,co_d7720669c4fa,First Lien,,,,,,,,7560,,4914,,,,,CSWC,2024-05-21
STATINMED LLC,co_d7720669c4fa,Delayed Draw,Healthcare Services,4.78%,9.50%,SOFR (M),9.50%,2022-12-23,2023-04-15,122,122,122,,122,,,CSWC,2024-05-21
STATINMED LLC,co_d7720669c4fa,Preferred Equity,Healthcare Services,,,N/A,,2022-07-01,,,4838,3767,,4838,,,CSWC,2024-05-21
WALL STREET PREP INC,co_001c2426f579,First Lien,Education,11.75%,,LIBOR (Q),7.00%,2021-07-19,2026-07-20,10588,10436,10588,,10436,,,CSWC,2024-05-21
WALL STREET PREP INC,co_001c2426f579,First Lien,Education,12.48%,,SOFR (Q),7.00%,2021-07-19,2026-07-20,9239,9142,9239,,9142,,,CSWC,2024-05-21
WALL STREET PREP INC,co_001c2426f579,Preferred Equity,Education,,,N/A,,2021-07-19,,,1000,1205,,1000,,,CSWC,2024-05-21
WELL-FOAM INC,co_8f3368a9e0a6,First Lien,Energy Services,12.75%,,LIBOR (Q),8.00%,2021-09-09,2026-09-09,17730,17466,17730,,17466,,,CSWC,2024-05-21
WELL-FOAM INC,co_8f3368a9e0a6,First Lien,Energy Services,13.48%,,SOFR (Q),8.00%,2021-09-09,2026-09-09,12541,12401,,,,,,CSWC,2024-05-21
ZENFOLIO INC,co_1eb3d6138814,First Lien,Business Services,13.82%,,SOFR (Q),9.00%,2017-07-17,2025-07-17,18913,187,,,,,,CSWC,2024-05-21
TRU FRAGRANCE & BEAUTY LLC,co_cf46ebcbbd56,Revolver,Consumer Products,11.58%,,SOFR (Q),6.25%,2024-03-22,2029-03-21,100,20,98,,20,,,CSWC,2024-05-21
TRU FRAGRANCE & BEAUTY LLC,co_cf46ebcbbd56,First Lien,Consumer Products,10.58%,,SOFR (Q),5.25%,2024-03-22,2029-03-21,15251,14948,14948,,14948,,,CSWC,2024-05-21
TRU FRAGRANCE & BEAUTY LLC,co_cf46ebcbbd56,First Lien,Consumer Products,12.58%,,SOFR (Q),7.25%,2024-03-22,2029-03-21,15251,14948,14948,,14948,,,CSWC,2024-05-21
YS GARMENTS LLC,co_704a49d43caf,First Lien,Consumer Products,12.92%,,SOFR (Q),7.50%,2024-03-19,2026-08-09,2953,2946,2401,,2946,,,CSWC,2024-05-21
AIR CONDITIONING SPECIALIST INC,co_75e4fe950182,Revolver,Business Services,12.84%,,SOFR (Q),7.25%,2021-11-09,2026-11-09,825,813,825,,813,,,CSWC,2024-05-21
AIR CONDITIONING SPECIALIST INC,co_75e4fe950182,First Lien,Business Services,12.84%,,SOFR (Q),7.25%,2021-11-09,2026-11-09,24407,24116,24407,,24116,,,CSWC,2024-05-21
AIR CONDITIONING SPECIALIST INC,co_75e4fe950182,First Lien,Business Services,12.12%,,SOFR (Q),7.25%,2021-11-09,2026-11-09,27438,26940,27438,,26940,,,CSWC,2024-05-21
Air Conditioning Specialist Inc,co_75e4fe950182,First Lien,Business Services,,,,,,24407,,24407,,,,,,CSWC,2024-05-21
LIFT BRANDS INC,co_8a09c8879dfe,First Lien,Hotels & Leisure,12.93%,,SOFR (M),7.50%,2024-02-01,2025-06-29,2452,2452,2403,,2452,,,CSWC,2024-05-21
MUENSTER MILLING COMPANY LLC,co_bd8f9561dd37,Common Equity,Food & Beverage,,,,,,2023-12-20,,500,316,,500,,,CSWC,2024-05-21
COMMAND GROUP ACQUISITION LLC,co_65f964ed396f,Preferred Equity,Medical Devices & Equipment,,,,,,2024-02-15,,1250,1250,,1250,,,CSWC,2024-05-21
LGM PHARMA LLC,co_994a739ec11e,Common Equity,Medical Devices & Equipment,,,,,,2017-11-15,,1600,5258,,1600,,,CSWC,2024-05-21
LKC TECHNOLOGIES INC,co_4eaac3cd1a9f,Common Equity,Medical Devices & Equipment,,,,,,2023-06-07,,1000,1460,,1000,,,CSWC,2024-05-21
SCRIP INC,co_b1b3af1ef63d,Common Equity,Medical Devices & Equipment,,,,,,2019-03-21,,1000,751,,1000,,,CSWC,2024-05-21
AAC NEW HOLDCO INC,co_695a4d6ca642,Common Equity,Healthcare Services,,,,,,2020-12-11,,1785,1173,,1785,,,CSWC,2024-05-21
AAC NEW HOLDCO INC,co_695a4d6ca642,Warrants,Healthcare Services,,,,,,2020-12-11,,2198,1030,,2198,,,CSWC,2024-05-21
ASC ORTHO MANAGEMENT COMPANY LLC,co_7e4c3a264a16,Common Equity,Healthcare Services,,,,,,2018-08-31,,1026,619,,1026,,,CSWC,2024-05-21
CAVALIER BUYER INC,co_febe941e4faf,Preferred Equity,Healthcare Services,,,,,,2023-02-10,,690,726,,690,,,CSWC,2024-05-21
CDC DENTAL MANAGEMENT CO LLC,co_458ada2f1b44,Preferred Equity,Healthcare Services,,,,,,2023-10-31,,1000,1000,,1000,,,CSWC,2024-05-21
CENTRAL MEDICAL SUPPLY LLC,co_c72e8c603730,Preferred Equity,Healthcare Services,,,,,,2020-05-22,,1224,1360,,1224,,,CSWC,2024-05-21
STATINMED,co_d7720669c4fa,Preferred Equity,Healthcare Services,,,N/A,,2022-07-01,,,4838,,,4838,,,CSWC,2024-05-21
STATINMED,co_d7720669c4fa,Preferred Equity,Healthcare Services,,,N/A,,2022-07-01,,,1400,,,1400,,,CSWC,2024-05-21
DAMOTECH,co_c5160837f7d3,Preferred Equity,Manufacturing,,,N/A,,2023-07-07,,,1127,1228,,1127,,,CSWC,2024-05-21
DAMOTECH,co_c5160837f7d3,Common Equity,Manufacturing,,,N/A,,2023-07-07,,,,355,,,,,CSWC,2024-05-21
GPT INDUSTRIES,co_0812919b2712,Preferred Equity,Manufacturing,,,N/A,,2023-01-30,,,1000,2064,,1000,,,CSWC,2024-05-21
GPT INDUSTRIES,co_0812919b2712,Preferred Equity,Manufacturing,,,,2023-01-30,,,1000,1000,,,,,,CSWC,2024-05-21
THE PRODUCTO GROUP,co_9652f06d94bc,Preferred Equity,Manufacturing,,,N/A,,2021-12-31,,,1500,12054,,1500,,,CSWC,2024-05-21
ACCELERATION,co_308cf531c163,Preferred Equity,Marketing & Advertising,,,N/A,,2022-06-13,,,893,1554,,893,,,CSWC,2024-05-21
ACCELERATION,co_308cf531c163,Common Equity,Marketing & Advertising,,,N/A,,2022-06-13,,,107,,,107,,,CSWC,2024-05-21
ACCELERATION PARTNERS,co_700d10019b1f,Preferred Equity,Marketing & Advertising,,,N/A,,2020-12-01,,,1019,1063,,1019,,,CSWC,2024-05-21
ACCELERATION PARTNERS,co_700d10019b1f,Common Equity,Marketing & Advertising,,,N/A,,2020-12-01,,,14,,,14,,,CSWC,2024-05-21
BOND BRAND LOYALTY,co_307bfabcc7fd,Preferred Equity,Marketing & Advertising,,,N/A,,2023-05-01,,,1000,799,,1000,,,CSWC,2024-05-21
EXACT BORROWER,co_b27ef4bff474,Common Equity,Marketing & Advertising,,,N/A,,2022-12-07,,,615,945,,615,,,CSWC,2024-05-21
IGNITE VISIBILITY,co_31c4f6d8ad39,Preferred Equity,Marketing & Advertising,,,N/A,,2023-12-01,,,833,833,,833,,,CSWC,2024-05-21
IGNITE VISIBILITY,co_31c4f6d8ad39,Common Equity,Marketing & Advertising,,,N/A,,2023-12-01,,,167,167,,167,,,CSWC,2024-05-21
ACCELERATION PARTNERS LLC,co_700d10019b1f,First Lien,Media & Entertainment,12.90%,,SOFR (Q),8.15%,2020-12-01,2025-12-01,19550,19162,19550,,19162,,,CSWC,2024-05-21
ACCELERATION PARTNERS LLC,co_700d10019b1f,Preferred Equity,Media & Entertainment,,,,2020-12-01,,,1019,1223,,,,,,CSWC,2024-05-21
ACCELERATION PARTNERS LLC,co_700d10019b1f,Common Equity,Media & Entertainment,,,,2020-12-01,,,14,,,14,,,,CSWC,2024-05-21
ACE GATHERING INC,co_bb9516227b53,Second Lien,Energy Services,16.85%,,SOFR (Q),12.00%,2018-12-13,2023-12-13,7698,7668,7082,,7668,,,CSWC,2024-05-21
ACE GATHERING INC,co_bb9516227b53,Second Lien,Energy Services,13.59%,,SOFR (M),8.00%,2018-12-13,2026-12-14,4793,4749,4793,,4749,,,CSWC,2024-05-21
ALLIANCE SPORTS GROUP LP,co_a9d4555bc395,Unsecured Debt,Consumer Products,,6.00%,N/A,,2020-07-15,2024-09-30,173,173,201,,173,,,CSWC,2024-05-21
ALLIANCE SPORTS GROUP LP,co_a9d4555bc395,Preferred Equity,Consumer Products,,,,2017-08-01,,,2500,2691,,,,,,CSWC,2024-05-21
AMERICAN NUTS OPERATIONS LLC,co_df802b4de0b9,First Lien,Food & Beverage,11.49%,1.00%,SOFR (Q),6.75%,2022-03-11,2026-04-10,11716,11667,10978,,11667,,,CSWC,2024-05-21
AMERICAN NUTS OPERATIONS LLC,co_df802b4de0b9,First Lien,Food & Beverage,13.49%,1.00%,SOFR (Q),8.75%,2022-03-11,2026-04-10,11716,11667,9958,,11667,,,CSWC,2024-05-21
AMERICAN NUTS OPERATIONS LLC,co_df802b4de0b9,Common Equity,Food & Beverage,,,,2018-04-10,,,3000,,,,,,,CSWC,2024-05-21
AMERICAN TELECONFERENCING SERVICES LTD,co_0f5d01359ad7,Revolver,Telecommunications,9.00%,,Prime (Q),5.50%,2021-09-17,2023-04-07,8,,,,,,,CSWC,2024-05-21
American Teleconferencing Services Ltd,co_0f5d01359ad7,Revolver,Business Services,,,,,,2468,,2468,,,,,,CSWC,2024-05-21
AIR CONDITIONING SPECIALIST INC,co_75e4fe950182,Preferred Equity,Business Services,,,,2021-11-09,,,809,1202,,,,,,CSWC,2024-05-21
Air Conditioning Specialist Inc,co_75e4fe950182,Preferred Equity,Business Services,,,,,,,,3319,,,,,,CSWC,2024-05-21
CATBIRD NYC LLC,co_f675c2b3e1cd,First Lien,Retail,11.88%,,SOFR (Q),7.00%,2021-10-15,2026-10-15,15500,15265,15500,,15265,,,CSWC,2024-05-21
Catbird NYC LLC,co_f675c2b3e1cd,First Lien,Retail,,,,,,15100,,15100,,,,,,CSWC,2024-05-21
CATBIRD NYC LLC,co_f675c2b3e1cd,Common Equity,Retail,,,,2021-10-15,,,1000,1658,,,,,,CSWC,2024-05-21
CATBIRD NYC LLC,co_f675c2b3e1cd,Common Equity,Retail,,,,2021-10-15,,,500,714,,,,,,CSWC,2024-05-21
Catbird NYC LLC,co_f675c2b3e1cd,Common Equity,Retail,,,,,,,,1781,,,,,,CSWC,2024-05-21
Catbird NYC LLC,co_f675c2b3e1cd,Common Equity,Retail,,,,,,,,757,,,,,,CSWC,2024-05-21
CENTRAL MEDICAL SUPPLY LLC,co_c72e8c603730,Revolver,Healthcare Services,13.75%,,LIBOR (Q),9.00%,2020-05-22,2025-05-22,300,287,296,,287,,,CSWC,2024-05-21
CENTRAL MEDICAL SUPPLY LLC,co_c72e8c603730,Revolver,Healthcare Services,14.46%,,SOFR (Q),9.00%,2020-05-22,2025-05-22,700,693,700,,693,,,CSWC,2024-05-21
Central Medical Supply LLC,co_c72e8c603730,Revolver,Healthcare Services,,,,,,700,,700,,,,,,CSWC,2024-05-21
CENTRAL MEDICAL SUPPLY LLC,co_c72e8c603730,First Lien,Healthcare Services,13.75%,,LIBOR (Q),9.00%,2020-05-22,2025-05-22,7500,7427,7402,,7427,,,CSWC,2024-05-21
CENTRAL MEDICAL SUPPLY LLC,co_c72e8c603730,First Lien,Healthcare Services,14.48%,,SOFR (Q),9.00%,2020-05-22,2025-05-22,7540,7500,75,,,,,CSWC,2024-05-21
Central Medical Supply LLC,co_c72e8c603730,First Lien,Healthcare Services,,,,,,7540,,7540,,,,,,CSWC,2024-05-21
CENTRAL MEDICAL SUPPLY LLC,co_c72e8c603730,Delayed Draw,Healthcare Services,13.75%,,LIBOR (Q),9.00%,2020-05-22,2025-05-22,100,87,99,,87,,,CSWC,2024-05-21
Central Medical Supply LLC,co_c72e8c603730,Delayed Draw,Healthcare Services,,,,,,101,,101,,,,,,CSWC,2024-05-21
SHEARWATER RESEARCH INC,co_2dadabc7de0a,First Lien,Consumer Products,11.06%,,LIBOR (Q),6.25%,2021-04-30,2026-04-30,13643,13462,13643,,13462,,,CSWC,2024-05-21
SHEARWATER RESEARCH INC,co_2dadabc7de0a,Preferred Equity,Consumer Products,,,N/A,,2021-04-30,,,978,2558,,978,,,CSWC,2024-05-21
SHEARWATER RESEARCH INC,co_2dadabc7de0a,Common Equity,Consumer Products,,,N/A,,2021-04-30,,,33,85,,33,,,CSWC,2024-05-21
SIB HOLDINGS LLC,co_3f0257f25068,Revolver,Business Services,11.23%,,LIBOR (M),6.25%,2021-10-29,2026-10-29,702,694,681,,694,,,CSWC,2024-05-21
SIB HOLDINGS LLC,co_3f0257f25068,First Lien,Business Services,11.21%,,LIBOR (M),6.25%,2021-10-29,2026-10-29,11382,11235,11040,,11235,,,CSWC,2024-05-21
SIB HOLDINGS LLC,co_3f0257f25068,Common Equity,Business Services,,,N/A,,2021-10-29,,,500,411,,500,,,CSWC,2024-05-21
SPECTRUM OF HOPE LLC,co_6ed72f88001e,First Lien,Healthcare Services,12.24%,,SOFR (M),7.50%,2022-09-06,2024-06-11,22358,22020,21934,,22020,,,CSWC,2024-05-21
EDGE AUTONOMY HOLDINGS LLC,co_ab98160f56ce,First Lien,Aerospace & Defense,11.98%,,SOFR (Q),6.50%,2023-04-21,2028-04-21,11250,10959,11250,,10959,,,CSWC,2024-05-21
EDGE AUTONOMY HOLDINGS LLC,co_ab98160f56ce,First Lien,Aerospace & Defense,13.98%,,SOFR (Q),8.50%,2023-04-21,2028-04-21,11250,10962,11250,,10962,,,CSWC,2024-05-21
STELLANT MIDCO LLC,co_3f755bed1247,First Lien,Aerospace & Defense,11.04%,,SOFR (S),5.50%,2024-03-07,2028-10-02,1794,1781,1794,,1781,,,CSWC,2024-05-21
STELLANT MIDCO LLC,co_3f755bed1247,First Lien,Aerospace & Defense,11.19%,,SOFR (S),5.75%,2024-03-07,2028-10-02,796,781,796,,781,,,CSWC,2024-05-21
BURNING GLASS INTERMEDIATE HOLDING COMPANY INC,co_33af9de19b34,First Lien,Business Services,10.43%,,SOFR (M),5.00%,2024-02-22,2028-06-10,2500,2471,2500,,2471,,,CSWC,2024-05-21
COMMAND GROUP ACQUISITION,co_65f964ed396f,First Lien,Medical Devices & Equipment,13.31%,,SOFR (Q),8.00%,2024-02-15,2029-02-15,6000,5882,5882,,5882,,,CSWC,2024-05-21
LGM PHARMA,co_994a739ec11e,First Lien,Medical Devices & Equipment,12.43%,,SOFR (M),7.00%,2023-11-28,2026-11-20,4872,4834,4872,,4834,,,CSWC,2024-05-21
LGM PHARMA,co_994a739ec11e,First Lien,Medical Devices & Equipment,14.43%,,SOFR (M),9.00%,2023-11-28,2026-11-20,4872,4834,4872,,4834,,,CSWC,2024-05-21
LGM PHARMA,co_994a739ec11e,First Lien,Medical Devices & Equipment,13.43%,,SOFR (M),8.00%,2023-11-28,2026-11-20,4988,4897,4987,,4897,,,CSWC,2024-05-21
LGM PHARMA,co_994a739ec11e,Delayed Draw,Medical Devices & Equipment,13.43%,,SOFR (M),8.00%,2018-03-16,2026-11-20,4269,4223,4269,,4223,,,CSWC,2024-05-21
LGM PHARMA,co_994a739ec11e,Unsecured Debt,Medical Devices & Equipment,,25.00%,N/A,,2021-12-21,2024-12-31,144,144,136,,144,,,CSWC,2024-05-21
VTX HOLDINGS INC,co_79aafca591c9,Preferred Equity,Software,,,N/A,,2019-07-23,,,1598,3466,,1598,,,CSWC,2024-05-21
FLIP ELECTRONICS LLC,co_7f58a3e4c63f,Common Equity,Technology Hardware,,,N/A,,2021-01-04,,,2892,9505,,2892,,,CSWC,2024-05-21
TRAFERA LLC (FKA TRINITY 3 LLC),co_4f9bb7e2c386,Common Equity,Technology Hardware,,,N/A,,2019-11-15,,,1205,583,,1205,,,CSWC,2024-05-21
BROAD SKY NETWORKS LLC,co_728623ba6fd8,Preferred Equity,Telecommunications,,,N/A,,2020-12-11,,,1132,1649,,1132,,,CSWC,2024-05-21
BROAD SKY NETWORKS LLC,co_728623ba6fd8,Preferred Equity,Telecommunications,,,N/A,,2022-10-21,,,89,130,,89,,,CSWC,2024-05-21
GUARDIAN FLEET SERVICES INC,co_4e51e418497e,Common Equity,Transportation & Logistics,,,N/A,,2023-02-10,,,1500,1500,,1500,,,CSWC,2024-05-21
GUARDIAN FLEET SERVICES INC,co_4e51e418497e,Warrants,Transportation & Logistics,,,N/A,,2023-02-10,2033-02-10,,80,80,,80,,,CSWC,2024-05-21
ITA HOLDINGS GROUP LLC,co_cc383ed9f1b7,Warrants,Transportation & Logistics,,,N/A,,2019-03-29,,,538,4005,,538,,,CSWC,2024-05-21
GAINS INTERMEDIATE LLC,co_c4027074dec6,First Lien,Business Services,11.35%,,SOFR (Q),6.50%,2022-12-15,2027-12-15,7500,7357,7358,,7357,,,CSWC,2024-05-21
GAINS INTERMEDIATE LLC,co_c4027074dec6,First Lien,Business Services,13.35%,,SOFR (Q),8.50%,2022-12-15,2027-12-15,7500,7356,7358,,7356,,,CSWC,2024-05-21
GAINS INTERMEDIATE LLC,co_c4027074dec6,First Lien,Other,12.09%,,SOFR (Q),6.50%,2022-12-15,2027-12-15,7125,7012,7125,,7012,,,CSWC,2024-05-21
GAINS INTERMEDIATE LLC,co_c4027074dec6,First Lien,Other,14.09%,,SOFR (Q),8.50%,2022-12-15,2027-12-15,7125,7011,7125,,7011,,,CSWC,2024-05-21
GUARDIAN FLEET SERVICES INC,co_4e51e418497e,First Lien,Transportation & Logistics,12.30%,1.75%,SOFR (Q),7.25%,2023-02-10,2028-02-10,4511,4376,4376,,4376,,,CSWC,2024-05-21
GUARDIAN FLEET SERVICES INC,co_4e51e418497e,First Lien,Transportation & Logistics,12.73%,1.75%,SOFR (Q),7.25%,2023-02-10,2028-02-10,9575,9361,9096,,9361,,,CSWC,2024-05-21
GULF PACIFIC ACQUISITION LLC,co_b7d8052d13f8,Revolver,Food & Beverage,10.99%,,SOFR (Q),6.00%,2022-09-30,2028-09-29,353,335,347,,335,,,CSWC,2024-05-21
GULF PACIFIC ACQUISITION LLC,co_b7d8052d13f8,Revolver,Food & Beverage,11.46%,,SOFR (Q),6.00%,2022-09-30,2028-09-29,454,439,436,,439,,,CSWC,2024-05-21
GULF PACIFIC ACQUISITION LLC,co_b7d8052d13f8,First Lien,Food & Beverage,11.05%,,SOFR (Q),6.00%,2022-09-30,2028-09-29,3642,3574,3573,,3574,,,CSWC,2024-05-21
GULF PACIFIC ACQUISITION LLC,co_b7d8052d13f8,First Lien,Food & Beverage,11.45%,,SOFR (Q),6.00%,2022-09-30,2028-09-29,3606,3547,3461,,3547,,,CSWC,2024-05-21
FS VECTOR LLC,co_0ec77c87a752,First Lien,Other,11.98%,,SOFR (Q),6.50%,2023-04-26,2028-04-26,9000,8845,8919,,8845,,,CSWC,2024-05-21
FS VECTOR LLC,co_0ec77c87a752,First Lien,Other,13.98%,,SOFR (Q),8.50%,2023-04-26,2028-04-26,9000,8846,8919,,8846,,,CSWC,2024-05-21
LIGHTBOX INTERMEDIATE LP,co_fc2524f2a361,First Lien,Other,10.56%,,SOFR (Q),5.00%,2024-03-04,2026-05-09,5444,5419,5281,,5419,,,CSWC,2024-05-21
STUDENT RESOURCE CENTER LLC,co_9742f261be58,First Lien,Education,,8.50%,N/A,,2022-12-31,2027-12-30,9644,9503,3376,,9503,,,CSWC,2024-05-21
PIPELINE TECHNIQUE LTD,co_e912f9ca69a2,Revolver,Energy Services,12.77%,,SOFR (Q),7.25%,2022-08-23,2027-08-19,1056,1010,1056,,1010,,,CSWC,2024-05-21
PIPELINE TECHNIQUE LTD,co_e912f9ca69a2,Revolver,Energy Services,14.25%,,Prime (Q),6.25%,2022-08-23,2027-08-19,500,441,490,,441,,,CSWC,2024-05-21
PIPELINE TECHNIQUE LTD,co_e912f9ca69a2,First Lien,Energy Services,12.84%,,SOFR (Q),7.25%,2022-08-23,2027-08-19,7583,7473,7583,,7473,,,CSWC,2024-05-21
PIPELINE TECHNIQUE LTD,co_e912f9ca69a2,First Lien,Energy Services,12.32%,,SOFR (Q),7.25%,2022-08-23,2027-08-19,9750,9574,9565,,9574,,,CSWC,2024-05-21
OPCO BORROWER LLC,co_4e7952511e5a,First Lien,Healthcare Services,11.50%,,SOFR (M),6.50%,2022-08-19,2027-08-19,9052,8970,9052,,8970,,,CSWC,2024-05-21
OPCO BORROWER LLC,co_4e7952511e5a,Second Lien,Healthcare Services,12.50%,,N/A,,2022-08-19,2028-02-19,3000,2755,3000,,2755,,,CSWC,2024-05-21
OPCO BORROWER LLC,co_4e7952511e5a,Warrants,Healthcare Services,,,N/A,,2022-08-19,,,207,399,,207,,,CSWC,2024-05-21
RESEARCH NOW GROUP INC,co_f56b9233964e,Second Lien,Business Services,14.31%,,LIBOR (S),9.50%,2017-12-08,2025-12-20,10500,10163,6431,,10163,,,CSWC,2024-05-21
ROOF OPCO LLC,co_948eb49bd3f4,First Lien,Other,11.35%,,SOFR (Q),6.50%,2021-08-27,2026-08-27,21633,21267,21071,,21267,,,CSWC,2024-05-21
ROOF OPCO LLC,co_948eb49bd3f4,First Lien,Other,12.09%,,SOFR (Q),6.50%,2021-08-27,2021-08-27,13261,13079,12638,,13079,,,CSWC,2024-05-21
ROOF OPCO LLC,co_948eb49bd3f4,First Lien,Other,14.09%,,SOFR (Q),8.50%,2023-04-12,2021-08-27,13261,13079,12638,,13079,,,CSWC,2024-05-21
INSTITUTES OF HEALTH LLC,co_2e21de147b99,First Lien,Healthcare Services,12.33%,,SOFR (Q),7.00%,2023-09-29,2028-09-29,7500,7361,7297,,7361,,,CSWC,2024-05-21
INSTITUTES OF HEALTH LLC,co_2e21de147b99,First Lien,Healthcare Services,14.33%,,SOFR (Q),9.00%,2023-09-29,2028-09-29,7500,7361,7297,,7361,,,CSWC,2024-05-21
LAB LOGISTICS LLC,co_743298413f7c,First Lien,Healthcare Services,12.68%,,SOFR (M),7.25%,2024-02-22,2024-09-25,7958,7954,7959,,7954,,,CSWC,2024-05-21
NEUROPSYCHIATRIC HOSPITALS LLC,co_7af07b9d6b09,Revolver,Healthcare Services,13.48%,,SOFR (Q),8.00%,2021-05-14,2026-05-14,5000,4955,5000,,4955,,,CSWC,2024-05-21
Neuropsychiatric Hospitals LLC,co_7af07b9d6b09,Revolver,Healthcare Services,12.75%,,LIBOR (Q),8.00%,2021-05-14,2026-05-14,4400,4338,4180,,4338,,,CSWC,2024-05-21
NEUROPSYCHIATRIC HOSPITALS LLC,co_7af07b9d6b09,First Lien,Healthcare Services,12.48%,,SOFR (Q),7.00%,2023-03-21,2026-05-14,7424,7355,7395,,7355,,,CSWC,2024-05-21
NEUROPSYCHIATRIC HOSPITALS LLC,co_7af07b9d6b09,First Lien,Healthcare Services,14.48%,,SOFR (Q),9.00%,2023-03-21,2026-05-14,7424,7355,7424,,7355,,,CSWC,2024-05-21
NEUROPSYCHIATRIC HOSPITALS LLC,co_7af07b9d6b09,First Lien,Healthcare Services,15.48%,,SOFR (Q),10.00%,2023-03-21,2026-05-14,5148,5051,5148,,5051,,,CSWC,2024-05-21
Neuropsychiatric Hospitals LLC,co_7af07b9d6b09,First Lien,Healthcare Services,11.75%,,LIBOR (Q),7.00%,2023-03-21,2026-05-14,7478,7375,7104,,7375,,,CSWC,2024-05-21
Neuropsychiatric Hospitals LLC,co_7af07b9d6b09,First Lien,Healthcare Services,13.75%,,LIBOR (Q),9.00%,2023-03-21,2026-05-14,7478,7375,6356,,7375,,,CSWC,2024-05-21
Neuropsychiatric Hospitals LLC,co_7af07b9d6b09,First Lien,Healthcare Services,15.00%,,SOFR (Q),10.00%,2023-03-21,2026-05-14,3176,3097,3097,,3097,,,CSWC,2024-05-21
DYNAMIC COMMUNITIES,co_297b2fa395b4,First Lien,Business Services,4.91%,4.50%,SOFR (Q),4.50%,2022-12-20,2026-12-31,3846,3826,3823,,3826,,,CSWC,2024-05-21
DYNAMIC COMMUNITIES,co_297b2fa395b4,First Lien,Business Services,4.91%,6.50%,SOFR (Q),6.50%,2022-12-20,2026-12-31,3867,3844,3843,,3844,,,CSWC,2024-05-21
DYNAMIC COMMUNITIES,co_297b2fa395b4,Preferred Equity,Business Services,,,,2022-12-20,,,250,625,,,,,,CSWC,2024-05-21
DYNAMIC COMMUNITIES,co_297b2fa395b4,Preferred Equity,Business Services,,,,2022-12-20,,,2218,2218,,,,,,CSWC,2024-05-21
GPT INDUSTRIES,co_0812919b2712,First Lien,Manufacturing,13.93%,,SOFR (Q),9.00%,2023-01-30,2028-01-31,6150,6030,6030,,6030,,,CSWC,2024-05-21
GPT INDUSTRIES,co_0812919b2712,First Lien,Manufacturing,13.59%,,SOFR (Q),8.00%,2023-01-30,2028-01-31,6004,5903,6004,,5903,,,CSWC,2024-05-21
GRAMMATECH,co_5191cfab8539,First Lien,Software,14.24%,,SOFR (Q),9.50%,2019-11-01,2024-11-01,10031,9967,10031,,9967,,,CSWC,2024-05-21
GRAMMATECH,co_5191cfab8539,Common Equity,Software,,,,2019-11-01,,,1000,,,,,,,CSWC,2024-05-21
GRAMMATECH,co_5191cfab8539,Common Equity,Software,,,,2022-01-10,,,36,,,,,,,CSWC,2024-05-21
USA DEBUSK LLC,co_eef8249783e9,First Lien,Industrial Services,11.43%,,SOFR (M),6.00%,2020-02-25,2026-09-08,11381,11285,11381,,11285,,,CSWC,2024-05-21
USA DEBUSK LLC,co_eef8249783e9,First Lien,Industrial Services,11.93%,,SOFR (M),6.50%,2023-11-21,2026-09-08,1660,1631,1660,,1631,,,CSWC,2024-05-21
360 QUOTE TOPCO LLC,co_1a921fe612b4,Revolver,Marketing & Advertising,11.95%,,SOFR (Q),6.50%,2022-06-16,2027-06-16,3346,3313,2676,,3313,,,CSWC,2024-05-21
360 QUOTE TOPCO LLC,co_1a921fe612b4,First Lien,Marketing & Advertising,11.95%,3.00%,SOFR (Q),6.50%,2022-06-16,2027-06-16,23372,23131,18698,,23131,,,CSWC,2024-05-21
360 QUOTE TOPCO LLC,co_1a921fe612b4,First Lien,Marketing & Advertising,11.55%,,SOFR (Q),6.50%,2022-06-16,2027-06-16,25000,24674,23125,,24674,,,CSWC,2024-05-21
ACCELERATION LLC,co_308cf531c163,First Lien,Marketing & Advertising,13.34%,,SOFR (Q),7.75%,2022-06-13,2027-06-14,8917,8791,8917,,8791,,,CSWC,2024-05-21
ACCELERATION LLC,co_308cf531c163,First Lien,Marketing & Advertising,14.34%,,SOFR (Q),8.75%,2022-06-13,2027-06-14,8917,8790,8917,,8790,,,CSWC,2024-05-21
ACCELERATION LLC,co_308cf531c163,First Lien,Marketing & Advertising,15.34%,,SOFR (Q),9.75%,2022-06-13,2027-06-14,8917,8789,8917,,8789,,,CSWC,2024-05-21
EXACT BORROWER,co_b27ef4bff474,First Lien,Marketing & Advertising,12.98%,,SOFR (Q),7.50%,2022-12-07,2027-08-06,7777,7656,7777,,7656,,,CSWC,2024-05-21
EXACT BORROWER,co_b27ef4bff474,First Lien,Marketing & Advertising,12.98%,,SOFR (Q),7.50%,2022-12-07,2027-08-06,7777,7655,7777,,7655,,,CSWC,2024-05-21
EXACT BORROWER,co_b27ef4bff474,Delayed Draw,Marketing & Advertising,12.98%,,SOFR (Q),7.50%,2022-12-07,2027-08-06,2068,2025,2068,,2025,,,CSWC,2024-05-21
EXACT BORROWER,co_b27ef4bff474,Other Debt,Marketing & Advertising,13.574%,,N/A,,2022-12-07,2028-12-06,385,385,385,,385,,,CSWC,2024-05-21
IGNITE VISIBILITY,co_31c4f6d8ad39,First Lien,Marketing & Advertising,10.33%,,SOFR (M),5.00%,2023-12-01,2028-12-01,5000,4929,4930,,4929,,,CSWC,2024-05-21
IGNITE VISIBILITY,co_31c4f6d8ad39,First Lien,Marketing & Advertising,12.33%,,SOFR (M),7.00%,2023-12-01,2028-12-01,5000,4929,4930,,4929,,,CSWC,2024-05-21
ITA HOLDINGS GROUP LLC,co_cc383ed9f1b7,Revolver,Transportation & Logistics,14.48%,2.00%,SOFR (Q),9.00%,2023-06-21,2027-06-21,2468,2411,2468,,2411,,,CSWC,2024-05-21
ITA HOLDINGS GROUP LLC,co_cc383ed9f1b7,First Lien,Transportation & Logistics,13.48%,2.00%,SOFR (Q),8.00%,2023-06-21,2027-06-21,13038,11186,13038,,11186,,,CSWC,2024-05-21
ITA HOLDINGS GROUP LLC,co_cc383ed9f1b7,First Lien,Transportation & Logistics,15.48%,2.00%,SOFR (Q),10.00%,2023-06-21,2027-06-21,13038,11174,13038,,11174,,,CSWC,2024-05-21
ITA HOLDINGS GROUP LLC,co_cc383ed9f1b7,Delayed Draw,Transportation & Logistics,13.48%,2.00%,SOFR (Q),8.00%,2023-06-21,2027-06-21,1058,1034,1058,,1034,,,CSWC,2024-05-21
ITA HOLDINGS GROUP LLC,co_cc383ed9f1b7,Delayed Draw,Transportation & Logistics,15.48%,2.00%,SOFR (Q),10.00%,2023-06-21,2027-06-21,1058,1034,1058,,1034,,,CSWC,2024-05-21
National Credit Care LLC,co_e366f914b51b,First Lien,Business Services,11.25%,,LIBOR (Q),6.50%,2021-12-23,2026-12-23,9716,9564,9550,,9564,,,CSWC,2024-05-21
National Credit Care LLC,co_e366f914b51b,First Lien,Business Services,12.25%,,LIBOR (Q),7.50%,2021-12-23,2026-12-23,9716,9563,9550,,9563,,,CSWC,2024-05-21
New Skinny Mixes LLC,co_89c9d1194140,First Lien,Food & Beverage,12.79%,,SOFR (Q),8.00%,2022-12-21,2027-12-21,130,,,,,,,CSWC,2024-05-21
LIGHTING RETROFIT INTERNATIONAL LLC,co_ebd39dcf2100,Revolver,Environmental Services,7.50%,,N/A,,2021-12-31,2025-12-31,729,729,714,,729,,,CSWC,2024-05-21
LIGHTING RETROFIT INTERNATIONAL LLC,co_ebd39dcf2100,First Lien,Environmental Services,7.50%,,N/A,,2021-12-31,2025-12-31,5091,5091,4984,,5091,,,CSWC,2024-05-21
LIGHTING RETROFIT INTERNATIONAL LLC,co_ebd39dcf2100,Second Lien,Environmental Services,,10.00%,N/A,,2021-12-31,2026-12-31,5208,5208,4917,,5208,,,CSWC,2024-05-21
VEREGY CONSOLIDATED INC,co_46d628acb720,First Lien,Environmental Services,11.57%,,SOFR (Q),6.00%,2024-02-29,2027-11-03,1546,1544,1515,,1544,,,CSWC,2024-05-21
FOOD PHARMA SUBSIDIARY HOLDINGS LLC,co_c176777652c5,First Lien,Food & Beverage,11.93%,,SOFR (M),6.50%,2021-06-01,2026-06-01,7030,6930,7030,,6930,,,CSWC,2024-05-21
GULF PACIFIC ACQUISITION LLC,co_b7d8052d13f8,Delayed Draw,Food & Beverage,11.48%,,SOFR (Q),6.00%,2022-09-30,2028-09-29,300,286,288,,286,,,CSWC,2024-05-21
INW MANUFACTURING LLC,co_bde008c272e0,First Lien,Food & Beverage,11.31%,,SOFR (Q),5.75%,2024-03-06,2027-03-25,2100,2062,1681,,2062,,,CSWC,2024-05-21
MAMMOTH BORROWCO INC,co_ae893f6f555d,Revolver,Food & Beverage,11.57%,,SOFR (Q),6.25%,2023-11-30,2028-11-30,1800,1713,1755,,1713,,,CSWC,2024-05-21
MAMMOTH BORROWCO INC,co_ae893f6f555d,First Lien,Food & Beverage,10.59%,,SOFR (Q),5.25%,2023-11-30,2028-11-30,10750,10495,10481,,10495,,,CSWC,2024-05-21
AAC NEW HOLDCO INC,co_695a4d6ca642,First Lien,Healthcare Services,,18.00%,N/A,,2020-12-11,2025-06-25,10199,10199,9842,,10199,,,CSWC,2024-05-21
AAC NEW HOLDCO INC,co_695a4d6ca642,First Lien,Healthcare Services,,18.00%,N/A,,2020-12-11,2025-06-25,14364,14364,14206,,14364,,,CSWC,2024-05-21
AAC NEW HOLDCO INC,co_695a4d6ca642,Delayed Draw,Healthcare Services,,18.00%,N/A,,2023-01-31,2025-06-25,274,270,264,,270,,,CSWC,2024-05-21
AAC NEW HOLDCO INC,co_695a4d6ca642,Delayed Draw,Healthcare Services,,18.00%,N/A,,2023-01-31,2025-06-25,433,430,428,,430,,,CSWC,2024-05-21
ACACIA BUYERCO V LLC,co_53f951475b93,First Lien,Software,11.35%,,SOFR (Q),6.50%,2022-11-25,2027-11-26,5000,4905,4920,,4905,,,CSWC,2024-05-21
ACACIA BUYERCO V LLC,co_53f951475b93,First Lien,Software,12.09%,,SOFR (Q),6.50%,2022-11-25,2027-11-26,5000,4921,5000,,4921,,,CSWC,2024-05-21
ACACIA BUYERCO V LLC,co_53f951475b93,Delayed Draw,Software,11.43%,,SOFR (Q),6.50%,2022-11-25,2027-11-26,7500,7332,7380,,7332,,,CSWC,2024-05-21
ACACIA BUYERCO V LLC,co_53f951475b93,Delayed Draw,Software,12.09%,,SOFR (Q),6.50%,2022-11-25,2027-11-26,7500,7350,7500,,7350,,,CSWC,2024-05-21
ACACIA BUYERCO V LLC,co_53f951475b93,Common Equity,Software,,,N/A,,2022-11-25,,,100,,,,,,CSWC,2024-05-21
ATS OPERATING LLC,co_618aa0fe43a4,Revolver,Consumer Products,11.39%,,SOFR (Q),6.50%,2022-01-18,2027-01-18,500,462,492,,462,,,CSWC,2024-05-21
ATS OPERATING LLC,co_618aa0fe43a4,First Lien,Consumer Products,10.35%,,SOFR (Q),5.50%,2022-01-18,2027-01-18,9250,9104,9102,,9104,,,CSWC,2024-05-21
ATS OPERATING LLC,co_618aa0fe43a4,First Lien,Consumer Products,12.35%,,SOFR (Q),7.50%,2022-01-18,2027-01-18,9250,9102,9102,,9102,,,CSWC,2024-05-21
ATS OPERATING LLC,co_618aa0fe43a4,Preferred Equity,Consumer Products,,,N/A,,2022-01-18,,,1000,1000,,1000,,,CSWC,2024-05-21
BINSWANGER HOLDING CORP.,co_ff6abecaa0a8,Common Equity,Business Services,,,N/A,,2017-03-09,,,900,,,900,,,CSWC,2024-05-21
C&M CONVEYOR INC,co_e6066ce491ae,First Lien,Business Services,12.28%,,SOFR (M),7.50%,2023-01-03,2026-09-30,6500,6377,6377,,6377,,,CSWC,2024-05-21
C&M CONVEYOR INC,co_e6066ce491ae,First Lien,Business Services,10.28%,,SOFR (M),5.50%,2023-01-03,2026-09-30,6500,6377,6377,,6377,,,CSWC,2024-05-21
CADMIUM LLC,co_0f518235a6f9,Revolver,Software,12.16%,,LIBOR (Q),7.00%,2022-01-07,2026-12-22,615,611,5,,,,,CSWC,2024-05-21
CADMIUM LLC,co_0f518235a6f9,Revolver,Software,13.56%,,SOFR (Q),8.00%,2022-01-07,2026-12-22,615,612,615,,612,,,CSWC,2024-05-21
VERSICARE MANAGEMENT,co_6a7f17b46439,First Lien,Healthcare Services,12.59%,,SOFR (Q),7.00%,2022-08-18,2027-08-18,12200,11994,12200,,11994,,,CSWC,2024-05-21
VERSICARE MANAGEMENT,co_6a7f17b46439,First Lien,Healthcare Services,14.59%,,SOFR (Q),9.00%,2023-07-14,2027-08-18,12200,11994,12200,,11994,,,CSWC,2024-05-21
DAMOTECH,co_c5160837f7d3,First Lien,Manufacturing,11.48%,,SOFR (Q),6.00%,2023-07-07,2028-07-07,5100,5009,4998,,5009,,,CSWC,2024-05-21
DAMOTECH,co_c5160837f7d3,First Lien,Manufacturing,13.48%,,SOFR (Q),8.00%,2023-07-07,2028-07-07,5100,5009,4998,,5009,,,CSWC,2024-05-21
DAMOTECH,co_c5160837f7d3,Delayed Draw,Manufacturing,12.48%,,SOFR (Q),7.00%,2023-07-07,2028-07-07,3000,2944,3000,,2944,,,CSWC,2024-05-21
SWENSONS DRIVE-IN RESTAURANTS LLC,co_9a5cb2246b5d,First Lien,Food & Beverage,11.83%,,SOFR (Q),6.50%,2023-09-27,2028-09-27,8000,7852,7840,,7852,,,CSWC,2024-05-21
SWENSONS DRIVE-IN RESTAURANTS LLC,co_9a5cb2246b5d,First Lien,Food & Beverage,13.83%,,SOFR (Q),8.50%,2023-09-27,2028-09-27,8000,7852,7840,,7852,,,CSWC,2024-05-21
CADMIUM LLC,co_0f518235a6f9,First Lien,Software,5.56%,8.00%,SOFR (Q),0.00%,2022-01-07,2026-12-22,7505,7461,7505,,7461,,,CSWC,2024-05-21
CAVALIER BUYER INC,co_febe941e4faf,First Lien,Healthcare Services,13.45%,,SOFR (Q),8.00%,2023-02-10,2028-02-10,6500,6392,6500,,6392,,,CSWC,2024-05-21
CDC DENTAL MANAGEMENT CO. LLC,co_458ada2f1b44,First Lien,Healthcare Services,12.33%,,SOFR (Q),7.00%,2023-10-31,2028-10-31,5500,5397,5390,,5397,,,CSWC,2024-05-21
CDC DENTAL MANAGEMENT CO. LLC,co_458ada2f1b44,First Lien,Healthcare Services,14.33%,,SOFR (Q),9.00%,2023-10-31,2028-10-31,5500,5396,5390,,5396,,,CSWC,2024-05-21
POOL SERVICE HOLDINGS LLC,co_4efa855d4ac4,Revolver,Other,11.82%,,SOFR (Q),6.50%,2023-12-20,2023-12-20,1000,981,980,,981,,,CSWC,2024-05-21
POOL SERVICE HOLDINGS LLC,co_4efa855d4ac4,First Lien,Other,11.83%,,SOFR (Q),6.50%,2023-12-20,2023-12-20,5000,4904,4900,,4904,,,CSWC,2024-05-21
POOL SERVICE HOLDINGS LLC,co_4efa855d4ac4,Delayed Draw,Other,11.81%,,SOFR (Q),6.50%,2023-12-20,2023-12-20,600,517,588,,517,,,CSWC,2024-05-21
TMT BHC BUYER INC,co_4f29c854adf1,First Lien,Other,11.33%,,SOFR (Q),6.00%,2024-03-07,2024-03-07,10000,9802,9802,,9802,,,CSWC,2024-05-21
I-45 SLF,co_73a492b65c86,Partnership Interest,Investment Vehicles,,,N/A,,,,80800,51256,8.7,,,,,CSWC,2024-05-21
Media Recovery Inc,co_92116b8e7c01,First Lien,Business Services,,,,,,13038,,13038,,,,,,CSWC,2024-05-21
Media Recovery Inc,co_92116b8e7c01,Delayed Draw,Business Services,,,,,,1058,,1058,,,,,,CSWC,2024-05-21
Media Recovery Inc,co_92116b8e7c01,Warrants,Business Services,,,,,,,,4005,,,,,,CSWC,2024-05-21
Media Recovery Inc,co_92116b8e7c01,Warrants,Business Services,,,,,,,,3869,,,,,,CSWC,2024-05-21
Media Recovery Inc,co_92116b8e7c01,Common Equity,Business Services,9.25%,,,,,,,,2374,,,,,CSWC,2024-05-21
Satori Seal Corporation,co_e95bef794a97,Revolver,Manufacturing,,,,,,729,,714,,,,,,CSWC,2024-05-21
Satori Seal Corporation,co_e95bef794a97,First Lien,Manufacturing,,,,,,5091,,4984,,,,,,CSWC,2024-05-21
Satori Seal Corporation,co_e95bef794a97,Second Lien,Manufacturing,,,,,,5208,,4917,,,,,,CSWC,2024-05-21
Tax-Free Investments LLC,co_1924e1efa417,First Lien,Financial Services,,,,,,14625,,14522,,,,,,CSWC,2024-05-21
Tax-Free Investments LLC,co_1924e1efa417,Common Equity,Financial Services,,,,,,,,581,,,,,,CSWC,2024-05-21
Velocity Holdco LLC,co_86b82940e2cf,Revolver,Business Services,,,,,,1000,,980,,,,,,CSWC,2024-05-21
Velocity Holdco LLC,co_86b82940e2cf,First Lien,Business Services,,,,,,5000,,4900,,,,,,CSWC,2024-05-21
Velocity Holdco LLC,co_86b82940e2cf,Delayed Draw,Business Services,,,,,,600,,588,,,,,,CSWC,2024-05-21
Velocity Holdco LLC,co_86b82940e2cf,Common Equity,Business Services,,,,,,,,1384,,,,,,CSWC,2024-05-21
ITA HOLDINGS GROUP,co_cc383ed9f1b7,Revolver,Business Services,13.85%,0.50%,SOFR (Q),9.00%,2018-02-14,2023-05-12,7000,6974,7014,,6974,,,CSWC,2024-05-21
ITA HOLDINGS GROUP,co_cc383ed9f1b7,First Lien,Business Services,12.85%,0.50%,SOFR (Q),8.00%,2018-02-14,2023-05-12,10114,10139,10114,,10139,,,CSWC,2024-05-21
ITA HOLDINGS GROUP,co_cc383ed9f1b7,First Lien,Business Services,15.85%,0.50%,SOFR (Q),11.00%,2018-06-05,2023-05-12,5057,5056,5068,,5056,,,CSWC,2024-05-21
ITA HOLDINGS GROUP,co_cc383ed9f1b7,First Lien,Business Services,,10.00%,N/A,,2019-03-29,2023-05-12,3271,3259,3255,,3259,,,CSWC,2024-05-21
ITA HOLDINGS GROUP,co_cc383ed9f1b7,First Lien,Business Services,,10.00%,N/A,,2019-03-29,2023-05-12,129,129,128,,129,,,CSWC,2024-05-21
ITA HOLDINGS GROUP,co_cc383ed9f1b7,Warrants,Business Services,,,N/A,,2019-03-29,,,538,4046,,538,,,CSWC,2024-05-21
ITA HOLDINGS GROUP,co_cc383ed9f1b7,Preferred Equity,Business Services,,,N/A,,2018-02-14,,,1500,4348,,1500,,,CSWC,2024-05-21
LIGHTING RETROFIT INTERNATIONAL,co_ebd39dcf2100,First Lien,Business Services,7.50%,,N/A,,2021-12-31,2025-12-31,5143,5143,5143,,5143,,,CSWC,2024-05-21
ArborWorks LLC,co_abd3c1aadac0,Revolver,Industrial Services,,,,,,1569,,1569,,,,,,CSWC,2024-05-21
ArborWorks LLC,co_abd3c1aadac0,First Lien,Industrial Services,,,,,,3123,,3123,,,,,,CSWC,2024-05-21
ArborWorks LLC,co_abd3c1aadac0,Common Equity,Industrial Services,,,,,,,,5,,,,,,CSWC,2024-05-21
ArborWorks LLC,co_abd3c1aadac0,Preferred Equity,Industrial Services,,,,,,,,3170,,,,,,CSWC,2024-05-21
Roseland Management LLC,co_395744170f9c,Other,,,,,,,,,,762,,,,,CSWC,2024-05-21
Roseland Management LLC,co_395744170f9c,Other,,,,,,,,,,183,,,,,CSWC,2024-05-21
Roseland Management LLC,co_395744170f9c,Other,,,,,,,,,,747,,,,,CSWC,2024-05-21
