company_name,company_id,investment_type,industry,cash_rate,pik_rate,reference_rate,spread,floor_rate,acquisition_date,maturity_date,principal_amount,amortized_cost,fair_value,percent_of_net_assets,cost,commitment_limit,undrawn_commitment,rate_cap,shares,data_quality_flags,ticker,filing_date
Jonathan Acquisition Company,co_2b0df6f58fee,First Lien,,9.4%,,SOFR,5%,,,,3380,3342,3380,0.19%,3342,,,,,,MSDL,2025-05-08
Mantech International CP,co_f37e84ef45c4,First Lien,,9.29%,,SOFR,5%,,,,4183,4180,4183,0.23%,4180,,,,,,MSDL,2025-05-08
Mantech International CP,co_f37e84ef45c4,First Lien,,9.29%,,SOFR,5%,,,,0,-1,0,0%,-1,,,,,,MSDL,2025-05-08
PCX Holding Corp.,co_ef3656896e7a,First Lien,,10.7%,,SOFR,6.25%,,,,17816,17743,16697,0.92%,17743,,,,,,MSDL,2025-05-08
PCX Holding Corp.,co_ef3656896e7a,First Lien,,10.7%,,SOFR,6.25%,,,,17940,17787,16814,0.92%,17787,,,,,,MSDL,2025-05-08
PCX Holding Corp.,co_ef3656896e7a,First Lien,,10.7%,,SOFR,6.25%,,,,1851,1845,1735,0.1%,1845,,,,,,MSDL,2025-05-08
Two Six Labs LLC,co_fa694859da73,First Lien,,9.55%,,SOFR,5.25%,,,,34279,33886,34235,1.88%,33886,,,,,,MSDL,2025-05-08
Two Six Labs LLC,co_fa694859da73,First Lien,,9.55%,,SOFR,5.25%,,,,4204,4149,4190,0.23%,4149,,,,,,MSDL,2025-05-08
Two Six Labs LLC,co_fa694859da73,First Lien,,9.55%,,SOFR,5.25%,,,,1024,1008,1019,0.06%,1008,,,,,,MSDL,2025-05-08
AGI-CFI Holdings Inc.,co_12186169ddbd,First Lien,,9.2%,,SOFR,4.75%,,,,14966,14817,14961,0.82%,14817,,,,,,MSDL,2025-05-08
RoadOne IntermodaLogistics,co_d85663c58756,First Lien,Transportation & Logistics,10.49%,,SOFR,6.25%,,,,1634,1600,1590,0.09%,1600,,,,,,MSDL,2025-05-08
RoadOne IntermodaLogistics,co_d85663c58756,First Lien,Transportation & Logistics,10.49%,,SOFR,6.25%,,,,150,147,146,0.01%,147,,,,,,MSDL,2025-05-08
RoadOne IntermodaLogistics,co_d85663c58756,First Lien,Transportation & Logistics,10.49%,,SOFR,6.25%,,,,130,124,121,0.01%,124,,,,,,MSDL,2025-05-08
Continental Battery Company,co_636215f6acdc,First Lien,,11.06%,4.08%,SOFR,7%,,,,6473,6415,3189,0.18%,6415,,,,,,MSDL,2025-05-08
PAI Holdco Inc.,co_8c077c01e835,Second Lien,,11.94%,2%,SOFR,7.5%,,,,27248,26845,23207,1.28%,26845,,,,,,MSDL,2025-05-08
Randy's Holdings Inc.,co_6db8ca7e3f44,First Lien,,9.3%,,SOFR,5%,,,,6592,6446,6592,0.36%,6446,,,,,,MSDL,2025-05-08
Randy's Holdings Inc.,co_6db8ca7e3f44,First Lien,,9.3%,,SOFR,5%,,,,1281,1241,1281,0.07%,1241,,,,,,MSDL,2025-05-08
Randy's Holdings Inc.,co_6db8ca7e3f44,First Lien,,9.3%,,SOFR,5%,,,,395,377,395,0.02%,377,,,,,,MSDL,2025-05-08
Sonny's Enterprises LLC,co_fc8ca195e3a6,First Lien,,9.95%,,SOFR,5.5%,,,,45430,45008,43095,2.37%,45008,,,,,,MSDL,2025-05-08
Sonny's Enterprises LLC,co_fc8ca195e3a6,First Lien,,9.95%,,SOFR,5.5%,,,,113,103,40,0%,103,,,,,,MSDL,2025-05-08
Spectrum Automotive Holdings Corp.,co_15a3782db96e,First Lien,Automotive,9.58%,,SOFR,5.25%,,,,23110,22923,23110,1.27%,22923,,,,,,MSDL,2025-05-08
Spectrum Automotive Holdings Corp.,co_15a3782db96e,First Lien,Automotive,9.58%,,SOFR,5.25%,,,,14701,14530,14701,0.81%,14530,,,,,,MSDL,2025-05-08
Spectrum Automotive Holdings Corp.,co_15a3782db96e,First Lien,Automotive,9.58%,,SOFR,5.25%,,,,0,-5,0,0%,-5,,,,,,MSDL,2025-05-08
ARI Network Services Inc.,co_77e62450b687,First Lien,Business Services,9.33%,,SOFR,5%,,,,20560,20428,20365,1.12%,20428,,,,,,MSDL,2025-05-08
ARI Network Services Inc.,co_77e62450b687,First Lien,Business Services,9.33%,,SOFR,5%,,,,3548,3525,3514,0.19%,3525,,,,,,MSDL,2025-05-08
ARI Network Services Inc.,co_77e62450b687,First Lien,Business Services,9.33%,,SOFR,5%,,,,1380,1379,1350,0.07%,1379,,,,,,MSDL,2025-05-08
COP Collisionright Parent LLC,co_c0fae7b3d92d,First Lien,,9.79%,,SOFR,5.5%,,,,6348,6240,6348,0.35%,6240,,,,,,MSDL,2025-05-08
COP Collisionright Parent LLC,co_c0fae7b3d92d,First Lien,,9.79%,,SOFR,5.5%,,,,2871,2814,2871,0.16%,2814,,,,,,MSDL,2025-05-08
COP Collisionright Parent LLC,co_c0fae7b3d92d,First Lien,,9.79%,,SOFR,5.5%,,,,154,138,154,0.01%,138,,,,,,MSDL,2025-05-08
Drivecentric Holdings LLC,co_18217f74d72b,First Lien,,9.07%,,SOFR,4.75%,,,,26470,26223,26357,1.45%,26223,,,,,,MSDL,2025-05-08
Drivecentric Holdings LLC,co_18217f74d72b,First Lien,,9.07%,,SOFR,4.75%,,,,0,-32,-15,0%,-32,,,,,,MSDL,2025-05-08
LeadVenture Inc.,co_a6f882ae046a,First Lien,,9.33%,,SOFR,5%,,,,819,811,808,0.04%,811,,,,,,MSDL,2025-05-08
Turbo Buyer Inc.,co_8cff08261721,First Lien,,10.45%,,SOFR,6%,,,,37074,36945,35229,1.94%,36945,,,,,,MSDL,2025-05-08
Turbo Buyer Inc.,co_8cff08261721,First Lien,,10.45%,,SOFR,6%,,,,37257,37102,35403,1.95%,37102,,,,,,MSDL,2025-05-08
Vehlo Purchaser LLC,co_84348ab819ad,First Lien,,9.58%,,SOFR,5.25%,,,,2936,2913,2921,0.16%,2913,,,,,,MSDL,2025-05-08
Vehlo Purchaser LLC,co_84348ab819ad,First Lien,,9.58%,,SOFR,5.25%,,,,713,638,637,0.04%,638,,,,,,MSDL,2025-05-08
Vehlo Purchaser LLC,co_84348ab819ad,First Lien,,9.58%,,SOFR,5.25%,,,,0,-1,-1,0%,-1,,,,,,MSDL,2025-05-08
Vamos Bidco Inc.,co_c336d557c0a1,First Lien,,9.05%,,SOFR,4.75%,,,,5400,5347,5347,0.29%,5347,,,,,,MSDL,2025-05-08
Vamos Bidco Inc.,co_c336d557c0a1,First Lien,,9.05%,,SOFR,4.75%,,,,0,-11,-11,0%,-11,,,,,,MSDL,2025-05-08
Vamos Bidco Inc.,co_c336d557c0a1,First Lien,,9.05%,,SOFR,4.75%,,,,0,-7,-7,0%,-7,,,,,,MSDL,2025-05-08
GraphPad Software LLC,co_61592fde437f,First Lien,Software & Technology,9.05%,,SOFR,4.75%,,,,26757,26634,26757,1.47%,26634,,,,,,MSDL,2025-05-08
GraphPad Software LLC,co_61592fde437f,First Lien,Software & Technology,9.05%,,SOFR,4.75%,,,,794,759,794,0.04%,759,,,,,,MSDL,2025-05-08
GraphPad Software LLC,co_61592fde437f,First Lien,Software & Technology,9.05%,,SOFR,4.75%,,,,0,-13,0,0%,-13,,,,,,MSDL,2025-05-08
Project Potter Buyer LLC,co_147c1acb565b,First Lien,,10.3%,,SOFR,6%,,,,13581,13581,13581,0.75%,13581,,,,,,MSDL,2025-05-08
Project Potter Buyer LLC,co_147c1acb565b,First Lien,,10.3%,,SOFR,6%,,,,0,0,0,0%,0,,,,,,MSDL,2025-05-08
Tank Holding Corp.,co_b2a29c9530cb,First Lien,,10.43%,,SOFR,6%,,,,15514,15322,14908,0.82%,15322,,,,,,MSDL,2025-05-08
Tank Holding Corp.,co_b2a29c9530cb,First Lien,,10.43%,,SOFR,6%,,,,486,474,466,0.03%,474,,,,,,MSDL,2025-05-08
Tank Holding Corp.,co_b2a29c9530cb,First Lien,,10.43%,,SOFR,6%,,,,0,-8,-31,0%,-8,,,,,,MSDL,2025-05-08
V Global Holdings LLC,co_e97d0109499f,First Lien,,10.2%,,SOFR,5.75%,,,,4792,4739,4554,0.25%,4739,,,,,,MSDL,2025-05-08
V Global Holdings LLC,co_e97d0109499f,First Lien,,10.2%,,SOFR,5.75%,,,,492,487,458,0.03%,487,,,,,,MSDL,2025-05-08
365 Retail Markets LLC,co_65cd0a23340e,First Lien,Consumer & Retail,8.81%,,SOFR,4.5%,,,,16885,16738,16885,0.93%,16738,,,,,,MSDL,2025-05-08
365 Retail Markets LLC,co_65cd0a23340e,First Lien,Consumer & Retail,8.81%,,SOFR,4.5%,,,,5418,5383,5418,0.3%,5383,,,,,,MSDL,2025-05-08
Atlas Us Finco Inc.,co_e4ca4d595e3b,First Lien,,9.29%,,SOFR,5%,,,,8948,8787,8948,0.49%,8787,,,,,,MSDL,2025-05-08
Atlas Us Finco Inc.,co_e4ca4d595e3b,First Lien,,9.29%,,SOFR,5%,,,,0,-3,0,0%,-3,,,,,,MSDL,2025-05-08
BPG Holdings IV Corp.,co_bca2c4f52e0e,First Lien,,10.3%,,SOFR,6%,,,,11500,10948,10173,0.56%,10948,,,,,,MSDL,2025-05-08
Consor Intermediate II LLC,co_cc2ebc9b5d9b,First Lien,Media & Entertainment,8.8%,,SOFR,4.5%,,,,5906,5857,5905,0.32%,5857,,,,,,MSDL,2025-05-08
Consor Intermediate II LLC,co_cc2ebc9b5d9b,First Lien,Media & Entertainment,8.8%,,SOFR,4.5%,,,,0,-20,-1,0%,-20,,,,,,MSDL,2025-05-08
Consor Intermediate II LLC,co_cc2ebc9b5d9b,First Lien,Media & Entertainment,8.8%,,SOFR,4.5%,,,,0,-11,0,0%,-11,,,,,,MSDL,2025-05-08
CRCI Longhorn Holdings Inc.,co_145a4d0582fe,First Lien,,9.33%,,SOFR,5%,,,,9858,9765,9858,0.54%,9765,,,,,,MSDL,2025-05-08
CRCI Longhorn Holdings Inc.,co_145a4d0582fe,First Lien,,9.33%,,SOFR,5%,,,,0,-11,0,0%,-11,,,,,,MSDL,2025-05-08
CRCI Longhorn Holdings Inc.,co_145a4d0582fe,First Lien,,9.33%,,SOFR,5%,,,,856,841,856,0.05%,841,,,,,,MSDL,2025-05-08
Energy Labs Holdings Corp.,co_beb5f022627c,First Lien,Energy,9.4%,,SOFR,5%,,,,466,462,459,0.03%,462,,,,,,MSDL,2025-05-08
Energy Labs Holdings Corp.,co_beb5f022627c,First Lien,Energy,9.4%,,SOFR,5%,,,,194,189,186,0.01%,189,,,,,,MSDL,2025-05-08
Energy Labs Holdings Corp.,co_beb5f022627c,First Lien,Energy,9.4%,,SOFR,5%,,,,22,20,19,0%,20,,,,,,MSDL,2025-05-08
Firebird Acquisition Corp.,co_b2f4bf5d5495,First Lien,Financial Services,9.29%,2.75%,SOFR,5%,,,,5667,5639,5639,0.31%,5639,,,,,,MSDL,2025-05-08
Firebird Acquisition Corp.,co_b2f4bf5d5495,First Lien,Financial Services,9.29%,2.75%,SOFR,5%,,,,0,-8,-8,0%,-8,,,,,,MSDL,2025-05-08
Firebird Acquisition Corp.,co_b2f4bf5d5495,First Lien,Financial Services,9.29%,2.75%,SOFR,5%,,,,0,-5,-5,0%,-5,,,,,,MSDL,2025-05-08
FLS Holding Inc.,co_e3560cffb79c,First Lien,,9.69%,,SOFR,5.25%,,,,18785,18556,16581,0.91%,18556,,,,,,MSDL,2025-05-08
FLS Holding Inc.,co_e3560cffb79c,First Lien,,9.69%,,SOFR,5.25%,,,,4404,4349,3888,0.21%,4349,,,,,,MSDL,2025-05-08
FLS Holding Inc.,co_e3560cffb79c,First Lien,,9.69%,,SOFR,5.25%,,,,901,885,690,0.04%,885,,,,,,MSDL,2025-05-08
Helios Service Partners LLC,co_2f1e957e6999,First Lien,Business Services,9.56%,,SOFR,5%,,,,6773,6673,6737,0.37%,6673,,,,,,MSDL,2025-05-08
Helios Service Partners LLC,co_2f1e957e6999,First Lien,Business Services,9.56%,,SOFR,5%,,,,11455,11241,11368,0.63%,11241,,,,,,MSDL,2025-05-08
Helios Service Partners LLC,co_2f1e957e6999,First Lien,Business Services,9.56%,,SOFR,5%,,,,0,-17,-7,0%,-17,,,,,,MSDL,2025-05-08
Hercules Borrower LLC,co_34d8b7ece1a7,First Lien,,8.02%,,SOFR,5.25%,,,,4984,4937,4866,0.27%,4937,,,,,,MSDL,2025-05-08
HSI Halo Acquisition Inc.,co_1f42736b7293,First Lien,,9.29%,,SOFR,5%,,,,13553,13428,13553,0.75%,13428,,,,,,MSDL,2025-05-08
HSI Halo Acquisition Inc.,co_1f42736b7293,First Lien,,9.29%,,SOFR,5%,,,,562,544,562,0.03%,544,,,,,,MSDL,2025-05-08
HSI Halo Acquisition Inc.,co_1f42736b7293,First Lien,,9.29%,,SOFR,5%,,,,0,-19,0,0%,-19,,,,,,MSDL,2025-05-08
Iris Buyer LLC,co_5a3c5d292df0,First Lien,,9.54%,,SOFR,5.25%,,,,6920,6759,6894,0.38%,6759,,,,,,MSDL,2025-05-08
Iris Buyer LLC,co_5a3c5d292df0,First Lien,,9.54%,,SOFR,5.25%,,,,652,637,650,0.04%,637,,,,,,MSDL,2025-05-08
Iris Buyer LLC,co_5a3c5d292df0,First Lien,,9.54%,,SOFR,5.25%,,,,300,280,297,0.02%,280,,,,,,MSDL,2025-05-08
Procure Acquireco Inc.,co_53e701d14316,First Lien,,9.06%,,SOFR,4.75%,,,,3839,3793,3839,0.21%,3793,,,,,,MSDL,2025-05-08
Procure Acquireco Inc.,co_53e701d14316,First Lien,,9.06%,,SOFR,4.75%,,,,311,305,311,0.02%,305,,,,,,MSDL,2025-05-08
Procure Acquireco Inc.,co_53e701d14316,First Lien,,9.06%,,SOFR,4.75%,,,,0,-3,0,0%,-3,,,,,,MSDL,2025-05-08
Pye-Barker Fire & Safety LLC,co_21eb6c7d75fe,First Lien,,8.8%,,SOFR,4.5%,,,,26325,26325,26325,1.45%,26325,,,,,,MSDL,2025-05-08
Pye-Barker Fire & Safety LLC,co_21eb6c7d75fe,First Lien,,8.8%,,SOFR,4.5%,,,,4243,4176,4243,0.23%,4176,,,,,,MSDL,2025-05-08
Pye-Barker Fire & Safety LLC,co_21eb6c7d75fe,First Lien,,8.8%,,SOFR,4.5%,,,,456,424,456,0.03%,424,,,,,,MSDL,2025-05-08
Routeware Inc.,co_269e7ce779dd,First Lien,,9.55%,,SOFR,5.25%,,,,3182,3152,3163,0.17%,3152,,,,,,MSDL,2025-05-08
Routeware Inc.,co_269e7ce779dd,First Lien,,9.55%,,SOFR,5.25%,,,,91,84,82,0%,84,,,,,,MSDL,2025-05-08
Routeware Inc.,co_269e7ce779dd,First Lien,,9.55%,,SOFR,5.25%,,,,0,-3,-2,0%,-3,,,,,,MSDL,2025-05-08
Sherlock Buyer Corp.,co_0b97d370b799,First Lien,,10.15%,,SOFR,5.75%,,,,10810,10679,10810,0.59%,10679,,,,,,MSDL,2025-05-08
Sherlock Buyer Corp.,co_0b97d370b799,First Lien,,10.15%,,SOFR,5.75%,,,,0,-12,0,0%,-12,,,,,,MSDL,2025-05-08
Surewerx Purchaser III Inc.,co_c013dd202bd3,First Lien,,9.55%,,SOFR,5.25%,,,,5378,5256,5373,0.3%,5256,,,,,,MSDL,2025-05-08
Surewerx Purchaser III Inc.,co_c013dd202bd3,First Lien,,7.91%,,SOFR,5.25%,,,,255,185,177,0.01%,185,,,,,,MSDL,2025-05-08
Surewerx Purchaser III Inc.,co_c013dd202bd3,First Lien,,9.55%,,SOFR,5.25%,,,,300,282,299,0.02%,282,,,,,,MSDL,2025-05-08
Surewerx Purchaser III Inc.,co_c013dd202bd3,First Lien,,9.55%,,SOFR,5.25%,,,,815,797,814,0.04%,797,,,,,,MSDL,2025-05-08
Surewerx Purchaser III Inc.,co_c013dd202bd3,First Lien,,7.91%,,SOFR,5.25%,,,,22,16,16,0%,16,,,,,,MSDL,2025-05-08
Sweep Midco LLC,co_c47584783968,Second Lien,,,,,,,,,1674,836,831,0.05%,836,,,,,,MSDL,2025-05-08
Sweep Midco LLC,co_c47584783968,Second Lien,,,,,,,,,4872,0,0,0%,0,,,,,,MSDL,2025-05-08
Sweep Purchaser LLC,co_04b9c34b651f,First Lien,,10.15%,5.75%,,,,,,6268,6268,6268,0.34%,6268,,,,,,MSDL,2025-05-08
Sweep Purchaser LLC,co_04b9c34b651f,First Lien,,10.15%,,SOFR,5.75%,,,,3156,3156,3156,0.17%,3156,,,,,,MSDL,2025-05-08
Sweep Purchaser LLC,co_04b9c34b651f,First Lien,,10.15%,,SOFR,5.75%,,,,0,0,0,0%,0,,,,,,MSDL,2025-05-08
Tamarack Intermediate LLC,co_80a67a17c23e,First Lien,Media & Entertainment,10.2%,,SOFR,5.75%,,,,7001,6926,6950,0.38%,6926,,,,,,MSDL,2025-05-08
Tamarack Intermediate LLC,co_80a67a17c23e,First Lien,Media & Entertainment,10.2%,,SOFR,5.75%,,,,594,583,589,0.03%,583,,,,,,MSDL,2025-05-08
Tamarack Intermediate LLC,co_80a67a17c23e,First Lien,Media & Entertainment,10.2%,,SOFR,5.75%,,,,0,-9,-7,0%,-9,,,,,,MSDL,2025-05-08
Transit Technologies LLC,co_9ad1766dc9c6,First Lien,,9.17%,,SOFR,4.75%,,,,7955,7880,7955,0.44%,7880,,,,,,MSDL,2025-05-08
Transit Technologies LLC,co_9ad1766dc9c6,First Lien,,9.17%,,SOFR,4.75%,,,,890,872,890,0.05%,872,,,,,,MSDL,2025-05-08
Transit Technologies LLC,co_9ad1766dc9c6,First Lien,,9.17%,,SOFR,4.75%,,,,0,-15,0,0%,-15,,,,,,MSDL,2025-05-08
United Flow Technologies Intermediate Holdco II LLC,co_c6b36cdabde6,First Lien,Media & Entertainment,9.55%,,SOFR,5.25%,,,,8865,8743,8865,0.49%,8743,,,,,,MSDL,2025-05-08
United Flow Technologies Intermediate Holdco II LLC,co_c6b36cdabde6,First Lien,Media & Entertainment,9.55%,,SOFR,5.25%,,,,3731,3670,3731,0.21%,3670,,,,,,MSDL,2025-05-08
United Flow Technologies Intermediate Holdco II LLC,co_c6b36cdabde6,First Lien,Media & Entertainment,9.55%,,SOFR,5.25%,,,,0,-13,0,0%,-13,,,,,,MSDL,2025-05-08
US Infra Svcs Buyer LLC,co_f97030249011,First Lien,,11.69%,4.75%,SOFR,7.25%,,,,14044,13950,12471,0.69%,13950,,,,,,MSDL,2025-05-08
US Infra Svcs Buyer LLC,co_f97030249011,First Lien,,11.69%,4.75%,SOFR,7.25%,,,,1982,1974,1759,0.1%,1974,,,,,,MSDL,2025-05-08
US Infra Svcs Buyer LLC,co_f97030249011,First Lien,,11.69%,4.75%,SOFR,7.25%,,,,2250,2242,1998,0.11%,2242,,,,,,MSDL,2025-05-08
Vensure Employer Services Inc.,co_13ff515df3b0,First Lien,Business Services,9.3%,,SOFR,5%,,,,8029,7955,7974,0.44%,7955,,,,,,MSDL,2025-05-08
Vensure Employer Services Inc.,co_13ff515df3b0,First Lien,Business Services,9.3%,,SOFR,5%,,,,309,297,295,0.02%,297,,,,,,MSDL,2025-05-08
VRC Companies LLC,co_0df1ee612826,First Lien,,10.07%,,SOFR,5.75%,,,,72070,71583,72070,3.96%,71583,,,,,,MSDL,2025-05-08
VRC Companies LLC,co_0df1ee612826,First Lien,,10.07%,,SOFR,5.75%,,,,495,490,495,0.03%,490,,,,,,MSDL,2025-05-08
VRC Companies LLC,co_0df1ee612826,First Lien,,10.07%,,SOFR,5.75%,,,,0,-9,0,0%,-9,,,,,,MSDL,2025-05-08
Arcoro Holdings Corp.,co_82846e150a24,First Lien,,9.8%,,SOFR,5.5%,,,,12946,12720,12547,0.69%,12720,,,,,,MSDL,2025-05-08
Arcoro Holdings Corp.,co_82846e150a24,First Lien,,9.8%,,SOFR,5.5%,,,,0,-33,-60,0%,-33,,,,,,MSDL,2025-05-08
KPSKY Acquisition Inc.,co_c28869bd420a,First Lien,,9.89%,,SOFR,5.5%,,,,33431,33040,30326,1.67%,33040,,,,,,MSDL,2025-05-08
KPSKY Acquisition Inc.,co_c28869bd420a,First Lien,,9.89%,,SOFR,5.5%,,,,7655,7560,6944,0.38%,7560,,,,,,MSDL,2025-05-08
LJ Avalon Holdings LLC,co_27e9144fc6e4,First Lien,,9.07%,,SOFR,4.75%,,,,4079,3985,4079,0.22%,3985,,,,,,MSDL,2025-05-08
LJ Avalon Holdings LLC,co_27e9144fc6e4,First Lien,,9.07%,,SOFR,4.75%,,,,1670,1624,1670,0.09%,1624,,,,,,MSDL,2025-05-08
LJ Avalon Holdings LLC,co_27e9144fc6e4,First Lien,,9.07%,,SOFR,4.75%,,,,0,-13,0,0%,-13,,,,,,MSDL,2025-05-08
Superman Holdings LLC,co_3d26abc6b8f1,First Lien,,8.8%,,SOFR,4.5%,,,,19998,19904,19998,1.1%,19904,,,,,,MSDL,2025-05-08
Superman Holdings LLC,co_3d26abc6b8f1,First Lien,,8.8%,,SOFR,4.5%,,,,4183,4149,4183,0.23%,4149,,,,,,MSDL,2025-05-08
Superman Holdings LLC,co_3d26abc6b8f1,First Lien,,8.8%,,SOFR,4.5%,,,,0,-13,0,0%,-13,,,,,,MSDL,2025-05-08
PDI TA Holdings Inc.,co_d4e76ed2d08c,First Lien,,9.79%,,SOFR,5.5%,,,,25243,25031,25243,1.39%,25031,,,,,,MSDL,2025-05-08
PDI TA Holdings Inc.,co_d4e76ed2d08c,First Lien,,9.79%,,SOFR,5.5%,,,,0,-20,0,0%,-20,,,,,,MSDL,2025-05-08
PDI TA Holdings Inc.,co_d4e76ed2d08c,First Lien,,9.79%,,SOFR,5.5%,,,,304,285,304,0.02%,285,,,,,,MSDL,2025-05-08
BP Purchaser LLC,co_8150b35b92d0,First Lien,,10.06%,,SOFR,5.5%,,,,17846,17640,15716,0.86%,17640,,,,,,MSDL,2025-05-08
FORTIS Solutions Group LLC,co_b6fefea7ff47,First Lien,,9.9%,,SOFR,5.5%,,,,26678,26366,26678,1.47%,26366,,,,,,MSDL,2025-05-08
FORTIS Solutions Group LLC,co_b6fefea7ff47,First Lien,,9.9%,,SOFR,5.5%,,,,95,91,95,0.01%,91,,,,,,MSDL,2025-05-08
FORTIS Solutions Group LLC,co_b6fefea7ff47,First Lien,,9.9%,,SOFR,5.5%,,,,1214,1191,1214,0.07%,1191,,,,,,MSDL,2025-05-08
48Forty Solutions LLC,co_b865ac32662f,First Lien,,10.46%,3.5%,SOFR,6%,,,,17854,17654,11004,0.61%,17654,,,,,,MSDL,2025-05-08
48Forty Solutions LLC,co_b865ac32662f,First Lien,,10.46%,3.5%,SOFR,6%,,,,1032,1005,-10,0%,1005,,,,,,MSDL,2025-05-08
ABB Concise Optical Group LLC,co_f5de8ecab726,First Lien,,11.95%,,SOFR,7.5%,,,,17008,16766,15668,0.86%,16766,,,,,,MSDL,2025-05-08
Bradyplus Holdings LLC,co_09f185cef19d,First Lien,,9.29%,,SOFR,5%,,,,7930,7802,7930,0.44%,7802,,,,,,MSDL,2025-05-08
Bradyplus Holdings LLC,co_09f185cef19d,First Lien,,9.29%,,SOFR,5%,,,,50,47,50,0%,47,,,,,,MSDL,2025-05-08
PT Intermediate Holdings III LLC,co_f22783f7edc5,First Lien,Media & Entertainment,9.3%,1.75%,SOFR,5%,,,,41776,41435,41776,2.3%,41435,,,,,,MSDL,2025-05-08
PT Intermediate Holdings III LLC,co_f22783f7edc5,First Lien,Media & Entertainment,9.3%,1.75%,SOFR,5%,,,,0,-4,0,0%,-4,,,,,,MSDL,2025-05-08
Any Hour LLC,co_63420b406827,First Lien,,9.55%,,SOFR,5.25%,,,,23545,23231,23208,1.28%,23231,,,,,,MSDL,2025-05-08
Any Hour LLC,co_63420b406827,First Lien,,9.55%,,SOFR,5.25%,,,,667,618,568,0.03%,618,,,,,,MSDL,2025-05-08
Any Hour LLC,co_63420b406827,First Lien,,9.55%,,SOFR,5.25%,,,,1870,1826,1821,0.1%,1826,,,,,,MSDL,2025-05-08
Any Hour LLC,co_63420b406827,First Lien,,13%,13%,,,,,,6578,6470,6447,0.35%,6470,,,,,,MSDL,2025-05-08
Apex Service Partners LLC,co_443c5661a0e9,First Lien,Business Services,9.31%,,SOFR,5%,,,,36816,36262,36816,2.03%,36262,,,,,,MSDL,2025-05-08
Apex Service Partners LLC,co_443c5661a0e9,First Lien,Business Services,9.31%,,SOFR,5%,,,,8767,8614,8767,0.48%,8614,,,,,,MSDL,2025-05-08
Apex Service Partners LLC,co_443c5661a0e9,First Lien,Business Services,9.31%,,SOFR,5%,,,,2465,2425,2465,0.14%,2425,,,,,,MSDL,2025-05-08
Assembly Intermediate LLC,co_313b73e899fa,First Lien,Media & Entertainment,9.55%,,SOFR,5.25%,,,,20741,20536,20741,1.14%,20536,,,,,,MSDL,2025-05-08
Assembly Intermediate LLC,co_313b73e899fa,First Lien,Media & Entertainment,9.55%,,SOFR,5.25%,,,,4148,4110,4148,0.23%,4110,,,,,,MSDL,2025-05-08
Assembly Intermediate LLC,co_313b73e899fa,First Lien,Media & Entertainment,9.55%,,SOFR,5.25%,,,,0,-18,0,0%,-18,,,,,,MSDL,2025-05-08
DA Blocker Corp.,co_0d82bb24e68d,First Lien,,9.05%,,SOFR,4.75%,,,,7054,6984,6984,0.38%,6984,,,,,,MSDL,2025-05-08
DA Blocker Corp.,co_0d82bb24e68d,First Lien,,9.05%,,SOFR,4.75%,,,,0,-11,-11,0%,-11,,,,,,MSDL,2025-05-08
DA Blocker Corp.,co_0d82bb24e68d,First Lien,,9.05%,,SOFR,4.75%,,,,220,213,213,0.01%,213,,,,,,MSDL,2025-05-08
Eclipse Buyer Inc.,co_0aaa72c74574,First Lien,,9.06%,,SOFR,4.75%,,,,4244,4204,4244,0.23%,4204,,,,,,MSDL,2025-05-08
Eclipse Buyer Inc.,co_0aaa72c74574,First Lien,,9.06%,,SOFR,4.75%,,,,0,-3,0,0%,-3,,,,,,MSDL,2025-05-08
Essential Services Holding Corp.,co_b57b53be3ba0,First Lien,Business Services,9.3%,,SOFR,5%,,,,17245,17086,17245,0.95%,17086,,,,,,MSDL,2025-05-08
Essential Services Holding Corp.,co_b57b53be3ba0,First Lien,Business Services,9.3%,,SOFR,5%,,,,0,-21,0,0%,-21,,,,,,MSDL,2025-05-08
Essential Services Holding Corp.,co_b57b53be3ba0,First Lien,Business Services,9.3%,,SOFR,5%,,,,477,451,477,0.03%,451,,,,,,MSDL,2025-05-08
EVDR Purchaser Inc.,co_5a268e43a0b5,First Lien,,9.83%,,SOFR,5.5%,,,,20377,20017,20377,1.12%,20017,,,,,,MSDL,2025-05-08
EVDR Purchaser Inc.,co_5a268e43a0b5,First Lien,,9.83%,,SOFR,5.5%,,,,0,-49,0,0%,-49,,,,,,MSDL,2025-05-08
EVDR Purchaser Inc.,co_5a268e43a0b5,First Lien,,9.83%,,SOFR,5.5%,,,,353,294,353,0.02%,294,,,,,,MSDL,2025-05-08
FPG Intermediate Holdco LLC,co_8b5ca56a4501,First Lien,Media & Entertainment,11.2%,5.75%,SOFR,6.75%,,,,444,440,318,0.02%,440,,,,,,MSDL,2025-05-08
FPG Intermediate Holdco LLC,co_8b5ca56a4501,First Lien,Media & Entertainment,11.2%,5.75%,SOFR,6.75%,,,,17,17,17,0%,17,,,,,,MSDL,2025-05-08
Heartland Home Services,co_ed8b22d2b973,First Lien,Business Services,10.15%,,SOFR,5.75%,,,,1921,1915,1836,0.1%,1915,,,,,,MSDL,2025-05-08
Lightspeed Solution LLC,co_f180c82319de,First Lien,,10.83%,2.17%,SOFR,6.5%,,,,9197,9098,9183,0.51%,9098,,,,,,MSDL,2025-05-08
Lightspeed Solution LLC,co_f180c82319de,First Lien,,10.83%,2.17%,SOFR,6.5%,,,,546,539,546,0.03%,539,,,,,,MSDL,2025-05-08
Express Wash Acquisition Company LLC,co_86fb17eee460,First Lien,,11.07%,,SOFR,6.5%,,,,3263,3221,2920,0.16%,3221,,,,,,MSDL,2025-05-08
Express Wash Acquisition Company LLC,co_86fb17eee460,First Lien,,11.07%,,SOFR,6.5%,,,,690,681,617,0.03%,681,,,,,,MSDL,2025-05-08
Express Wash Acquisition Company LLC,co_86fb17eee460,First Lien,,11.07%,,SOFR,6.5%,,,,87,85,71,0%,85,,,,,,MSDL,2025-05-08
Project Accelerate Parent LLC,co_469aa7c6d56d,First Lien,,9.57%,,SOFR,5.25%,,,,8684,8608,8684,0.48%,8608,,,,,,MSDL,2025-05-08
Project Accelerate Parent LLC,co_469aa7c6d56d,First Lien,,9.57%,,SOFR,5.25%,,,,0,-11,0,0%,-11,,,,,,MSDL,2025-05-08
Vertex Service Partners LLC,co_56e3722a1d69,First Lien,Business Services,10.3%,,SOFR,6%,,,,1756,1719,1756,0.1%,1719,,,,,,MSDL,2025-05-08
Vertex Service Partners LLC,co_56e3722a1d69,First Lien,Business Services,10.3%,,SOFR,6%,,,,3532,3455,3532,0.19%,3455,,,,,,MSDL,2025-05-08
Vertex Service Partners LLC,co_56e3722a1d69,First Lien,Business Services,10.3%,,SOFR,6%,,,,161,152,161,0.01%,152,,,,,,MSDL,2025-05-08
Spark Buyer LLC,co_45de0f52c0c6,First Lien,,9.57%,,SOFR,5.25%,,,,2182,2151,2163,0.12%,2151,,,,,,MSDL,2025-05-08
Spark Buyer LLC,co_45de0f52c0c6,First Lien,,9.57%,,SOFR,5.25%,,,,0,-6,-8,0%,-6,,,,,,MSDL,2025-05-08
Spark Buyer LLC,co_45de0f52c0c6,First Lien,,9.57%,,SOFR,5.25%,,,,0,-6,-4,0%,-6,,,,,,MSDL,2025-05-08
Abracon Group Holdings LLC,co_ccb9bd519d45,First Lien,,10.96%,4.6%,SOFR,6.6%,,,,6133,6062,4806,0.26%,6062,,,,,,MSDL,2025-05-08
Abracon Group Holdings LLC,co_ccb9bd519d45,First Lien,,10.96%,4.6%,SOFR,6.6%,,,,410,406,322,0.02%,406,,,,,,MSDL,2025-05-08
Dwyer Instruments Inc.,co_ed86bcf277d1,First Lien,,9.05%,,SOFR,4.75%,,,,14271,14100,14200,0.78%,14100,,,,,,MSDL,2025-05-08
Dwyer Instruments Inc.,co_ed86bcf277d1,First Lien,,9.05%,,SOFR,4.75%,,,,4944,4868,4917,0.27%,4868,,,,,,MSDL,2025-05-08
Dwyer Instruments Inc.,co_ed86bcf277d1,First Lien,,9.05%,,SOFR,4.75%,,,,93,75,85,0%,75,,,,,,MSDL,2025-05-08
Infinite Bidco LLC,co_e9d3839805c4,First Lien,,10.57%,,SOFR,6.25%,,,,12204,11972,12204,0.67%,11972,,,,,,MSDL,2025-05-08
Infinite Bidco LLC,co_e9d3839805c4,Second Lien,,11.55%,,SOFR,7%,,,,25500,25456,21978,1.21%,25456,,,,,,MSDL,2025-05-08
Magneto Components Buyco LLC,co_8ee995ad93dc,First Lien,,10.3%,2.58%,SOFR,6%,,,,15438,15200,15141,0.83%,15200,,,,,,MSDL,2025-05-08
Magneto Components Buyco LLC,co_8ee995ad93dc,First Lien,,10.3%,2.58%,SOFR,6%,,,,0,-23,-58,0%,-23,,,,,,MSDL,2025-05-08
Magneto Components Buyco LLC,co_8ee995ad93dc,First Lien,,10.3%,2.58%,SOFR,6%,,,,0,-36,-49,0%,-36,,,,,,MSDL,2025-05-08
NSI Holdings Inc.,co_6e915c226298,First Lien,,9.3%,,SOFR,5%,,,,7350,7279,7278,0.4%,7279,,,,,,MSDL,2025-05-08
NSI Holdings Inc.,co_6e915c226298,First Lien,,9.3%,,SOFR,5%,,,,0,-5,-13,0%,-5,,,,,,MSDL,2025-05-08
NSI Holdings Inc.,co_6e915c226298,First Lien,,9.3%,,SOFR,5%,,,,0,-12,-13,0%,-12,,,,,,MSDL,2025-05-08
Applitools Inc.,co_2b3f9a60e19f,First Lien,,10.55%,6.25%,,,,,,4129,4095,4104,0.23%,4095,,,,,,MSDL,2025-05-08
Applitools Inc.,co_2b3f9a60e19f,First Lien,,10.55%,,SOFR,6.25%,,,,0,-5,-3,0%,-5,,,,,,MSDL,2025-05-08
Cerity Partners LLC,co_6844553dddc7,First Lien,,9.56%,,SOFR,5.25%,,,,4695,4591,4695,0.26%,4591,,,,,,MSDL,2025-05-08
Cerity Partners LLC,co_6844553dddc7,First Lien,,9.56%,,SOFR,5.25%,,,,8099,7918,8066,0.44%,7918,,,,,,MSDL,2025-05-08
Cerity Partners LLC,co_6844553dddc7,First Lien,,9.56%,,SOFR,5.25%,,,,136,134,136,0.01%,134,,,,,,MSDL,2025-05-08
GC Waves Holdings Inc.,co_f77390a1af0e,First Lien,,9.18%,,SOFR,4.75%,,,,8887,8811,8887,0.49%,8811,,,,,,MSDL,2025-05-08
GC Waves Holdings Inc.,co_f77390a1af0e,First Lien,,9.18%,,SOFR,4.75%,,,,1267,1172,1267,0.07%,1172,,,,,,MSDL,2025-05-08
GC Waves Holdings Inc.,co_f77390a1af0e,First Lien,,9.18%,,SOFR,4.75%,,,,0,-5,0,0%,-5,,,,,,MSDL,2025-05-08
MAI Capital Management Intermediate LLC,co_3fb3cb0962ac,First Lien,Media & Entertainment,9.05%,,SOFR,4.75%,,,,4632,4589,4632,0.25%,4589,,,,,,MSDL,2025-05-08
MAI Capital Management Intermediate LLC,co_3fb3cb0962ac,First Lien,Media & Entertainment,9.05%,,SOFR,4.75%,,,,1082,1065,1082,0.06%,1065,,,,,,MSDL,2025-05-08
MAI Capital Management Intermediate LLC,co_3fb3cb0962ac,First Lien,Media & Entertainment,9.05%,,SOFR,4.75%,,,,249,240,249,0.01%,240,,,,,,MSDL,2025-05-08
PMA Parent Holdings LLC,co_dd5c9d271e9f,First Lien,,9.58%,,SOFR,5.25%,,,,3036,2993,3010,0.17%,2993,,,,,,MSDL,2025-05-08
PMA Parent Holdings LLC,co_dd5c9d271e9f,First Lien,,9.58%,,SOFR,5.25%,,,,0,-3,-2,0%,-3,,,,,,MSDL,2025-05-08
RFS Opco LLC,co_e593f9495e2b,First Lien,,9.05%,,SOFR,4.75%,,,,14427,14371,14427,0.79%,14371,,,,,,MSDL,2025-05-08
RFS Opco LLC,co_e593f9495e2b,First Lien,,7.79%,,SOFR,3.5%,,,,333,329,333,0.02%,329,,,,,,MSDL,2025-05-08
SitusAMC Holdings Corp.,co_5d6bd5f7b398,First Lien,,9.9%,,SOFR,5.5%,,,,7217,7183,7217,0.4%,7183,,,,,,MSDL,2025-05-08
Smarsh Inc.,co_d80561116050,First Lien,,9.05%,,SOFR,4.75%,,,,5625,5562,5562,0.31%,5562,,,,,,MSDL,2025-05-08
Smarsh Inc.,co_d80561116050,First Lien,,9.05%,,SOFR,4.75%,,,,0,-9,-2,0%,-9,,,,,,MSDL,2025-05-08
Smarsh Inc.,co_d80561116050,First Lien,,9.05%,,SOFR,4.75%,,,,107,100,100,0.01%,100,,,,,,MSDL,2025-05-08
Trintech Inc.,co_dc9a5cbd7f05,First Lien,,9.83%,,SOFR,5.5%,,,,33660,33136,33449,1.84%,33136,,,,,,MSDL,2025-05-08
Trintech Inc.,co_dc9a5cbd7f05,First Lien,,9.83%,,SOFR,5.5%,,,,837,795,819,0.05%,795,,,,,,MSDL,2025-05-08
AMCP Pet Holdings Inc.,co_047b2ac1b997,First Lien,Consumer & Retail,11.44%,3%,SOFR,7%,,,,41915,41482,38796,2.13%,41482,,,,,,MSDL,2025-05-08
AMCP Pet Holdings Inc.,co_047b2ac1b997,First Lien,Consumer & Retail,11.44%,3%,SOFR,7%,,,,5932,5887,5491,0.3%,5887,,,,,,MSDL,2025-05-08
Familia Intermediate Holdings I Corp.,co_2615c4fdbb9d,First Lien,Media & Entertainment,16.25%,16.25%,,,,,,1500,1500,107,0.01%,1500,,,,,,MSDL,2025-05-08
Nellson Nutraceutical Inc.,co_fc50648b0dc4,First Lien,,10.23%,,SOFR,5.75%,,,,18220,18161,18203,1%,18161,,,,,,MSDL,2025-05-08
Teasdale Foods Inc.,co_c2c205ba1c4b,First Lien,Food & Beverage,10.69%,,SOFR,6.25%,,,,10784,10748,9490,0.52%,10748,,,,,,MSDL,2025-05-08
SV Newco 2 Inc.,co_e8c44ae3b790,First Lien,,9.05%,,SOFR,4.75%,,,,22795,22483,22708,1.25%,22483,,,,,,MSDL,2025-05-08
SV Newco 2 Inc.,co_e8c44ae3b790,First Lien,,9.05%,,SOFR,4.75%,,,,5627,5491,5573,0.31%,5491,,,,,,MSDL,2025-05-08
SV Newco 2 Inc.,co_e8c44ae3b790,First Lien,,9.05%,,SOFR,4.75%,,,,0,-113,-33,0%,-113,,,,,,MSDL,2025-05-08
PerkinElmer U.S. LLC,co_e640a006f804,First Lien,,9.32%,,SOFR,5%,,,,4329,4238,4329,0.24%,4238,,,,,,MSDL,2025-05-08
Tidi Legacy Products Inc.,co_a6c31e5d543e,First Lien,,9.58%,,SOFR,5.25%,,,,1853,1822,1853,0.1%,1822,,,,,,MSDL,2025-05-08
Tidi Legacy Products Inc.,co_a6c31e5d543e,First Lien,,9.58%,,SOFR,5.25%,,,,0,-4,0,0%,-4,,,,,,MSDL,2025-05-08
Tidi Legacy Products Inc.,co_a6c31e5d543e,First Lien,,9.58%,,SOFR,5.25%,,,,0,-6,0,0%,-6,,,,,,MSDL,2025-05-08
YI LLC,co_46126441818e,First Lien,,10.05%,,SOFR,5.75%,,,,5583,5491,5573,0.31%,5491,,,,,,MSDL,2025-05-08
YI LLC,co_46126441818e,First Lien,,10.05%,,SOFR,5.75%,,,,0,-9,-2,0%,-9,,,,,,MSDL,2025-05-08
YI LLC,co_46126441818e,First Lien,,10.05%,,SOFR,5.75%,,,,0,-14,-1,0%,-14,,,,,,MSDL,2025-05-08
Advarra Holdings Inc.,co_2c3cdccbae16,First Lien,,8.83%,,SOFR,4.5%,,,,448,440,448,0.02%,440,,,,,,MSDL,2025-05-08
Advarra Holdings Inc.,co_2c3cdccbae16,First Lien,,8.83%,,SOFR,4.5%,,,,0,0,0,0%,0,,,,,,MSDL,2025-05-08
DCA Investment Holdings LLC,co_188bd5058a84,First Lien,Financial Services,10.73%,,SOFR,6.5%,,,,20228,19987,19813,1.09%,19987,,,,,,MSDL,2025-05-08
DCA Investment Holdings LLC,co_188bd5058a84,First Lien,Financial Services,10.73%,,SOFR,6.5%,,,,1779,1747,1742,0.1%,1747,,,,,,MSDL,2025-05-08
Gateway US Holdings Inc.,co_a55d77e94a74,First Lien,,9.05%,,SOFR,4.75%,,,,744,740,744,0.04%,740,,,,,,MSDL,2025-05-08
Gateway US Holdings Inc.,co_a55d77e94a74,First Lien,,9.05%,,SOFR,4.75%,,,,210,209,210,0.01%,209,,,,,,MSDL,2025-05-08
Gateway US Holdings Inc.,co_a55d77e94a74,First Lien,,9.05%,,SOFR,4.75%,,,,0,0,0,0%,0,,,,,,MSDL,2025-05-08
Heartland Veterinary Partners LLC,co_f7d09ce8e62a,First Lien,Healthcare,9.47%,,SOFR,4.75%,,,,1823,1817,1823,0.1%,1817,,,,,,MSDL,2025-05-08
Heartland Veterinary Partners LLC,co_f7d09ce8e62a,Second Lien,Healthcare,14.5%,7%,SOFR,14.5%,,,,4246,4205,4230,0.23%,4205,,,,,,MSDL,2025-05-08
Heartland Veterinary Partners LLC,co_f7d09ce8e62a,First Lien,Healthcare,9.47%,,SOFR,4.75%,,,,4129,4115,4129,0.23%,4115,,,,,,MSDL,2025-05-08
Heartland Veterinary Partners LLC,co_f7d09ce8e62a,Second Lien,Healthcare,14.5%,7%,SOFR,14.5%,,,,1651,1634,1645,0.09%,1634,,,,,,MSDL,2025-05-08
Heartland Veterinary Partners LLC,co_f7d09ce8e62a,First Lien,Healthcare,9.47%,,SOFR,4.75%,,,,0,-1,0,0%,-1,,,,,,MSDL,2025-05-08
iCIMS Inc.,co_bf6839dcfbb8,First Lien,,10.04%,,SOFR,5.75%,,,,7080,7002,7080,0.39%,7002,,,,,,MSDL,2025-05-08
iCIMS Inc.,co_bf6839dcfbb8,First Lien,,10.04%,,SOFR,5.75%,,,,5,5,5,0%,5,,,,,,MSDL,2025-05-08
Imagine 360 LLC,co_a5d45c14b899,First Lien,,9.05%,,SOFR,4.75%,,,,12127,12019,12094,0.67%,12019,,,,,,MSDL,2025-05-08
Imagine 360 LLC,co_a5d45c14b899,First Lien,,9.05%,,SOFR,4.75%,,,,0,-7,-5,0%,-7,,,,,,MSDL,2025-05-08
Imagine 360 LLC,co_a5d45c14b899,First Lien,,9.05%,,SOFR,4.75%,,,,0,-9,-3,0%,-9,,,,,,MSDL,2025-05-08
Intelerad Medical Systems Inc.,co_b56720645d0a,First Lien,Healthcare,10.94%,,SOFR,6.5%,,,,489,483,474,0.03%,483,,,,,,MSDL,2025-05-08
Intelerad Medical Systems Inc.,co_b56720645d0a,First Lien,Healthcare,10.94%,,SOFR,6.5%,,,,34,34,33,0%,34,,,,,,MSDL,2025-05-08
Invictus Buyer LLC,co_c9c84516d59c,First Lien,,9.05%,,SOFR,4.75%,,,,4030,3993,4015,0.22%,3993,,,,,,MSDL,2025-05-08
Invictus Buyer LLC,co_c9c84516d59c,First Lien,,9.05%,,SOFR,4.75%,,,,0,-7,-6,0%,-7,,,,,,MSDL,2025-05-08
Invictus Buyer LLC,co_c9c84516d59c,First Lien,,9.05%,,SOFR,4.75%,,,,0,-5,-2,0%,-5,,,,,,MSDL,2025-05-08
mPulse Mobile Inc.,co_972bec5eeda6,First Lien,,10.65%,,SOFR,6.25%,,,,11958,11834,11854,0.65%,11834,,,,,,MSDL,2025-05-08
mPulse Mobile Inc.,co_972bec5eeda6,First Lien,,10.65%,,SOFR,6.25%,,,,19877,19532,19703,1.08%,19532,,,,,,MSDL,2025-05-08
mPulse Mobile Inc.,co_972bec5eeda6,First Lien,,10.65%,,SOFR,6.25%,,,,1334,1293,1311,0.07%,1293,,,,,,MSDL,2025-05-08
Pareto Health Intermediate Holdings Inc.,co_bcbf1bc2f293,First Lien,Media & Entertainment,9.22%,,SOFR,5%,,,,28521,28204,28415,1.56%,28204,,,,,,MSDL,2025-05-08
Pareto Health Intermediate Holdings Inc.,co_bcbf1bc2f293,First Lien,Media & Entertainment,9.22%,,SOFR,5%,,,,0,-27,-21,0%,-27,,,,,,MSDL,2025-05-08
Pareto Health Intermediate Holdings Inc.,co_bcbf1bc2f293,First Lien,Media & Entertainment,9.22%,,SOFR,5%,,,,0,-11,-3,0%,-11,,,,,,MSDL,2025-05-08
PPV Intermediate Holdings LLC,co_56235911ea0a,First Lien,Media & Entertainment,10.06%,,SOFR,5.75%,,,,4324,4194,4324,0.24%,4194,,,,,,MSDL,2025-05-08
PPV Intermediate Holdings LLC,co_56235911ea0a,First Lien,Media & Entertainment,10.31%,,SOFR,6%,,,,15010,14886,15010,0.83%,14886,,,,,,MSDL,2025-05-08
Promptcare Infusion Buyer Inc.,co_f19ea828134f,First Lien,Healthcare,10.42%,,SOFR,6%,,,,8866,8783,8689,0.48%,8783,,,,,,MSDL,2025-05-08
Promptcare Infusion Buyer Inc.,co_f19ea828134f,First Lien,Healthcare,10.42%,,SOFR,6%,,,,2759,2720,2676,0.15%,2720,,,,,,MSDL,2025-05-08
Stepping Stones Healthcare Services LLC,co_ef6f838d442b,First Lien,Healthcare,9.3%,,SOFR,5%,,,,4244,4204,4244,0.23%,4204,,,,,,MSDL,2025-05-08
Stepping Stones Healthcare Services LLC,co_ef6f838d442b,First Lien,Healthcare,9.3%,,SOFR,5%,,,,1295,1275,1295,0.07%,1275,,,,,,MSDL,2025-05-08
Stepping Stones Healthcare Services LLC,co_ef6f838d442b,First Lien,Healthcare,9.3%,,SOFR,5%,,,,0,-3,0,0%,-3,,,,,,MSDL,2025-05-08
Suveto Buyer LLC,co_ce5072e17d0c,First Lien,,9.08%,,SOFR,4.75%,,,,11761,11702,11741,0.65%,11702,,,,,,MSDL,2025-05-08
Suveto Buyer LLC,co_ce5072e17d0c,First Lien,,9.08%,,SOFR,4.75%,,,,0,-9,-2,0%,-9,,,,,,MSDL,2025-05-08
Tivity Health Inc.,co_2c0a41552dd9,First Lien,,9.33%,,SOFR,5%,,,,8590,8552,8579,0.47%,8552,,,,,,MSDL,2025-05-08
Vardiman Black Holdings LLC,co_7e0e5a304ccf,First Lien,,11.42%,2%,SOFR,7%,,,,5862,5862,5767,0.32%,5862,,,,,,MSDL,2025-05-08
Vardiman Black Holdings LLC,co_7e0e5a304ccf,First Lien,,11.42%,2%,SOFR,7%,,,,632,619,621,0.03%,619,,,,,,MSDL,2025-05-08
Hyland Software Inc.,co_2ad98cde0e97,First Lien,Software & Technology,9.33%,,SOFR,5%,,,,39160,38668,39160,2.15%,38668,,,,,,MSDL,2025-05-08
Hyland Software Inc.,co_2ad98cde0e97,First Lien,Software & Technology,9.33%,,SOFR,5%,,,,0,-21,0,0%,-21,,,,,,MSDL,2025-05-08
Lightspeed Buyer Inc.,co_961292b66f9d,First Lien,,9.05%,,SOFR,4.75%,,,,23098,22943,23098,1.27%,22943,,,,,,MSDL,2025-05-08
Lightspeed Buyer Inc.,co_961292b66f9d,First Lien,,9.05%,,SOFR,4.75%,,,,343,338,343,0.02%,338,,,,,,MSDL,2025-05-08
Lightspeed Buyer Inc.,co_961292b66f9d,First Lien,,9.05%,,SOFR,4.75%,,,,0,-1,0,0%,-1,,,,,,MSDL,2025-05-08
Aptean Inc.,co_181021ae68a3,First Lien,,9.56%,,SOFR,5.25%,,,,13916,13820,13876,0.76%,13820,,,,,,MSDL,2025-05-08
Aptean Inc.,co_181021ae68a3,First Lien,,9.06%,,SOFR,4.75%,,,,323,298,306,0.02%,298,,,,,,MSDL,2025-05-08
Aptean Inc.,co_181021ae68a3,First Lien,,9.06%,,SOFR,4.75%,,,,166,155,160,0.01%,155,,,,,,MSDL,2025-05-08
Excelitas Technologies Corp.,co_25525b0ba447,First Lien,,9.58%,,SOFR,5.25%,,,,1298,1279,1291,0.07%,1279,,,,,,MSDL,2025-05-08
Excelitas Technologies Corp.,co_25525b0ba447,First Lien,,7.61%,,SOFR,5.25%,,,,236,241,254,0.01%,241,,,,,,MSDL,2025-05-08
Excelitas Technologies Corp.,co_25525b0ba447,First Lien,,9.58%,,SOFR,5.25%,,,,0,-12,-10,0%,-12,,,,,,MSDL,2025-05-08
Excelitas Technologies Corp.,co_25525b0ba447,First Lien,,9.58%,,SOFR,5.25%,,,,0,-1,-1,0%,-1,,,,,,MSDL,2025-05-08
Raptor Merger Sub Debt LLC,co_aeeb4dfe973c,First Lien,,9.8%,,SOFR,5.5%,,,,31826,31160,31645,1.74%,31160,,,,,,MSDL,2025-05-08
Raptor Merger Sub Debt LLC,co_aeeb4dfe973c,First Lien,,9.8%,,SOFR,5.5%,,,,651,601,637,0.04%,601,,,,,,MSDL,2025-05-08
Amerilife Holdings LLC,co_79b70b5ba514,First Lien,,9.26%,,SOFR,5%,,,,12954,12864,12954,0.71%,12864,,,,,,MSDL,2025-05-08
Amerilife Holdings LLC,co_79b70b5ba514,First Lien,,9.26%,,SOFR,5%,,,,1253,1237,1245,0.07%,1237,,,,,,MSDL,2025-05-08
Amerilife Holdings LLC,co_79b70b5ba514,First Lien,,9.26%,,SOFR,5%,,,,0,-13,0,0%,-13,,,,,,MSDL,2025-05-08
Fetch Insurance Services LLC,co_6f9241db490c,First Lien,Insurance,12.75%,3.75%,SOFR,12.75%,,,,2048,2017,2028,0.11%,2017,,,,,,MSDL,2025-05-08
Foundation Risk Partners Corp.,co_2669dbde7061,First Lien,,9.3%,,SOFR,5%,,,,41992,41543,41992,2.31%,41543,,,,,,MSDL,2025-05-08
Foundation Risk Partners Corp.,co_2669dbde7061,First Lien,,9.3%,,SOFR,5%,,,,9133,9036,9133,0.5%,9036,,,,,,MSDL,2025-05-08
Foundation Risk Partners Corp.,co_2669dbde7061,First Lien,,9.3%,,SOFR,5%,,,,0,-57,0,0%,-57,,,,,,MSDL,2025-05-08
Galway Borrower LLC,co_7b729e02e51d,First Lien,,8.8%,,SOFR,4.5%,,,,30345,29998,30345,1.67%,29998,,,,,,MSDL,2025-05-08
Galway Borrower LLC,co_7b729e02e51d,First Lien,,8.8%,,SOFR,4.5%,,,,1742,1714,1742,0.1%,1714,,,,,,MSDL,2025-05-08
Galway Borrower LLC,co_7b729e02e51d,First Lien,,8.8%,,SOFR,4.5%,,,,724,700,724,0.04%,700,,,,,,MSDL,2025-05-08
Higginbotham Insurance Agency Inc.,co_f6db8c8e7a1a,First Lien,Insurance,8.83%,,SOFR,4.5%,,,,23602,23435,23473,1.29%,23435,,,,,,MSDL,2025-05-08
Higginbotham Insurance Agency Inc.,co_f6db8c8e7a1a,First Lien,Insurance,8.83%,,SOFR,4.5%,,,,3303,3257,3268,0.18%,3257,,,,,,MSDL,2025-05-08
High Street Buyer Inc.,co_09cbb0aa41aa,First Lien,,9.55%,,SOFR,5.25%,,,,9764,9664,9764,0.54%,9664,,,,,,MSDL,2025-05-08
High Street Buyer Inc.,co_09cbb0aa41aa,First Lien,,9.55%,,SOFR,5.25%,,,,40578,40082,40578,2.23%,40082,,,,,,MSDL,2025-05-08
High Street Buyer Inc.,co_09cbb0aa41aa,First Lien,,9.55%,,SOFR,5.25%,,,,0,-15,0,0%,-15,,,,,,MSDL,2025-05-08
Inszone Mid LLC,co_2f16bb3c77e7,First Lien,,9.55%,,SOFR,5.25%,,,,4404,4332,4404,0.24%,4332,,,,,,MSDL,2025-05-08
Inszone Mid LLC,co_2f16bb3c77e7,First Lien,,9.55%,,SOFR,5.25%,,,,5836,5691,5836,0.32%,5691,,,,,,MSDL,2025-05-08
Inszone Mid LLC,co_2f16bb3c77e7,First Lien,,9.55%,,SOFR,5.25%,,,,0,-19,0,0%,-19,,,,,,MSDL,2025-05-08
Integrity Marketing Acquisition LLC,co_c54435bdb6e3,First Lien,Business Services,9.31%,,SOFR,5%,,,,44343,44343,44343,2.44%,44343,,,,,,MSDL,2025-05-08
Integrity Marketing Acquisition LLC,co_c54435bdb6e3,First Lien,Business Services,9.31%,,SOFR,5%,,,,0,0,0,0%,0,,,,,,MSDL,2025-05-08
Long Term Care Group Inc.,co_935acc226f55,First Lien,,10.53%,,SOFR,6%,,,,5464,5414,4767,0.26%,5414,,,,,,MSDL,2025-05-08
Majesco Inc.,co_2963361e1ab4,First Lien,,9.05%,,SOFR,4.75%,,,,33468,33018,33343,1.83%,33018,,,,,,MSDL,2025-05-08
Majesco Inc.,co_2963361e1ab4,First Lien,,9.05%,,SOFR,4.75%,,,,0,-12,-6,0%,-12,,,,,,MSDL,2025-05-08
Patriot Growth Insurance Services LLC,co_09c469ba825f,First Lien,Insurance,9.45%,,SOFR,5%,,,,61565,60839,61565,3.39%,60839,,,,,,MSDL,2025-05-08
Patriot Growth Insurance Services LLC,co_09c469ba825f,First Lien,Insurance,9.45%,,SOFR,5%,,,,2243,2197,2243,0.12%,2197,,,,,,MSDL,2025-05-08
Peter C. Foy & Associates Insurance Services LLC,co_8aca268f8418,First Lien,Insurance,9.9%,,SOFR,5.5%,,,,19947,19811,19793,1.09%,19811,,,,,,MSDL,2025-05-08
Peter C. Foy & Associates Insurance Services LLC,co_8aca268f8418,First Lien,Insurance,9.9%,,SOFR,5.5%,,,,8609,8545,8549,0.47%,8545,,,,,,MSDL,2025-05-08
Peter C. Foy & Associates Insurance Services LLC,co_8aca268f8418,First Lien,Insurance,9.9%,,SOFR,5.5%,,,,0,-4,-7,0%,-4,,,,,,MSDL,2025-05-08
RSC Acquisition Inc.,co_b00957f0c7af,First Lien,,9.05%,,SOFR,4.75%,,,,32047,31713,32022,1.76%,31713,,,,,,MSDL,2025-05-08
RSC Acquisition Inc.,co_b00957f0c7af,First Lien,,9.05%,,SOFR,4.75%,,,,3771,3750,3768,0.21%,3750,,,,,,MSDL,2025-05-08
World Insurance Associates LLC,co_e9b1fcd3d8d5,First Lien,Insurance,9.3%,,SOFR,5%,,,,51670,50734,51153,2.81%,50734,,,,,,MSDL,2025-05-08
World Insurance Associates LLC,co_e9b1fcd3d8d5,First Lien,Insurance,9.3%,,SOFR,5%,,,,0,-6,-13,0%,-6,,,,,,MSDL,2025-05-08
FMG Suite Holdings LLC,co_21cabd20bf1f,First Lien,,9.39%,,SOFR,5%,,,,23534,23346,23481,1.29%,23346,,,,,,MSDL,2025-05-08
FMG Suite Holdings LLC,co_21cabd20bf1f,First Lien,,9.39%,,SOFR,5%,,,,4522,4495,4511,0.25%,4495,,,,,,MSDL,2025-05-08
FMG Suite Holdings LLC,co_21cabd20bf1f,First Lien,,9.39%,,SOFR,5%,,,,0,-13,-6,0%,-13,,,,,,MSDL,2025-05-08
Spectrio LLC,co_765e0aa2517f,First Lien,,10.31%,2.5%,SOFR,6%,,,,32046,31864,28707,1.58%,31864,,,,,,MSDL,2025-05-08
Spectrio LLC,co_765e0aa2517f,First Lien,,10.31%,2.5%,SOFR,6%,,,,12927,12903,11580,0.64%,12903,,,,,,MSDL,2025-05-08
Spectrio LLC,co_765e0aa2517f,First Lien,,10.31%,2.5%,SOFR,6%,,,,3691,3669,3266,0.18%,3669,,,,,,MSDL,2025-05-08
Triple Lift Inc.,co_72a16a9e1dff,First Lien,,10.21%,,SOFR,5.75%,,,,26950,26671,26090,1.44%,26671,,,,,,MSDL,2025-05-08
Triple Lift Inc.,co_72a16a9e1dff,First Lien,,10.21%,,SOFR,5.75%,,,,0,-35,-128,-0.01%,-35,,,,,,MSDL,2025-05-08
Apollo Acquisition Inc.,co_0d0f7cb2bdff,First Lien,,9.33%,,SOFR,5%,,,,17425,17255,17196,0.95%,17255,,,,,,MSDL,2025-05-08
Apollo Acquisition Inc.,co_0d0f7cb2bdff,First Lien,,9.33%,,SOFR,5%,,,,0,-29,-80,0%,-29,,,,,,MSDL,2025-05-08
Apollo Acquisition Inc.,co_0d0f7cb2bdff,First Lien,,9.33%,,SOFR,5%,,,,0,-23,-32,0%,-23,,,,,,MSDL,2025-05-08
Atlas Purchaser Inc.,co_a619bcca40c5,First Lien,,11.94%,5.5%,SOFR,7.5%,,,,2550,2550,2550,0.14%,2550,,,,,,MSDL,2025-05-08
Atlas Purchaser Inc.,co_a619bcca40c5,First Lien,,11.94%,6.5%,SOFR,7.5%,,,,5889,5889,3003,0.17%,5889,,,,,,MSDL,2025-05-08
Catalis Intermediate Inc.,co_ef06ce5289fb,First Lien,Media & Entertainment,9.95%,,SOFR,5.5%,,,,38853,38411,38465,2.12%,38411,,,,,,MSDL,2025-05-08
Catalis Intermediate Inc.,co_ef06ce5289fb,First Lien,Media & Entertainment,9.95%,,SOFR,5.5%,,,,8742,8651,8655,0.48%,8651,,,,,,MSDL,2025-05-08
Catalis Intermediate Inc.,co_ef06ce5289fb,First Lien,Media & Entertainment,9.95%,,SOFR,5.5%,,,,1460,1418,1417,0.08%,1418,,,,,,MSDL,2025-05-08
GI DI Cornfield Acquisition LLC,co_e67a66dabf45,First Lien,,8.92%,,SOFR,4.5%,,,,30393,30026,30211,1.66%,30026,,,,,,MSDL,2025-05-08
GI DI Cornfield Acquisition LLC,co_e67a66dabf45,First Lien,,8.92%,,SOFR,4.5%,,,,0,-92,-94,-0.01%,-92,,,,,,MSDL,2025-05-08
Help/Systems Holdings Inc.,co_734d6293aec0,Second Lien,,11.14%,,SOFR,6.75%,,,,17500,17500,13629,0.75%,17500,,,,,,MSDL,2025-05-08
Idera Inc.,co_28cc9f33febe,Second Lien,,11.19%,,SOFR,6.75%,,,,2607,2595,2607,0.14%,2595,,,,,,MSDL,2025-05-08
Recovery Point Systems Inc.,co_38208589e59d,First Lien,,10.44%,,SOFR,6%,,,,40110,39888,40110,2.21%,39888,,,,,,MSDL,2025-05-08
Recovery Point Systems Inc.,co_38208589e59d,First Lien,,10.44%,,SOFR,6%,,,,0,-18,0,0%,-18,,,,,,MSDL,2025-05-08
Redwood Services Group LLC,co_09803b676c7a,First Lien,Business Services,9.55%,,SOFR,5.25%,,,,17498,17334,17380,0.96%,17334,,,,,,MSDL,2025-05-08
Redwood Services Group LLC,co_09803b676c7a,First Lien,Business Services,9.55%,,SOFR,5.25%,,,,8838,8681,8752,0.48%,8681,,,,,,MSDL,2025-05-08
Ridge Trail US Bidco Inc.,co_fd3b79aaf3cb,First Lien,,8.8%,,SOFR,4.5%,,,,23916,23577,23642,1.3%,23577,,,,,,MSDL,2025-05-08
Ridge Trail US Bidco Inc.,co_fd3b79aaf3cb,First Lien,,8.8%,,SOFR,4.5%,,,,0,-58,-95,-0.01%,-58,,,,,,MSDL,2025-05-08
Ridge Trail US Bidco Inc.,co_fd3b79aaf3cb,First Lien,,8.8%,,SOFR,4.5%,,,,744,706,712,0.04%,706,,,,,,MSDL,2025-05-08
Syntax Systems Ltd.,co_c878e2dc3e65,First Lien,,9.42%,,SOFR,5%,,,,37271,37060,37140,2.04%,37060,,,,,,MSDL,2025-05-08
Thrive Buyer Inc.,co_9eaf6129b54b,First Lien,,9.05%,,SOFR,4.75%,,,,23676,23444,23444,1.29%,23444,,,,,,MSDL,2025-05-08
Thrive Buyer Inc.,co_9eaf6129b54b,First Lien,,9.05%,,SOFR,4.75%,,,,329,288,287,0.02%,288,,,,,,MSDL,2025-05-08
Thrive Buyer Inc.,co_9eaf6129b54b,First Lien,,9.05%,,SOFR,4.75%,,,,0,-30,-30,0%,-30,,,,,,MSDL,2025-05-08
UpStack Inc.,co_b4bd423007a7,First Lien,,9.32%,,SOFR,5%,,,,9750,9659,9604,0.53%,9659,,,,,,MSDL,2025-05-08
UpStack Inc.,co_b4bd423007a7,First Lien,,9.32%,,SOFR,5%,,,,750,729,694,0.04%,729,,,,,,MSDL,2025-05-08
UpStack Inc.,co_b4bd423007a7,First Lien,,9.32%,,SOFR,5%,,,,338,324,315,0.02%,324,,,,,,MSDL,2025-05-08
Victors Purchaser LLC,co_0aefc313d707,First Lien,,9.05%,,SOFR,4.75%,,,,5081,5034,5081,0.28%,5034,,,,,,MSDL,2025-05-08
Victors Purchaser LLC,co_0aefc313d707,First Lien,,9.05%,,SOFR,4.75%,,,,263,256,262,0.01%,256,,,,,,MSDL,2025-05-08
Victors Purchaser LLC,co_0aefc313d707,First Lien,,9.05%,,SOFR,4.75%,,,,0,-5,0,0%,-5,,,,,,MSDL,2025-05-08
Model N Inc.,co_74409df818dd,First Lien,,9.05%,,SOFR,4.75%,,,,11904,11795,11904,0.65%,11795,,,,,,MSDL,2025-05-08
Model N Inc.,co_74409df818dd,First Lien,,9.05%,,SOFR,4.75%,,,,0,-15,0,0%,-15,,,,,,MSDL,2025-05-08
Model N Inc.,co_74409df818dd,First Lien,,9.05%,,SOFR,4.75%,,,,0,-16,0,0%,-16,,,,,,MSDL,2025-05-08
Answer Acquisition LLC,co_87beebb71620,First Lien,,10.45%,,SOFR,6%,,,,13360,13237,13054,0.72%,13237,,,,,,MSDL,2025-05-08
Answer Acquisition LLC,co_87beebb71620,First Lien,,10.45%,,SOFR,6%,,,,167,157,138,0.01%,157,,,,,,MSDL,2025-05-08
Chase Intermediate LLC,co_fc7c595cf3bc,First Lien,Media & Entertainment,9.06%,,SOFR,4.75%,,,,7396,7274,7396,0.41%,7274,,,,,,MSDL,2025-05-08
Chase Intermediate LLC,co_fc7c595cf3bc,First Lien,Media & Entertainment,9.06%,,SOFR,4.75%,,,,59,52,59,0%,52,,,,,,MSDL,2025-05-08
MHE Intermediate Holdings LLC,co_8638a084c929,First Lien,Media & Entertainment,10.44%,,SOFR,6%,,,,11731,11621,11668,0.64%,11621,,,,,,MSDL,2025-05-08
MHE Intermediate Holdings LLC,co_8638a084c929,First Lien,Media & Entertainment,10.44%,,SOFR,6%,,,,3627,3593,3604,0.2%,3593,,,,,,MSDL,2025-05-08
MHE Intermediate Holdings LLC,co_8638a084c929,First Lien,Media & Entertainment,10.44%,,SOFR,6%,,,,1000,981,984,0.05%,981,,,,,,MSDL,2025-05-08
AWP Group Holdings Inc.,co_a6728579700c,First Lien,,9.08%,,SOFR,4.75%,,,,7405,7194,7405,0.41%,7194,,,,,,MSDL,2025-05-08
AWP Group Holdings Inc.,co_a6728579700c,First Lien,,9.08%,,SOFR,4.75%,,,,1545,1522,1545,0.08%,1522,,,,,,MSDL,2025-05-08
AWP Group Holdings Inc.,co_a6728579700c,First Lien,,9.08%,,SOFR,4.75%,,,,158,145,158,0.01%,145,,,,,,MSDL,2025-05-08
Vessco Midco Holdings LLC,co_b1f16d5b1acb,First Lien,,9.05%,,SOFR,4.75%,,,,11199,11095,11199,0.62%,11095,,,,,,MSDL,2025-05-08
Vessco Midco Holdings LLC,co_b1f16d5b1acb,First Lien,,9.05%,,SOFR,4.75%,,,,983,962,983,0.05%,962,,,,,,MSDL,2025-05-08
Vessco Midco Holdings LLC,co_b1f16d5b1acb,First Lien,,9.05%,,SOFR,4.75%,,,,0,-11,0,0%,-11,,,,,,MSDL,2025-05-08
Caerus US 1 Inc.,co_a348a4088000,First Lien,,9.3%,,SOFR,5%,,,,10899,10745,10593,0.58%,10745,,,,,,MSDL,2025-05-08
Caerus US 1 Inc.,co_a348a4088000,First Lien,,9.3%,,SOFR,5%,,,,1595,1571,1550,0.09%,1571,,,,,,MSDL,2025-05-08
Caerus US 1 Inc.,co_a348a4088000,First Lien,,9.3%,,SOFR,5%,,,,29,15,-3,0%,15,,,,,,MSDL,2025-05-08
Abacus Data Holdings Inc.,co_bfbee81a1259,First Lien,,10.54%,,SOFR,6.25%,,,,3256,3227,3256,0.18%,3227,,,,,,MSDL,2025-05-08
Abacus Data Holdings Inc.,co_bfbee81a1259,First Lien,,10.54%,,SOFR,6.25%,,,,0,-11,0,0%,-11,,,,,,MSDL,2025-05-08
Accordion Partners LLC,co_f222748152e9,First Lien,,9.55%,,SOFR,5.25%,,,,27391,27128,27269,1.5%,27128,,,,,,MSDL,2025-05-08
Accordion Partners LLC,co_f222748152e9,First Lien,,9.55%,,SOFR,5.25%,,,,730,709,710,0.04%,709,,,,,,MSDL,2025-05-08
Accordion Partners LLC,co_f222748152e9,First Lien,,9.55%,,SOFR,5.25%,,,,0,-29,-14,0%,-29,,,,,,MSDL,2025-05-08
Ascend Partner Services LLC,co_874ae8d6b778,First Lien,Business Services,8.75%,,SOFR,4.5%,,,,4887,4841,4887,0.27%,4841,,,,,,MSDL,2025-05-08
Ascend Partner Services LLC,co_874ae8d6b778,First Lien,Business Services,8.75%,,SOFR,4.5%,,,,2374,2324,2374,0.13%,2324,,,,,,MSDL,2025-05-08
Ascend Partner Services LLC,co_874ae8d6b778,First Lien,Business Services,8.75%,,SOFR,4.5%,,,,539,523,539,0.03%,523,,,,,,MSDL,2025-05-08
Bridgepointe Technologies LLC,co_abe17b6adcf5,First Lien,,9.3%,,SOFR,5%,,,,17013,16650,16936,0.93%,16650,,,,,,MSDL,2025-05-08
Bridgepointe Technologies LLC,co_abe17b6adcf5,First Lien,,9.3%,,SOFR,5%,,,,15698,15319,15624,0.86%,15319,,,,,,MSDL,2025-05-08
Bullhorn Inc.,co_14daf6316e71,First Lien,,9.33%,,SOFR,5%,,,,15407,15317,15407,0.85%,15317,,,,,,MSDL,2025-05-08
Bullhorn Inc.,co_14daf6316e71,First Lien,,9.33%,,SOFR,5%,,,,1919,1909,1919,0.11%,1909,,,,,,MSDL,2025-05-08
Bullhorn Inc.,co_14daf6316e71,First Lien,,9.33%,,SOFR,5%,,,,0,-5,0,0%,-5,,,,,,MSDL,2025-05-08
Carr Riggs and Ingram Capital LLC,co_54c4f7f52fa6,First Lien,,9.07%,,SOFR,4.75%,,,,4313,4271,4269,0.23%,4271,,,,,,MSDL,2025-05-08
Carr Riggs and Ingram Capital LLC,co_54c4f7f52fa6,First Lien,,9.07%,,SOFR,4.75%,,,,356,344,334,0.02%,344,,,,,,MSDL,2025-05-08
Carr Riggs and Ingram Capital LLC,co_54c4f7f52fa6,First Lien,,9.07%,,SOFR,4.75%,,,,250,241,240,0.01%,241,,,,,,MSDL,2025-05-08
Citrin Cooperman Advisors LLC,co_5d6adfa1bd4e,First Lien,,9.3%,,SOFR,5%,,,,24196,23931,24196,1.33%,23931,,,,,,MSDL,2025-05-08
Citrin Cooperman Advisors LLC,co_5d6adfa1bd4e,First Lien,,9.3%,,SOFR,5%,,,,16317,16107,16317,0.9%,16107,,,,,,MSDL,2025-05-08
ComPsych Investment Corp.,co_6e62ef4cc201,First Lien,Financial Services,9.04%,,SOFR,4.75%,,,,13938,13874,13938,0.77%,13874,,,,,,MSDL,2025-05-08
ComPsych Investment Corp.,co_6e62ef4cc201,First Lien,Financial Services,9.04%,,SOFR,4.75%,,,,0,-9,0,0%,-9,,,,,,MSDL,2025-05-08
GPS Merger Sub LLC,co_7334d7975fcb,First Lien,,10.33%,,SOFR,6%,,,,6769,6664,6747,0.37%,6664,,,,,,MSDL,2025-05-08
GPS Merger Sub LLC,co_7334d7975fcb,First Lien,,10.33%,,SOFR,6%,,,,0,-10,-4,0%,-10,,,,,,MSDL,2025-05-08
GPS Merger Sub LLC,co_7334d7975fcb,First Lien,,10.33%,,SOFR,6%,,,,0,-15,-3,0%,-15,,,,,,MSDL,2025-05-08
IG Investment Holdings LLC,co_06c540faeacf,First Lien,Financial Services,9.29%,,SOFR,5%,,,,10761,10663,10707,0.59%,10663,,,,,,MSDL,2025-05-08
IG Investment Holdings LLC,co_06c540faeacf,First Lien,Financial Services,9.29%,,SOFR,5%,,,,0,-11,-6,0%,-11,,,,,,MSDL,2025-05-08
KENG Acquisition Inc.,co_a97a97f266f2,First Lien,,9.33%,,SOFR,5%,,,,3180,3118,3145,0.17%,3118,,,,,,MSDL,2025-05-08
KENG Acquisition Inc.,co_a97a97f266f2,First Lien,,9.33%,,SOFR,5%,,,,1511,1464,1468,0.08%,1464,,,,,,MSDL,2025-05-08
KENG Acquisition Inc.,co_a97a97f266f2,First Lien,,9.33%,,SOFR,5%,,,,0,-16,-10,0%,-16,,,,,,MSDL,2025-05-08
Project Boost Purchaser LLC,co_7353631240b9,First Lien,,9.56%,,SOFR,5.25%,,,,5596,5560,5596,0.31%,5560,,,,,,MSDL,2025-05-08
Project Boost Purchaser LLC,co_7353631240b9,First Lien,,9.56%,,SOFR,5.25%,,,,255,252,255,0.01%,252,,,,,,MSDL,2025-05-08
UHY Advisors Inc.,co_101b6284a5fe,First Lien,,9.06%,,SOFR,4.75%,,,,2208,2187,2199,0.12%,2187,,,,,,MSDL,2025-05-08
UHY Advisors Inc.,co_101b6284a5fe,First Lien,,9.06%,,SOFR,4.75%,,,,0,-10,-8,0%,-10,,,,,,MSDL,2025-05-08
UHY Advisors Inc.,co_101b6284a5fe,First Lien,,9.06%,,SOFR,4.75%,,,,130,124,128,0.01%,124,,,,,,MSDL,2025-05-08
Verdantas LLC,co_954290b551e3,First Lien,,9.58%,,SOFR,5.25%,,,,16368,16145,16358,0.9%,16145,,,,,,MSDL,2025-05-08
Verdantas LLC,co_954290b551e3,First Lien,,9.58%,,SOFR,5.25%,,,,691,662,689,0.04%,662,,,,,,MSDL,2025-05-08
Verdantas LLC,co_954290b551e3,First Lien,,9.58%,,SOFR,5.25%,,,,0,-22,-1,0%,-22,,,,,,MSDL,2025-05-08
Associations Inc.,co_137d8a36cf25,First Lien,,11.07%,,SOFR,6.5%,,,,10866,10857,10866,0.6%,10857,,,,,,MSDL,2025-05-08
Associations Inc.,co_137d8a36cf25,First Lien,,11.07%,,SOFR,6.5%,,,,210,209,210,0.01%,209,,,,,,MSDL,2025-05-08
Associations Inc.,co_137d8a36cf25,First Lien,,11.07%,,SOFR,6.5%,,,,502,501,502,0.03%,501,,,,,,MSDL,2025-05-08
Inhabitiq Inc.,co_f99e1280823e,First Lien,,8.83%,,SOFR,4.5%,,,,17913,17825,17825,0.98%,17825,,,,,,MSDL,2025-05-08
Inhabitiq Inc.,co_f99e1280823e,First Lien,,8.83%,,SOFR,4.5%,,,,0,-12,-12,0%,-12,,,,,,MSDL,2025-05-08
Inhabitiq Inc.,co_f99e1280823e,First Lien,,8.83%,,SOFR,4.5%,,,,0,-15,-15,0%,-15,,,,,,MSDL,2025-05-08
MRI Software LLC,co_2bbd5408e42d,First Lien,Software & Technology,9.05%,,SOFR,4.75%,,,,58581,58318,58237,3.2%,58318,,,,,,MSDL,2025-05-08
MRI Software LLC,co_2bbd5408e42d,First Lien,Software & Technology,9.05%,,SOFR,4.75%,,,,12,12,11,0%,12,,,,,,MSDL,2025-05-08
MRI Software LLC,co_2bbd5408e42d,First Lien,Software & Technology,9.05%,,SOFR,4.75%,,,,128,121,114,0.01%,121,,,,,,MSDL,2025-05-08
Pritchard Industries LLC,co_19efa83b102c,First Lien,,10.04%,,SOFR,5.5%,,,,24951,24707,24812,1.36%,24707,,,,,,MSDL,2025-05-08
Pritchard Industries LLC,co_19efa83b102c,First Lien,,10.04%,,SOFR,5.5%,,,,5966,5905,5932,0.33%,5905,,,,,,MSDL,2025-05-08
Zarya Intermediate LLC,co_00051ef3b32d,First Lien,Media & Entertainment,10.81%,,SOFR,6.5%,,,,35054,35054,35054,1.93%,35054,,,,,,MSDL,2025-05-08
Zarya Intermediate LLC,co_00051ef3b32d,First Lien,Media & Entertainment,10.81%,,SOFR,6.5%,,,,0,0,0,0%,0,,,,,,MSDL,2025-05-08
Alert Media Inc.,co_26c0bb6e12df,First Lien,Media & Entertainment,11.04%,5.75%,SOFR,6.75%,,,,22613,22440,22523,1.24%,22440,,,,,,MSDL,2025-05-08
Alert Media Inc.,co_26c0bb6e12df,First Lien,Media & Entertainment,11.04%,,SOFR,6.75%,,,,0,-35,-14,0%,-35,,,,,,MSDL,2025-05-08
Anaplan Inc.,co_d0807ba39dfc,First Lien,,9.3%,,SOFR,5%,,,,32957,32556,32957,1.81%,32556,,,,,,MSDL,2025-05-08
Appfire Technologies LLC,co_ec9a6e072e84,First Lien,,9.3%,,SOFR,5%,,,,20552,20491,20552,1.13%,20491,,,,,,MSDL,2025-05-08
Appfire Technologies LLC,co_ec9a6e072e84,First Lien,,9.3%,,SOFR,5%,,,,0,-21,0,0%,-21,,,,,,MSDL,2025-05-08
Appfire Technologies LLC,co_ec9a6e072e84,First Lien,,9.3%,,SOFR,5%,,,,0,-1,0,0%,-1,,,,,,MSDL,2025-05-08
Apryse Software Corp.,co_541b8bf97f12,First Lien,Software & Technology,9.29%,,SOFR,5%,,,,2567,2527,2567,0.14%,2527,,,,,,MSDL,2025-05-08
Apryse Software Corp.,co_541b8bf97f12,First Lien,Software & Technology,9.29%,,SOFR,5%,,,,39257,38941,39257,2.16%,38941,,,,,,MSDL,2025-05-08
Artifact Bidco Inc.,co_af289816f7c2,First Lien,,8.8%,,SOFR,4.5%,,,,31700,31405,31700,1.74%,31405,,,,,,MSDL,2025-05-08
Artifact Bidco Inc.,co_af289816f7c2,First Lien,,8.8%,,SOFR,4.5%,,,,0,-35,0,0%,-35,,,,,,MSDL,2025-05-08
Artifact Bidco Inc.,co_af289816f7c2,First Lien,,8.8%,,SOFR,4.5%,,,,0,-49,0,0%,-49,,,,,,MSDL,2025-05-08
AuditBoard Inc.,co_6febd8cd6e31,First Lien,,9.05%,,SOFR,4.75%,,,,22200,21996,22200,1.22%,21996,,,,,,MSDL,2025-05-08
AuditBoard Inc.,co_6febd8cd6e31,First Lien,,9.05%,,SOFR,4.75%,,,,0,-47,0,0%,-47,,,,,,MSDL,2025-05-08
AuditBoard Inc.,co_6febd8cd6e31,First Lien,,9.05%,,SOFR,4.75%,,,,0,-38,0,0%,-38,,,,,,MSDL,2025-05-08
Banyan Software Holdings LLC,co_33e59fdc4799,First Lien,Software & Technology,9.58%,,SOFR,5.25%,,,,12174,12056,12056,0.66%,12056,,,,,,MSDL,2025-05-08
Banyan Software Holdings LLC,co_33e59fdc4799,First Lien,Software & Technology,9.58%,,SOFR,5.25%,,,,2534,2490,2490,0.14%,2490,,,,,,MSDL,2025-05-08
Banyan Software Holdings LLC,co_33e59fdc4799,First Lien,Software & Technology,9.58%,,SOFR,5.25%,,,,0,-13,-13,0%,-13,,,,,,MSDL,2025-05-08
Bottomline Technologies Inc.,co_c6a01360bb37,First Lien,,10.05%,,SOFR,5.75%,,,,3647,3597,3647,0.2%,3597,,,,,,MSDL,2025-05-08
Bottomline Technologies Inc.,co_c6a01360bb37,First Lien,,10.05%,,SOFR,5.75%,,,,0,-3,0,0%,-3,,,,,,MSDL,2025-05-08
CLEO Communications Holding LLC,co_94b2efc4d7fd,First Lien,,9.93%,,SOFR,5.5%,,,,39598,39428,39598,2.18%,39428,,,,,,MSDL,2025-05-08
CLEO Communications Holding LLC,co_94b2efc4d7fd,First Lien,,9.93%,,SOFR,5.5%,,,,0,-46,0,0%,-46,,,,,,MSDL,2025-05-08
Coupa Holdings LLC,co_c2ba85da2fbc,First Lien,,9.54%,,SOFR,5.25%,,,,2247,2204,2242,0.12%,2204,,,,,,MSDL,2025-05-08
Coupa Holdings LLC,co_c2ba85da2fbc,First Lien,,9.54%,,SOFR,5.25%,,,,0,-9,-2,0%,-9,,,,,,MSDL,2025-05-08
Coupa Holdings LLC,co_c2ba85da2fbc,First Lien,,9.54%,,SOFR,5.25%,,,,0,-13,-2,0%,-13,,,,,,MSDL,2025-05-08
Cyara AcquisitionCo LLC,co_c8d3bfc344ef,First Lien,,10.55%,2.25%,SOFR,6.25%,,,,5863,5757,5863,0.32%,5757,,,,,,MSDL,2025-05-08
Cyara AcquisitionCo LLC,co_c8d3bfc344ef,First Lien,,10.55%,2.25%,SOFR,6.25%,,,,0,-6,0,0%,-6,,,,,,MSDL,2025-05-08
Diligent Corp.,co_043d566b8b97,First Lien,,9.31%,,SOFR,5%,,,,28138,27950,28053,1.54%,27950,,,,,,MSDL,2025-05-08
Diligent Corp.,co_043d566b8b97,First Lien,,9.31%,,SOFR,5%,,,,0,-26,-12,0%,-26,,,,,,MSDL,2025-05-08
Diligent Corp.,co_043d566b8b97,First Lien,,9.31%,,SOFR,5%,,,,0,-18,-8,0%,-18,,,,,,MSDL,2025-05-08
E-Discovery AcquireCo LLC,co_051b13bc64cf,First Lien,,10.02%,,SOFR,5.75%,,,,19505,19136,19478,1.07%,19136,,,,,,MSDL,2025-05-08
E-Discovery AcquireCo LLC,co_051b13bc64cf,First Lien,,10.02%,,SOFR,5.75%,,,,477,440,477,0.03%,440,,,,,,MSDL,2025-05-08
Espresso Bidco Inc.,co_0cff28f9b291,First Lien,,9.55%,,SOFR,5.25%,,,,17857,17590,17590,0.97%,17590,,,,,,MSDL,2025-05-08
Espresso Bidco Inc.,co_0cff28f9b291,First Lien,,9.55%,,SOFR,5.25%,,,,0,-37,-37,0%,-37,,,,,,MSDL,2025-05-08
Espresso Bidco Inc.,co_0cff28f9b291,First Lien,,9.55%,,SOFR,5.25%,,,,0,-33,-33,0%,-33,,,,,,MSDL,2025-05-08
Everbridge Holdings LLC,co_d5121f2280dc,First Lien,,9.31%,,SOFR,5%,,,,32050,31902,32050,1.76%,31902,,,,,,MSDL,2025-05-08
Everbridge Holdings LLC,co_d5121f2280dc,First Lien,,9.31%,,SOFR,5%,,,,4363,4328,4363,0.24%,4328,,,,,,MSDL,2025-05-08
Everbridge Holdings LLC,co_d5121f2280dc,First Lien,,9.31%,,SOFR,5%,,,,0,-20,0,0%,-20,,,,,,MSDL,2025-05-08
Formstack Acquisition Co,co_7efadcf8a818,First Lien,,9.55%,,SOFR,5.25%,,,,10876,10734,10668,0.59%,10734,,,,,,MSDL,2025-05-08
Formstack Acquisition Co,co_7efadcf8a818,First Lien,,9.55%,,SOFR,5.25%,,,,1082,1048,999,0.05%,1048,,,,,,MSDL,2025-05-08
Formstack Acquisition Co,co_7efadcf8a818,First Lien,,9.55%,,SOFR,5.25%,,,,350,323,308,0.02%,323,,,,,,MSDL,2025-05-08
Fullsteam Operations LLC,co_e7812d309db0,First Lien,,12.71%,,SOFR,8.25%,,,,10860,10587,10860,0.6%,10587,,,,,,MSDL,2025-05-08
Fullsteam Operations LLC,co_e7812d309db0,First Lien,,12.71%,,SOFR,8.25%,,,,8099,7900,8099,0.45%,7900,,,,,,MSDL,2025-05-08
Fullsteam Operations LLC,co_e7812d309db0,First Lien,,12.71%,,SOFR,8.25%,,,,0,-14,0,0%,-14,,,,,,MSDL,2025-05-08
Granicus Inc.,co_3dd58a0830d5,First Lien,,10.04%,2.25%,SOFR,5.75%,,,,12916,12808,12916,0.71%,12808,,,,,,MSDL,2025-05-08
Granicus Inc.,co_3dd58a0830d5,First Lien,,10.04%,2.25%,SOFR,5.75%,,,,6994,6930,6994,0.38%,6930,,,,,,MSDL,2025-05-08
Granicus Inc.,co_3dd58a0830d5,First Lien,,10.04%,2.25%,SOFR,5.75%,,,,0,-15,0,0%,-15,,,,,,MSDL,2025-05-08
GS AcquisitionCo Inc.,co_da1da76723d6,First Lien,,9.55%,,SOFR,5.25%,,,,59890,59582,59890,3.29%,59582,,,,,,MSDL,2025-05-08
GS AcquisitionCo Inc.,co_da1da76723d6,First Lien,,9.55%,,SOFR,5.25%,,,,15,14,15,0%,14,,,,,,MSDL,2025-05-08
GS AcquisitionCo Inc.,co_da1da76723d6,First Lien,,9.55%,,SOFR,5.25%,,,,0,-12,0,0%,-12,,,,,,MSDL,2025-05-08
Hootsuite Inc.,co_3c7c055590e7,First Lien,,9.8%,,SOFR,5.5%,,,,22331,22033,22275,1.23%,22033,,,,,,MSDL,2025-05-08
Hootsuite Inc.,co_3c7c055590e7,First Lien,,9.8%,,SOFR,5.5%,,,,0,-32,-6,0%,-32,,,,,,MSDL,2025-05-08
Icefall Parent Inc.,co_1c11431c6470,First Lien,,10.79%,,SOFR,6.5%,,,,5323,5232,5293,0.29%,5232,,,,,,MSDL,2025-05-08
Icefall Parent Inc.,co_1c11431c6470,First Lien,,10.79%,,SOFR,6.5%,,,,0,-8,-3,0%,-8,,,,,,MSDL,2025-05-08
LegitScript LLC,co_290d33611683,First Lien,,10.08%,,SOFR,5.75%,,,,26233,25876,26233,1.44%,25876,,,,,,MSDL,2025-05-08
LegitScript LLC,co_290d33611683,First Lien,,10.08%,,SOFR,5.75%,,,,694,684,694,0.04%,684,,,,,,MSDL,2025-05-08
LegitScript LLC,co_290d33611683,First Lien,,10.08%,,SOFR,5.75%,,,,1333,1289,1333,0.07%,1289,,,,,,MSDL,2025-05-08
LogRhythm Inc.,co_e94a014c9f0d,First Lien,,11.81%,,SOFR,7.5%,,,,9091,8849,8886,0.49%,8849,,,,,,MSDL,2025-05-08
LogRhythm Inc.,co_e94a014c9f0d,First Lien,,11.81%,,SOFR,7.5%,,,,0,-23,-20,0%,-23,,,,,,MSDL,2025-05-08
Montana Buyer Inc.,co_5c907f845022,First Lien,,9.33%,,SOFR,5%,,,,8489,8434,8489,0.47%,8434,,,,,,MSDL,2025-05-08
Montana Buyer Inc.,co_5c907f845022,First Lien,,11.5%,,SOFR,4%,,,,168,163,168,0.01%,163,,,,,,MSDL,2025-05-08
Nasuni Corp.,co_63b64cc957e6,First Lien,,10.05%,,SOFR,5.75%,,,,14483,14281,14483,0.8%,14281,,,,,,MSDL,2025-05-08
Nasuni Corp.,co_63b64cc957e6,First Lien,,10.05%,,SOFR,5.75%,,,,0,-41,0,0%,-41,,,,,,MSDL,2025-05-08
Netwrix Corp.,co_e77d0e2c07cf,First Lien,,9.06%,,SOFR,4.75%,,,,6884,6838,6841,0.38%,6838,,,,,,MSDL,2025-05-08
Netwrix Corp.,co_e77d0e2c07cf,First Lien,,9.06%,,SOFR,4.75%,,,,0,-3,-3,0%,-3,,,,,,MSDL,2025-05-08
Oak Purchaser Inc.,co_dea8727c2769,First Lien,,9.72%,,SOFR,5.5%,,,,3336,3310,3336,0.18%,3310,,,,,,MSDL,2025-05-08
Oak Purchaser Inc.,co_dea8727c2769,First Lien,,9.72%,,SOFR,5.5%,,,,1993,1981,1993,0.11%,1981,,,,,,MSDL,2025-05-08
Oak Purchaser Inc.,co_dea8727c2769,First Lien,,9.72%,,SOFR,5.5%,,,,0,-2,0,0%,-2,,,,,,MSDL,2025-05-08
Onit Inc.,co_969cfd142b37,First Lien,,9.8%,,SOFR,4.75%,,,,15741,15586,15586,0.86%,15586,,,,,,MSDL,2025-05-08
Onit Inc.,co_969cfd142b37,First Lien,,9.8%,,SOFR,4.75%,,,,0,-34,-34,0%,-34,,,,,,MSDL,2025-05-08
Onit Inc.,co_969cfd142b37,First Lien,,9.8%,,SOFR,4.75%,,,,0,-23,-23,0%,-23,,,,,,MSDL,2025-05-08
Optimizely North America Inc.,co_b49d39f510e4,First Lien,,9.33%,,SOFR,5%,,,,8394,8314,8363,0.46%,8314,,,,,,MSDL,2025-05-08
Optimizely North America Inc.,co_b49d39f510e4,First Lien,,7.61%,,SOFR,5.25%,,,,3090,3325,3325,0.18%,3325,,,,,,MSDL,2025-05-08
Optimizely North America Inc.,co_b49d39f510e4,First Lien,,9.96%,,SOFR,5.5%,,,,1030,1327,1324,0.07%,1327,,,,,,MSDL,2025-05-08
Optimizely North America Inc.,co_b49d39f510e4,First Lien,,9.33%,,SOFR,5%,,,,0,-12,-5,0%,-12,,,,,,MSDL,2025-05-08
Pound Bidco Inc.,co_9b32275adad9,First Lien,,10.83%,,SOFR,6%,,,,22181,22027,22086,1.21%,22027,,,,,,MSDL,2025-05-08
Pound Bidco Inc.,co_9b32275adad9,First Lien,,10.83%,,SOFR,6%,,,,727,727,717,0.04%,727,,,,,,MSDL,2025-05-08
Pound Bidco Inc.,co_9b32275adad9,First Lien,,10.83%,,SOFR,6%,,,,0,-7,-5,0%,-7,,,,,,MSDL,2025-05-08
Project Leopard Holdings Inc.,co_ab62d73e75f9,First Lien,,9.64%,,SOFR,5.25%,,,,6139,5839,5298,0.29%,5839,,,,,,MSDL,2025-05-08
Revalize Inc.,co_7f5a52b783f9,First Lien,,10.19%,,SOFR,5.75%,,,,19206,19162,18182,1%,19162,,,,,,MSDL,2025-05-08
Revalize Inc.,co_7f5a52b783f9,First Lien,,10.19%,,SOFR,5.75%,,,,42,42,39,0%,42,,,,,,MSDL,2025-05-08
Riskonnect Parent LLC,co_61f868aa61e6,First Lien,,9.04%,,SOFR,4.75%,,,,5665,5577,5616,0.31%,5577,,,,,,MSDL,2025-05-08
Riskonnect Parent LLC,co_61f868aa61e6,First Lien,,9.04%,,SOFR,4.75%,,,,4176,4097,4128,0.23%,4097,,,,,,MSDL,2025-05-08
Riskonnect Parent LLC,co_61f868aa61e6,First Lien,,9.04%,,SOFR,4.75%,,,,0,-14,-8,0%,-14,,,,,,MSDL,2025-05-08
Runway Bidco LLC,co_3762a6deab90,First Lien,,9.3%,,SOFR,5%,,,,10928,10822,10887,0.6%,10822,,,,,,MSDL,2025-05-08
Runway Bidco LLC,co_3762a6deab90,First Lien,,9.3%,,SOFR,5%,,,,0,-13,-10,0%,-13,,,,,,MSDL,2025-05-08
Runway Bidco LLC,co_3762a6deab90,First Lien,,9.3%,,SOFR,5%,,,,0,-13,-5,0%,-13,,,,,,MSDL,2025-05-08
Saturn Borrower Inc.,co_2fa9efcecbc8,First Lien,,10.3%,,SOFR,6%,,,,11458,11293,11293,0.62%,11293,,,,,,MSDL,2025-05-08
Saturn Borrower Inc.,co_2fa9efcecbc8,First Lien,,10.3%,,SOFR,6%,,,,0,-30,-30,0%,-30,,,,,,MSDL,2025-05-08
Saturn Borrower Inc.,co_2fa9efcecbc8,First Lien,,10.3%,,SOFR,6%,,,,0,-27,-27,0%,-27,,,,,,MSDL,2025-05-08
Securonix Inc.,co_4e613096ec99,First Lien,,11.29%,3.75%,SOFR,7%,,,,21211,20998,18600,1.02%,20998,,,,,,MSDL,2025-05-08
Securonix Inc.,co_4e613096ec99,First Lien,,11.29%,3.75%,SOFR,7%,,,,85,52,-380,-0.02%,52,,,,,,MSDL,2025-05-08
Trunk Acquisition Inc.,co_a567acdc73a8,First Lien,,10.45%,,SOFR,6%,,,,9586,9540,9586,0.53%,9540,,,,,,MSDL,2025-05-08
Trunk Acquisition Inc.,co_a567acdc73a8,First Lien,,10.45%,,SOFR,6%,,,,214,211,214,0.01%,211,,,,,,MSDL,2025-05-08
Trunk Acquisition Inc.,co_a567acdc73a8,First Lien,,10.45%,,SOFR,6%,,,,0,-2,0,0%,-2,,,,,,MSDL,2025-05-08
User Zoom Technologies Inc.,co_a8c9119b240e,First Lien,,11.3%,,SOFR,7%,,,,38689,38170,38591,2.12%,38170,,,,,,MSDL,2025-05-08
Mobile Communications America Inc.,co_d6513cbac095,First Lien,,9.53%,,SOFR,5.25%,,,,5880,5809,5880,0.32%,5809,,,,,,MSDL,2025-05-08
Mobile Communications America Inc.,co_d6513cbac095,First Lien,,9.53%,,SOFR,5.25%,,,,551,535,551,0.03%,535,,,,,,MSDL,2025-05-08
Mobile Communications America Inc.,co_d6513cbac095,First Lien,,9.53%,,SOFR,5.25%,,,,0,-11,0,0%,-11,,,,,,MSDL,2025-05-08
Total Debt Investments - non-controlled/non-affiliated,co_be827084ba83,Other,,,,,,,,,,3768481,,2.05%,3768481,,,,,,MSDL,2025-05-08
KWOR Acquisition Inc.,co_88623ee418ff,Second Lien,,10.56%,5.25%,SOFR,6.25%,,,,3063,3063,3063,0.17%,3063,,,,,,MSDL,2025-05-08
KWOR Acquisition Inc.,co_88623ee418ff,First Lien,,12.31%,,SOFR,8%,,,,1021,1021,1021,0.06%,1021,,,,,,MSDL,2025-05-08
KWOR Acquisition Inc.,co_88623ee418ff,First Lien,,10.56%,5.25%,SOFR,6.25%,,,,17,0,17,0%,0,,,,,,MSDL,2025-05-08
KWOR Acquisition Inc.,co_88623ee418ff,First Lien,,10.56%,5.25%,SOFR,6.25%,,,,25,1,25,0%,1,,,,,,MSDL,2025-05-08
Total Debt Investments - non-controlled/affiliated,co_be827084ba83,Other,,,,,,,,,,4085,4126,0.23%,4085,,,,,,MSDL,2025-05-08
PCX Holding Corp.,co_ef3656896e7a,Common Equity,,,,,,,,,,654,314,0.02%,654,,,,6538,,MSDL,2025-05-08
Shelby Co-invest LP,co_1e6f40a84fb0,Common Equity,,,,,,,,,,850,1489,0.08%,850,,,,8500,,MSDL,2025-05-08
Firebird Acquisition Corp.,co_b2f4bf5d5495,Common Equity,Financial Services,,,,,,,,,228,228,0.01%,228,,,,240000,,MSDL,2025-05-08
Procure Acquiom Financial LLC,co_e4992e69229c,Common Equity,Financial Services,,,,,,,,,1000,1625,0.09%,1000,,,,1000000,,MSDL,2025-05-08
Surewerx Topco LP,co_bcdfd26dba3e,Common Equity,,,,,,,,,,512,643,0.04%,512,,,,512,,MSDL,2025-05-08
BP Purchaser LLC,co_8150b35b92d0,Common Equity,,,,,,,,,,1379,20,0%,1379,,,,1383156,fair_value_suspicious_vs_size,MSDL,2025-05-08
BP Purchaser LLC,co_8150b35b92d0,Common Equity,,,,,,,,,,75,0,0%,75,,,,1666989,,MSDL,2025-05-08
FORTIS Solutions Group LLC,co_b6fefea7ff47,Preferred Equity,,,,SOFR,12.25%,,,,,1378,972,0.05%,1378,,,,1000000,,MSDL,2025-05-08
48Forty Solutions LLC,co_b865ac32662f,Common Equity,,,,,,,,,,0,0,0%,0,,,,2748,,MSDL,2025-05-08
Eclipse Topco Inc.,co_0db3adf32c04,Preferred Equity,,,12.5%,,,,,,,1180,1193,0.07%,1180,,,,120,,MSDL,2025-05-08
LUV Car Wash,co_c6e889633147,Common Equity,Automotive,,,,,,,,,123,87,0%,123,,,,123,,MSDL,2025-05-08
Sparkstone Electrical Group,co_abdbcc2dcd5e,Common Equity,Industrials,,,,,,,,,150,150,0.01%,150,,,,1500,,MSDL,2025-05-08
Pet Holdings Inc.,co_a4dbbb0637dd,Common Equity,Consumer & Retail,,,,,,,,,2013,386,0.02%,2013,,,,17543,,MSDL,2025-05-08
mPulse Mobile Inc.,co_972bec5eeda6,Common Equity,,,,,,,,,,1220,1979,0.11%,1220,,,,165761,,MSDL,2025-05-08
SDB Holdco LLC,co_d899421faf4a,Common Equity,,,,,,,,,,0,0,0%,0,,,,5460555,,MSDL,2025-05-08
Suveto Buyer LLC,co_ce5072e17d0c,Common Equity,,,,,,,,,,1926,1788,0.1%,1926,,,,19257,,MSDL,2025-05-08
Vardiman Black Holdings LLC,co_7e0e5a304ccf,Preferred Equity,,,6%,,,,,,,1809,589,0.03%,1809,,,,2649446,,MSDL,2025-05-08
Amerilife Holdings LLC,co_79b70b5ba514,Common Equity,,,,,,,,,,25,59,0%,25,,,,908,,MSDL,2025-05-08
Frisbee Holdings LP,co_ad177e562804,Common Equity,,,,,,,,,,277,502,0.03%,277,,,,21744,,MSDL,2025-05-08
Integrity Marketing Acquisition LLC,co_c54435bdb6e3,Preferred Equity,Business Services,,,SOFR,10.5%,,,,,4519,4517,0.25%,4519,,,,3250000,,MSDL,2025-05-08
Help HP SCF Investor LP,co_8c4a025c8b91,Common Equity,,,,,,,,,,12461,17193,0.95%,12461,,,,9619564,,MSDL,2025-05-08
Recovery Point Systems Inc.,co_38208589e59d,Common Equity,,,,,,,,,,1000,490,0.03%,1000,,,,1000000,,MSDL,2025-05-08
Abacus Data Holdings Inc.,co_bfbee81a1259,Common Equity,,,,,,,,,,2944,1472,0.08%,2944,,,,29441,,MSDL,2025-05-08
Verdantas LLC,co_954290b551e3,Common Equity,,,,,,,,,,5,5,0%,5,,,,4780,,MSDL,2025-05-08
Verdantas LLC,co_954290b551e3,Preferred Equity,,,,SOFR,10%,,,,,505,530,0.03%,505,,,,473220,,MSDL,2025-05-08
Pritchard Industries LLC,co_19efa83b102c,Common Equity,,,,,,,,,,1938,2203,0.12%,1938,,,,1882739,,MSDL,2025-05-08
Diligent Corp.,co_043d566b8b97,Preferred Equity,,,,SOFR,10.5%,,,,,7417,7530,0.41%,7417,,,,5000,,MSDL,2025-05-08
Fullsteam Operations LLC,co_e7812d309db0,Common Equity,,,,,,,,,,100,241,0.01%,100,,,,2966,,MSDL,2025-05-08
Knockout Intermediate Holdings I Inc.,co_2713bff35b82,Preferred Equity,Media & Entertainment,,,SOFR,11.75%,,,,,2311,2466,0.14%,2311,,,,1758,,MSDL,2025-05-08
Revalize Inc.,co_7f5a52b783f9,Preferred Equity,,,,SOFR,10%,,,,,3196,3228,0.18%,3196,,,,2255,,MSDL,2025-05-08
Reveal Data Solutions,co_017299943a8b,Common Equity,,,,,,,,,,621,750,0.04%,621,,,,477846,,MSDL,2025-05-08
RSK Holdings Inc.,co_211c38a87f3b,Preferred Equity,,,,SOFR,10.5%,,,,,1423,1490,0.08%,1423,,,,1012200,,MSDL,2025-05-08
KWOR Intermediate I Inc.,co_e900639b5e07,Common Equity,Media & Entertainment,,,,,,,,,245,245,0.01%,245,,,,637,,MSDL,2025-05-08
KWOR Intermediate I Inc.,co_e900639b5e07,Preferred Equity,Media & Entertainment,,8%,,,,,,,681,681,0.04%,681,,,,680778,,MSDL,2025-05-08
J.P. Morgan US Government Money Market Fund,co_ff8f5d8dae7f,Preferred Equity,Business Services,,,,,,,,,8861,8861,0.49%,8861,,,,,,MSDL,2025-05-08
Cash,co_ab0fcec08e18,Preferred Equity,,,,,,,,,,60539,60539,3.33%,60539,,,,,,MSDL,2025-05-08
One,co_7692c3ad3540,Other,,,,,,1%,,,,,,,,,,,,,MSDL,2025-05-08
Two,co_3fc4ccfe7458,Other,,,,,,0.75%,,,,,,,,,,,,,MSDL,2025-05-08
Three,co_8b5b9db0c13d,Other,,,,,,0.5%,,,,,,,,,,,,,MSDL,2025-05-08
Magnolia Wash Holdings,co_c3634ceaa298,Other,,,,,,,,,,,-7,,,71,,,,,MSDL,2025-05-08
